pair	key	donor	SpD	Dx	context_a	context_b	n_a	n_b	shared	fraction_a	fraction_b
neuropil|vasc	Br1092|spd02	Br1092	spd02	NTC	neuropil	vasc	349	162	37	0.106017191977077	0.228395061728395
neuropil|vasc	Br1092|spd03	Br1092	spd03	NTC	neuropil	vasc	228	114	13	0.0570175438596491	0.114035087719298
neuropil|vasc	Br1092|spd05	Br1092	spd05	NTC	neuropil	vasc	151	76	11	0.0728476821192053	0.144736842105263
neuropil|vasc	Br1092|spd06	Br1092	spd06	NTC	neuropil	vasc	162	89	25	0.154320987654321	0.280898876404494
neuropil|vasc	Br1092|spd07	Br1092	spd07	NTC	neuropil	vasc	198	46	18	0.0909090909090909	0.391304347826087
neuropil|vasc	Br1113|spd02	Br1113	spd02	NTC	neuropil	vasc	722	112	26	0.03601108033241	0.232142857142857
neuropil|vasc	Br1113|spd03	Br1113	spd03	NTC	neuropil	vasc	198	44	3	0.0151515151515152	0.0681818181818182
neuropil|vasc	Br1113|spd05	Br1113	spd05	NTC	neuropil	vasc	182	46	4	0.021978021978022	0.0869565217391304
neuropil|vasc	Br1113|spd06	Br1113	spd06	NTC	neuropil	vasc	291	36	12	0.0412371134020619	0.333333333333333
neuropil|vasc	Br1113|spd07	Br1113	spd07	NTC	neuropil	vasc	226	49	14	0.0619469026548673	0.285714285714286
neuropil|vasc	Br1139|spd02	Br1139	spd02	SCZ	neuropil	vasc	1193	130	42	0.0352053646269908	0.323076923076923
neuropil|vasc	Br1139|spd03	Br1139	spd03	SCZ	neuropil	vasc	482	77	30	0.0622406639004149	0.38961038961039
neuropil|vasc	Br1139|spd05	Br1139	spd05	SCZ	neuropil	vasc	314	47	9	0.0286624203821656	0.191489361702128
neuropil|vasc	Br1139|spd06	Br1139	spd06	SCZ	neuropil	vasc	373	28	16	0.0428954423592493	0.571428571428571
neuropil|vasc	Br1139|spd07	Br1139	spd07	SCZ	neuropil	vasc	292	55	20	0.0684931506849315	0.363636363636364
neuropil|vasc	Br1204|spd02	Br1204	spd02	NTC	neuropil	vasc	458	150	29	0.0633187772925764	0.193333333333333
neuropil|vasc	Br1204|spd03	Br1204	spd03	NTC	neuropil	vasc	384	95	23	0.0598958333333333	0.242105263157895
neuropil|vasc	Br1204|spd05	Br1204	spd05	NTC	neuropil	vasc	170	81	6	0.0352941176470588	0.0740740740740741
neuropil|vasc	Br1204|spd06	Br1204	spd06	NTC	neuropil	vasc	216	47	9	0.0416666666666667	0.191489361702128
neuropil|vasc	Br1204|spd07	Br1204	spd07	NTC	neuropil	vasc	233	31	9	0.0386266094420601	0.290322580645161
neuropil|vasc	Br1214|spd02	Br1214	spd02	NTC	neuropil	vasc	526	33	7	0.0133079847908745	0.212121212121212
neuropil|vasc	Br1214|spd03	Br1214	spd03	NTC	neuropil	vasc	440	39	12	0.0272727272727273	0.307692307692308
neuropil|vasc	Br1214|spd05	Br1214	spd05	NTC	neuropil	vasc	233	20	5	0.0214592274678112	0.25
neuropil|vasc	Br1214|spd06	Br1214	spd06	NTC	neuropil	vasc	143	8	1	0.00699300699300699	0.125
neuropil|vasc	Br1214|spd07	Br1214	spd07	NTC	neuropil	vasc	92	15	2	0.0217391304347826	0.133333333333333
neuropil|vasc	Br1526|spd02	Br1526	spd02	SCZ	neuropil	vasc	496	1	0	0	0
neuropil|vasc	Br1526|spd03	Br1526	spd03	SCZ	neuropil	vasc	216	0	0	0	NA
neuropil|vasc	Br1526|spd05	Br1526	spd05	SCZ	neuropil	vasc	99	0	0	0	NA
neuropil|vasc	Br1526|spd06	Br1526	spd06	SCZ	neuropil	vasc	232	0	0	0	NA
neuropil|vasc	Br1526|spd07	Br1526	spd07	SCZ	neuropil	vasc	183	7	0	0	0
neuropil|vasc	Br1578|spd02	Br1578	spd02	SCZ	neuropil	vasc	1262	89	24	0.0190174326465927	0.269662921348315
neuropil|vasc	Br1578|spd03	Br1578	spd03	SCZ	neuropil	vasc	160	13	2	0.0125	0.153846153846154
neuropil|vasc	Br1578|spd05	Br1578	spd05	SCZ	neuropil	vasc	212	10	1	0.00471698113207547	0.1
neuropil|vasc	Br1578|spd06	Br1578	spd06	SCZ	neuropil	vasc	339	19	6	0.0176991150442478	0.315789473684211
neuropil|vasc	Br1578|spd07	Br1578	spd07	SCZ	neuropil	vasc	494	99	18	0.0364372469635628	0.181818181818182
neuropil|vasc	Br1682|spd02	Br1682	spd02	SCZ	neuropil	vasc	597	125	47	0.0787269681742044	0.376
neuropil|vasc	Br1682|spd03	Br1682	spd03	SCZ	neuropil	vasc	344	71	11	0.0319767441860465	0.154929577464789
neuropil|vasc	Br1682|spd05	Br1682	spd05	SCZ	neuropil	vasc	176	51	12	0.0681818181818182	0.235294117647059
neuropil|vasc	Br1682|spd06	Br1682	spd06	SCZ	neuropil	vasc	282	22	6	0.0212765957446809	0.272727272727273
neuropil|vasc	Br1682|spd07	Br1682	spd07	SCZ	neuropil	vasc	105	13	2	0.0190476190476191	0.153846153846154
neuropil|vasc	Br1753|spd02	Br1753	spd02	NTC	neuropil	vasc	991	21	6	0.00605449041372351	0.285714285714286
neuropil|vasc	Br1753|spd03	Br1753	spd03	NTC	neuropil	vasc	352	6	1	0.00284090909090909	0.166666666666667
neuropil|vasc	Br1753|spd05	Br1753	spd05	NTC	neuropil	vasc	268	3	0	0	0
neuropil|vasc	Br1753|spd06	Br1753	spd06	NTC	neuropil	vasc	326	9	2	0.00613496932515337	0.222222222222222
neuropil|vasc	Br1753|spd07	Br1753	spd07	NTC	neuropil	vasc	602	58	12	0.0199335548172757	0.206896551724138
neuropil|vasc	Br1923|spd02	Br1923	spd02	SCZ	neuropil	vasc	1319	246	67	0.0507960576194086	0.272357723577236
neuropil|vasc	Br1923|spd03	Br1923	spd03	SCZ	neuropil	vasc	128	37	7	0.0546875	0.189189189189189
neuropil|vasc	Br1923|spd05	Br1923	spd05	SCZ	neuropil	vasc	50	16	3	0.06	0.1875
neuropil|vasc	Br1923|spd06	Br1923	spd06	SCZ	neuropil	vasc	186	27	4	0.021505376344086	0.148148148148148
neuropil|vasc	Br1923|spd07	Br1923	spd07	SCZ	neuropil	vasc	125	12	3	0.024	0.25
neuropil|vasc	Br1958|spd02	Br1958	spd02	SCZ	neuropil	vasc	398	0	0	0	NA
neuropil|vasc	Br1958|spd03	Br1958	spd03	SCZ	neuropil	vasc	375	4	2	0.00533333333333333	0.5
neuropil|vasc	Br1958|spd05	Br1958	spd05	SCZ	neuropil	vasc	210	0	0	0	NA
neuropil|vasc	Br1958|spd06	Br1958	spd06	SCZ	neuropil	vasc	195	0	0	0	NA
neuropil|vasc	Br1958|spd07	Br1958	spd07	SCZ	neuropil	vasc	180	9	0	0	0
neuropil|vasc	Br2039|spd02	Br2039	spd02	SCZ	neuropil	vasc	493	1	0	0	0
neuropil|vasc	Br2039|spd03	Br2039	spd03	SCZ	neuropil	vasc	351	0	0	0	NA
neuropil|vasc	Br2039|spd05	Br2039	spd05	SCZ	neuropil	vasc	205	0	0	0	NA
neuropil|vasc	Br2039|spd06	Br2039	spd06	SCZ	neuropil	vasc	179	0	0	0	NA
neuropil|vasc	Br2039|spd07	Br2039	spd07	SCZ	neuropil	vasc	192	43	2	0.0104166666666667	0.0465116279069768
neuropil|vasc	Br2242|spd02	Br2242	spd02	SCZ	neuropil	vasc	712	94	26	0.0365168539325843	0.276595744680851
neuropil|vasc	Br2242|spd03	Br2242	spd03	SCZ	neuropil	vasc	303	52	12	0.0396039603960396	0.230769230769231
neuropil|vasc	Br2242|spd05	Br2242	spd05	SCZ	neuropil	vasc	232	45	9	0.0387931034482759	0.2
neuropil|vasc	Br2242|spd06	Br2242	spd06	SCZ	neuropil	vasc	386	32	9	0.0233160621761658	0.28125
neuropil|vasc	Br2242|spd07	Br2242	spd07	SCZ	neuropil	vasc	711	110	35	0.0492264416315049	0.318181818181818
neuropil|vasc	Br2378|spd02	Br2378	spd02	SCZ	neuropil	vasc	559	7	0	0	0
neuropil|vasc	Br2378|spd03	Br2378	spd03	SCZ	neuropil	vasc	778	18	1	0.0012853470437018	0.0555555555555556
neuropil|vasc	Br2378|spd05	Br2378	spd05	SCZ	neuropil	vasc	378	5	2	0.00529100529100529	0.4
neuropil|vasc	Br2378|spd06	Br2378	spd06	SCZ	neuropil	vasc	221	2	0	0	0
neuropil|vasc	Br2378|spd07	Br2378	spd07	SCZ	neuropil	vasc	279	36	7	0.025089605734767	0.194444444444444
neuropil|vasc	Br2421|spd02	Br2421	spd02	SCZ	neuropil	vasc	861	98	28	0.032520325203252	0.285714285714286
neuropil|vasc	Br2421|spd03	Br2421	spd03	SCZ	neuropil	vasc	350	98	19	0.0542857142857143	0.193877551020408
neuropil|vasc	Br2421|spd05	Br2421	spd05	SCZ	neuropil	vasc	245	49	8	0.0326530612244898	0.163265306122449
neuropil|vasc	Br2421|spd06	Br2421	spd06	SCZ	neuropil	vasc	370	43	22	0.0594594594594595	0.511627906976744
neuropil|vasc	Br2421|spd07	Br2421	spd07	SCZ	neuropil	vasc	626	92	28	0.0447284345047923	0.304347826086957
neuropil|vasc	Br2470|spd02	Br2470	spd02	SCZ	neuropil	vasc	811	210	57	0.0702836004932182	0.271428571428571
neuropil|vasc	Br2470|spd03	Br2470	spd03	SCZ	neuropil	vasc	335	59	8	0.0238805970149254	0.135593220338983
neuropil|vasc	Br2470|spd05	Br2470	spd05	SCZ	neuropil	vasc	170	34	7	0.0411764705882353	0.205882352941176
neuropil|vasc	Br2470|spd06	Br2470	spd06	SCZ	neuropil	vasc	80	23	7	0.0875	0.304347826086957
neuropil|vasc	Br2470|spd07	Br2470	spd07	SCZ	neuropil	vasc	229	58	16	0.0698689956331878	0.275862068965517
neuropil|vasc	Br2627|spd02	Br2627	spd02	SCZ	neuropil	vasc	796	120	46	0.0577889447236181	0.383333333333333
neuropil|vasc	Br2627|spd03	Br2627	spd03	SCZ	neuropil	vasc	349	63	22	0.0630372492836676	0.349206349206349
neuropil|vasc	Br2627|spd05	Br2627	spd05	SCZ	neuropil	vasc	128	23	6	0.046875	0.260869565217391
neuropil|vasc	Br2627|spd06	Br2627	spd06	SCZ	neuropil	vasc	314	22	11	0.035031847133758	0.5
neuropil|vasc	Br2627|spd07	Br2627	spd07	SCZ	neuropil	vasc	262	42	8	0.0305343511450382	0.19047619047619
neuropil|vasc	Br2719|spd02	Br2719	spd02	NTC	neuropil	vasc	1150	8	2	0.00173913043478261	0.25
neuropil|vasc	Br2719|spd03	Br2719	spd03	NTC	neuropil	vasc	462	4	1	0.00216450216450216	0.25
neuropil|vasc	Br2719|spd05	Br2719	spd05	NTC	neuropil	vasc	252	4	0	0	0
neuropil|vasc	Br2719|spd06	Br2719	spd06	NTC	neuropil	vasc	600	1	0	0	0
neuropil|vasc	Br2719|spd07	Br2719	spd07	NTC	neuropil	vasc	440	12	4	0.00909090909090909	0.333333333333333
neuropil|vasc	Br2720|spd02	Br2720	spd02	NTC	neuropil	vasc	485	83	15	0.0309278350515464	0.180722891566265
neuropil|vasc	Br2720|spd03	Br2720	spd03	NTC	neuropil	vasc	72	10	2	0.0277777777777778	0.2
neuropil|vasc	Br2720|spd05	Br2720	spd05	NTC	neuropil	vasc	55	16	3	0.0545454545454545	0.1875
neuropil|vasc	Br2720|spd06	Br2720	spd06	NTC	neuropil	vasc	241	23	4	0.016597510373444	0.173913043478261
neuropil|vasc	Br2720|spd07	Br2720	spd07	NTC	neuropil	vasc	305	40	13	0.0426229508196721	0.325
neuropil|vasc	Br5182|spd02	Br5182	spd02	NTC	neuropil	vasc	586	18	3	0.00511945392491468	0.166666666666667
neuropil|vasc	Br5182|spd03	Br5182	spd03	NTC	neuropil	vasc	358	6	0	0	0
neuropil|vasc	Br5182|spd05	Br5182	spd05	NTC	neuropil	vasc	228	3	0	0	0
neuropil|vasc	Br5182|spd06	Br5182	spd06	NTC	neuropil	vasc	296	7	1	0.00337837837837838	0.142857142857143
neuropil|vasc	Br5182|spd07	Br5182	spd07	NTC	neuropil	vasc	323	33	5	0.0154798761609907	0.151515151515152
neuropil|vasc	Br5224|spd02	Br5224	spd02	SCZ	neuropil	vasc	1013	227	56	0.0552813425468904	0.246696035242291
neuropil|vasc	Br5224|spd03	Br5224	spd03	SCZ	neuropil	vasc	276	68	10	0.036231884057971	0.147058823529412
neuropil|vasc	Br5224|spd05	Br5224	spd05	SCZ	neuropil	vasc	204	69	14	0.0686274509803922	0.202898550724638
neuropil|vasc	Br5224|spd06	Br5224	spd06	SCZ	neuropil	vasc	265	58	16	0.060377358490566	0.275862068965517
neuropil|vasc	Br5224|spd07	Br5224	spd07	SCZ	neuropil	vasc	401	73	19	0.0473815461346633	0.26027397260274
neuropil|vasc	Br5228|spd02	Br5228	spd02	NTC	neuropil	vasc	586	40	8	0.0136518771331058	0.2
neuropil|vasc	Br5228|spd03	Br5228	spd03	NTC	neuropil	vasc	798	96	11	0.0137844611528822	0.114583333333333
neuropil|vasc	Br5228|spd05	Br5228	spd05	NTC	neuropil	vasc	292	26	3	0.0102739726027397	0.115384615384615
neuropil|vasc	Br5228|spd06	Br5228	spd06	NTC	neuropil	vasc	234	10	2	0.00854700854700855	0.2
neuropil|vasc	Br5228|spd07	Br5228	spd07	NTC	neuropil	vasc	141	20	5	0.0354609929078014	0.25
neuropil|vasc	Br5276|spd02	Br5276	spd02	NTC	neuropil	vasc	827	215	68	0.0822249093107618	0.316279069767442
neuropil|vasc	Br5276|spd03	Br5276	spd03	NTC	neuropil	vasc	200	68	18	0.09	0.264705882352941
neuropil|vasc	Br5276|spd05	Br5276	spd05	NTC	neuropil	vasc	215	82	23	0.106976744186047	0.280487804878049
neuropil|vasc	Br5276|spd06	Br5276	spd06	NTC	neuropil	vasc	320	62	20	0.0625	0.32258064516129
neuropil|vasc	Br5276|spd07	Br5276	spd07	NTC	neuropil	vasc	581	61	31	0.0533562822719449	0.508196721311475
neuropil|vasc	Br5314|spd02	Br5314	spd02	NTC	neuropil	vasc	792	42	15	0.0189393939393939	0.357142857142857
neuropil|vasc	Br5314|spd03	Br5314	spd03	NTC	neuropil	vasc	329	37	4	0.0121580547112462	0.108108108108108
neuropil|vasc	Br5314|spd05	Br5314	spd05	NTC	neuropil	vasc	203	25	2	0.00985221674876847	0.08
neuropil|vasc	Br5314|spd06	Br5314	spd06	NTC	neuropil	vasc	287	14	4	0.0139372822299652	0.285714285714286
neuropil|vasc	Br5314|spd07	Br5314	spd07	NTC	neuropil	vasc	470	54	23	0.048936170212766	0.425925925925926
neuropil|vasc	Br5367|spd02	Br5367	spd02	NTC	neuropil	vasc	715	10	2	0.0027972027972028	0.2
neuropil|vasc	Br5367|spd03	Br5367	spd03	NTC	neuropil	vasc	135	4	1	0.00740740740740741	0.25
neuropil|vasc	Br5367|spd05	Br5367	spd05	NTC	neuropil	vasc	160	6	2	0.0125	0.333333333333333
neuropil|vasc	Br5367|spd06	Br5367	spd06	NTC	neuropil	vasc	354	1	0	0	0
neuropil|vasc	Br5367|spd07	Br5367	spd07	NTC	neuropil	vasc	398	55	3	0.00753768844221106	0.0545454545454545
neuropil|vasc	Br5373|spd02	Br5373	spd02	SCZ	neuropil	vasc	825	75	20	0.0242424242424242	0.266666666666667
neuropil|vasc	Br5373|spd03	Br5373	spd03	SCZ	neuropil	vasc	349	26	7	0.0200573065902579	0.269230769230769
neuropil|vasc	Br5373|spd05	Br5373	spd05	SCZ	neuropil	vasc	233	29	1	0.00429184549356223	0.0344827586206897
neuropil|vasc	Br5373|spd06	Br5373	spd06	SCZ	neuropil	vasc	275	33	5	0.0181818181818182	0.151515151515152
neuropil|vasc	Br5373|spd07	Br5373	spd07	SCZ	neuropil	vasc	430	69	27	0.0627906976744186	0.391304347826087
neuropil|vasc	Br5395|spd02	Br5395	spd02	NTC	neuropil	vasc	522	64	23	0.0440613026819923	0.359375
neuropil|vasc	Br5395|spd03	Br5395	spd03	NTC	neuropil	vasc	345	62	13	0.0376811594202899	0.209677419354839
neuropil|vasc	Br5395|spd05	Br5395	spd05	NTC	neuropil	vasc	229	55	9	0.0393013100436681	0.163636363636364
neuropil|vasc	Br5395|spd06	Br5395	spd06	NTC	neuropil	vasc	184	21	9	0.0489130434782609	0.428571428571429
neuropil|vasc	Br5395|spd07	Br5395	spd07	NTC	neuropil	vasc	218	35	15	0.0688073394495413	0.428571428571429
neuropil|vasc	Br5400|spd02	Br5400	spd02	NTC	neuropil	vasc	922	101	33	0.0357917570498915	0.326732673267327
neuropil|vasc	Br5400|spd03	Br5400	spd03	NTC	neuropil	vasc	309	53	9	0.029126213592233	0.169811320754717
neuropil|vasc	Br5400|spd05	Br5400	spd05	NTC	neuropil	vasc	337	53	3	0.00890207715133531	0.0566037735849057
neuropil|vasc	Br5400|spd06	Br5400	spd06	NTC	neuropil	vasc	443	49	18	0.0406320541760722	0.36734693877551
neuropil|vasc	Br5400|spd07	Br5400	spd07	NTC	neuropil	vasc	481	80	32	0.0665280665280665	0.4
neuropil|vasc	Br5436|spd02	Br5436	spd02	NTC	neuropil	vasc	1114	190	54	0.0484739676840215	0.284210526315789
neuropil|vasc	Br5436|spd03	Br5436	spd03	NTC	neuropil	vasc	166	35	7	0.0421686746987952	0.2
neuropil|vasc	Br5436|spd05	Br5436	spd05	NTC	neuropil	vasc	291	100	14	0.0481099656357388	0.14
neuropil|vasc	Br5436|spd06	Br5436	spd06	NTC	neuropil	vasc	364	45	7	0.0192307692307692	0.155555555555556
neuropil|vasc	Br5436|spd07	Br5436	spd07	NTC	neuropil	vasc	527	79	24	0.0455407969639469	0.30379746835443
neuropil|vasc	Br5472|spd02	Br5472	spd02	NTC	neuropil	vasc	419	84	20	0.0477326968973747	0.238095238095238
neuropil|vasc	Br5472|spd03	Br5472	spd03	NTC	neuropil	vasc	254	57	6	0.0236220472440945	0.105263157894737
neuropil|vasc	Br5472|spd05	Br5472	spd05	NTC	neuropil	vasc	113	45	3	0.0265486725663717	0.0666666666666667
neuropil|vasc	Br5472|spd06	Br5472	spd06	NTC	neuropil	vasc	114	30	4	0.0350877192982456	0.133333333333333
neuropil|vasc	Br5472|spd07	Br5472	spd07	NTC	neuropil	vasc	273	39	14	0.0512820512820513	0.358974358974359
neuropil|vasc	Br5573|spd02	Br5573	spd02	SCZ	neuropil	vasc	913	166	45	0.0492880613362541	0.271084337349398
neuropil|vasc	Br5573|spd03	Br5573	spd03	SCZ	neuropil	vasc	269	77	23	0.0855018587360595	0.298701298701299
neuropil|vasc	Br5573|spd05	Br5573	spd05	SCZ	neuropil	vasc	389	105	26	0.0668380462724936	0.247619047619048
neuropil|vasc	Br5573|spd06	Br5573	spd06	SCZ	neuropil	vasc	322	59	13	0.0403726708074534	0.220338983050847
neuropil|vasc	Br5573|spd07	Br5573	spd07	SCZ	neuropil	vasc	435	101	36	0.0827586206896552	0.356435643564356
neuropil|vasc	Br5588|spd02	Br5588	spd02	SCZ	neuropil	vasc	1406	159	58	0.0412517780938834	0.364779874213836
neuropil|vasc	Br5588|spd03	Br5588	spd03	SCZ	neuropil	vasc	231	33	5	0.0216450216450216	0.151515151515152
neuropil|vasc	Br5588|spd05	Br5588	spd05	SCZ	neuropil	vasc	247	33	5	0.0202429149797571	0.151515151515152
neuropil|vasc	Br5588|spd06	Br5588	spd06	SCZ	neuropil	vasc	472	45	15	0.0317796610169492	0.333333333333333
neuropil|vasc	Br5588|spd07	Br5588	spd07	SCZ	neuropil	vasc	598	101	35	0.0585284280936455	0.346534653465347
neuropil|vasc	Br5590|spd02	Br5590	spd02	SCZ	neuropil	vasc	1061	123	45	0.0424128180961357	0.365853658536585
neuropil|vasc	Br5590|spd03	Br5590	spd03	SCZ	neuropil	vasc	218	22	5	0.0229357798165138	0.227272727272727
neuropil|vasc	Br5590|spd05	Br5590	spd05	SCZ	neuropil	vasc	292	35	9	0.0308219178082192	0.257142857142857
neuropil|vasc	Br5590|spd06	Br5590	spd06	SCZ	neuropil	vasc	362	35	10	0.0276243093922652	0.285714285714286
neuropil|vasc	Br5590|spd07	Br5590	spd07	SCZ	neuropil	vasc	540	102	21	0.0388888888888889	0.205882352941176
neuropil|vasc	Br5599|spd02	Br5599	spd02	NTC	neuropil	vasc	1489	220	71	0.0476830087306917	0.322727272727273
neuropil|vasc	Br5599|spd03	Br5599	spd03	NTC	neuropil	vasc	127	24	7	0.0551181102362205	0.291666666666667
neuropil|vasc	Br5599|spd05	Br5599	spd05	NTC	neuropil	vasc	245	43	17	0.0693877551020408	0.395348837209302
neuropil|vasc	Br5599|spd06	Br5599	spd06	NTC	neuropil	vasc	418	38	14	0.0334928229665072	0.368421052631579
neuropil|vasc	Br5599|spd07	Br5599	spd07	NTC	neuropil	vasc	645	77	35	0.0542635658914729	0.454545454545455
neuropil|vasc	Br5622|spd02	Br5622	spd02	NTC	neuropil	vasc	1222	290	93	0.0761047463175123	0.320689655172414
neuropil|vasc	Br5622|spd03	Br5622	spd03	NTC	neuropil	vasc	165	25	4	0.0242424242424242	0.16
neuropil|vasc	Br5622|spd05	Br5622	spd05	NTC	neuropil	vasc	162	48	10	0.0617283950617284	0.208333333333333
neuropil|vasc	Br5622|spd06	Br5622	spd06	NTC	neuropil	vasc	436	60	17	0.0389908256880734	0.283333333333333
neuropil|vasc	Br5622|spd07	Br5622	spd07	NTC	neuropil	vasc	357	69	11	0.030812324929972	0.159420289855072
neuropil|vasc	Br5636|spd02	Br5636	spd02	SCZ	neuropil	vasc	838	149	40	0.0477326968973747	0.268456375838926
neuropil|vasc	Br5636|spd03	Br5636	spd03	SCZ	neuropil	vasc	410	41	17	0.0414634146341463	0.414634146341463
neuropil|vasc	Br5636|spd05	Br5636	spd05	SCZ	neuropil	vasc	491	109	21	0.0427698574338086	0.192660550458716
neuropil|vasc	Br5636|spd06	Br5636	spd06	SCZ	neuropil	vasc	301	27	7	0.0232558139534884	0.259259259259259
neuropil|vasc	Br5636|spd07	Br5636	spd07	SCZ	neuropil	vasc	830	75	30	0.036144578313253	0.4
neuropil|vasc	Br5639|spd02	Br5639	spd02	NTC	neuropil	vasc	668	23	3	0.00449101796407186	0.130434782608696
neuropil|vasc	Br5639|spd03	Br5639	spd03	NTC	neuropil	vasc	152	10	0	0	0
neuropil|vasc	Br5639|spd05	Br5639	spd05	NTC	neuropil	vasc	84	3	0	0	0
neuropil|vasc	Br5639|spd06	Br5639	spd06	NTC	neuropil	vasc	312	4	1	0.00320512820512821	0.25
neuropil|vasc	Br5639|spd07	Br5639	spd07	NTC	neuropil	vasc	555	69	11	0.0198198198198198	0.159420289855072
neuropil|vasc	Br5746|spd02	Br5746	spd02	SCZ	neuropil	vasc	509	72	30	0.0589390962671906	0.416666666666667
neuropil|vasc	Br5746|spd03	Br5746	spd03	SCZ	neuropil	vasc	497	51	14	0.028169014084507	0.274509803921569
neuropil|vasc	Br5746|spd05	Br5746	spd05	SCZ	neuropil	vasc	242	30	7	0.0289256198347107	0.233333333333333
neuropil|vasc	Br5746|spd06	Br5746	spd06	SCZ	neuropil	vasc	259	26	9	0.0347490347490348	0.346153846153846
neuropil|vasc	Br5746|spd07	Br5746	spd07	SCZ	neuropil	vasc	266	33	10	0.037593984962406	0.303030303030303
neuropil|vasc	Br5789|spd02	Br5789	spd02	SCZ	neuropil	vasc	885	38	11	0.0124293785310734	0.289473684210526
neuropil|vasc	Br5789|spd03	Br5789	spd03	SCZ	neuropil	vasc	104	4	2	0.0192307692307692	0.5
neuropil|vasc	Br5789|spd05	Br5789	spd05	SCZ	neuropil	vasc	189	16	2	0.0105820105820106	0.125
neuropil|vasc	Br5789|spd06	Br5789	spd06	SCZ	neuropil	vasc	390	18	4	0.0102564102564103	0.222222222222222
neuropil|vasc	Br5789|spd07	Br5789	spd07	SCZ	neuropil	vasc	744	66	22	0.0295698924731183	0.333333333333333
neuropil|vasc	Br5888|spd02	Br5888	spd02	SCZ	neuropil	vasc	1165	139	43	0.0369098712446352	0.309352517985612
neuropil|vasc	Br5888|spd03	Br5888	spd03	SCZ	neuropil	vasc	102	16	1	0.00980392156862745	0.0625
neuropil|vasc	Br5888|spd05	Br5888	spd05	SCZ	neuropil	vasc	118	19	0	0	0
neuropil|vasc	Br5888|spd06	Br5888	spd06	SCZ	neuropil	vasc	364	35	6	0.0164835164835165	0.171428571428571
neuropil|vasc	Br5888|spd07	Br5888	spd07	SCZ	neuropil	vasc	547	44	17	0.0310786106032907	0.386363636363636
neuropil|vasc	Br5928|spd02	Br5928	spd02	SCZ	neuropil	vasc	2250	300	98	0.0435555555555556	0.326666666666667
neuropil|vasc	Br5928|spd03	Br5928	spd03	SCZ	neuropil	vasc	88	16	3	0.0340909090909091	0.1875
neuropil|vasc	Br5928|spd05	Br5928	spd05	SCZ	neuropil	vasc	20	7	1	0.05	0.142857142857143
neuropil|vasc	Br5928|spd06	Br5928	spd06	SCZ	neuropil	vasc	11	0	0	0	NA
neuropil|vasc	Br5928|spd07	Br5928	spd07	SCZ	neuropil	vasc	34	16	2	0.0588235294117647	0.125
neuropil|vasc	Br5931|spd02	Br5931	spd02	NTC	neuropil	vasc	859	157	72	0.0838183934807916	0.45859872611465
neuropil|vasc	Br5931|spd03	Br5931	spd03	NTC	neuropil	vasc	509	103	40	0.0785854616895874	0.388349514563107
neuropil|vasc	Br5931|spd05	Br5931	spd05	NTC	neuropil	vasc	399	84	35	0.087719298245614	0.416666666666667
neuropil|vasc	Br5931|spd06	Br5931	spd06	NTC	neuropil	vasc	278	41	21	0.0755395683453237	0.51219512195122
neuropil|vasc	Br5931|spd07	Br5931	spd07	NTC	neuropil	vasc	583	73	34	0.0583190394511149	0.465753424657534
neuropil|vasc	Br5973|spd02	Br5973	spd02	SCZ	neuropil	vasc	697	187	49	0.0703012912482066	0.262032085561497
neuropil|vasc	Br5973|spd03	Br5973	spd03	SCZ	neuropil	vasc	472	145	38	0.0805084745762712	0.262068965517241
neuropil|vasc	Br5973|spd05	Br5973	spd05	SCZ	neuropil	vasc	313	104	22	0.0702875399361022	0.211538461538462
neuropil|vasc	Br5973|spd06	Br5973	spd06	SCZ	neuropil	vasc	253	56	8	0.0316205533596838	0.142857142857143
neuropil|vasc	Br5973|spd07	Br5973	spd07	SCZ	neuropil	vasc	397	64	23	0.0579345088161209	0.359375
neuropil|vasc	Br6032|spd02	Br6032	spd02	SCZ	neuropil	vasc	1025	61	13	0.0126829268292683	0.213114754098361
neuropil|vasc	Br6032|spd03	Br6032	spd03	SCZ	neuropil	vasc	526	20	3	0.00570342205323194	0.15
neuropil|vasc	Br6032|spd05	Br6032	spd05	SCZ	neuropil	vasc	313	23	3	0.00958466453674121	0.130434782608696
neuropil|vasc	Br6032|spd06	Br6032	spd06	SCZ	neuropil	vasc	376	11	5	0.0132978723404255	0.454545454545455
neuropil|vasc	Br6032|spd07	Br6032	spd07	SCZ	neuropil	vasc	400	37	7	0.0175	0.189189189189189
neuropil|vasc	Br6257|spd02	Br6257	spd02	NTC	neuropil	vasc	1235	158	46	0.037246963562753	0.291139240506329
neuropil|vasc	Br6257|spd03	Br6257	spd03	NTC	neuropil	vasc	334	55	6	0.0179640718562874	0.109090909090909
neuropil|vasc	Br6257|spd05	Br6257	spd05	NTC	neuropil	vasc	195	35	8	0.041025641025641	0.228571428571429
neuropil|vasc	Br6257|spd06	Br6257	spd06	NTC	neuropil	vasc	219	29	8	0.0365296803652968	0.275862068965517
neuropil|vasc	Br6257|spd07	Br6257	spd07	NTC	neuropil	vasc	325	70	18	0.0553846153846154	0.257142857142857
neuropil|vasc	Br6297|spd02	Br6297	spd02	NTC	neuropil	vasc	686	141	45	0.065597667638484	0.319148936170213
neuropil|vasc	Br6297|spd03	Br6297	spd03	NTC	neuropil	vasc	398	95	24	0.0603015075376884	0.252631578947368
neuropil|vasc	Br6297|spd05	Br6297	spd05	NTC	neuropil	vasc	213	63	13	0.0610328638497653	0.206349206349206
neuropil|vasc	Br6297|spd06	Br6297	spd06	NTC	neuropil	vasc	237	43	11	0.0464135021097046	0.255813953488372
neuropil|vasc	Br6297|spd07	Br6297	spd07	NTC	neuropil	vasc	131	41	10	0.0763358778625954	0.24390243902439
neuropil|vasc	Br6369|spd02	Br6369	spd02	SCZ	neuropil	vasc	870	299	86	0.0988505747126437	0.287625418060201
neuropil|vasc	Br6369|spd03	Br6369	spd03	SCZ	neuropil	vasc	114	46	6	0.0526315789473684	0.130434782608696
neuropil|vasc	Br6369|spd05	Br6369	spd05	SCZ	neuropil	vasc	219	116	15	0.0684931506849315	0.129310344827586
neuropil|vasc	Br6369|spd06	Br6369	spd06	SCZ	neuropil	vasc	381	128	30	0.078740157480315	0.234375
neuropil|vasc	Br6369|spd07	Br6369	spd07	SCZ	neuropil	vasc	566	120	43	0.0759717314487633	0.358333333333333
neuropil|vasc	Br6389|spd02	Br6389	spd02	NTC	neuropil	vasc	1254	75	27	0.0215311004784689	0.36
neuropil|vasc	Br6389|spd03	Br6389	spd03	NTC	neuropil	vasc	247	20	6	0.0242914979757085	0.3
neuropil|vasc	Br6389|spd05	Br6389	spd05	NTC	neuropil	vasc	226	15	1	0.00442477876106195	0.0666666666666667
neuropil|vasc	Br6389|spd06	Br6389	spd06	NTC	neuropil	vasc	354	8	3	0.00847457627118644	0.375
neuropil|vasc	Br6389|spd07	Br6389	spd07	NTC	neuropil	vasc	919	61	16	0.0174102285092492	0.262295081967213
neuropil|vasc	Br6432|spd02	Br6432	spd02	NTC	neuropil	vasc	1214	7	3	0.00247116968698517	0.428571428571429
neuropil|vasc	Br6432|spd03	Br6432	spd03	NTC	neuropil	vasc	315	4	0	0	0
neuropil|vasc	Br6432|spd05	Br6432	spd05	NTC	neuropil	vasc	309	5	2	0.00647249190938511	0.4
neuropil|vasc	Br6432|spd06	Br6432	spd06	NTC	neuropil	vasc	506	3	1	0.00197628458498024	0.333333333333333
neuropil|vasc	Br6432|spd07	Br6432	spd07	NTC	neuropil	vasc	576	51	12	0.0208333333333333	0.235294117647059
neuropil|vasc	Br6437|spd02	Br6437	spd02	SCZ	neuropil	vasc	796	138	36	0.0452261306532663	0.260869565217391
neuropil|vasc	Br6437|spd03	Br6437	spd03	SCZ	neuropil	vasc	306	70	13	0.042483660130719	0.185714285714286
neuropil|vasc	Br6437|spd05	Br6437	spd05	SCZ	neuropil	vasc	215	57	5	0.0232558139534884	0.087719298245614
neuropil|vasc	Br6437|spd06	Br6437	spd06	SCZ	neuropil	vasc	375	57	18	0.048	0.315789473684211
neuropil|vasc	Br6437|spd07	Br6437	spd07	SCZ	neuropil	vasc	429	62	19	0.0442890442890443	0.306451612903226
neuropil|vasc	Br6496|spd02	Br6496	spd02	SCZ	neuropil	vasc	705	116	44	0.0624113475177305	0.379310344827586
neuropil|vasc	Br6496|spd03	Br6496	spd03	SCZ	neuropil	vasc	364	57	20	0.054945054945055	0.350877192982456
neuropil|vasc	Br6496|spd05	Br6496	spd05	SCZ	neuropil	vasc	241	63	17	0.0705394190871369	0.26984126984127
neuropil|vasc	Br6496|spd06	Br6496	spd06	SCZ	neuropil	vasc	531	55	29	0.0546139359698682	0.527272727272727
neuropil|vasc	Br6496|spd07	Br6496	spd07	SCZ	neuropil	vasc	704	71	33	0.046875	0.464788732394366
neuropil|vasc	Br6560|spd02	Br6560	spd02	SCZ	neuropil	vasc	1135	138	44	0.0387665198237885	0.318840579710145
neuropil|vasc	Br6560|spd03	Br6560	spd03	SCZ	neuropil	vasc	286	34	9	0.0314685314685315	0.264705882352941
neuropil|vasc	Br6560|spd05	Br6560	spd05	SCZ	neuropil	vasc	452	62	13	0.0287610619469027	0.209677419354839
neuropil|vasc	Br6560|spd06	Br6560	spd06	SCZ	neuropil	vasc	414	32	14	0.0338164251207729	0.4375
neuropil|vasc	Br6560|spd07	Br6560	spd07	SCZ	neuropil	vasc	278	49	10	0.0359712230215827	0.204081632653061
neuropil|vasc	Br8042|spd02	Br8042	spd02	NTC	neuropil	vasc	1321	184	68	0.0514761544284633	0.369565217391304
neuropil|vasc	Br8042|spd03	Br8042	spd03	NTC	neuropil	vasc	495	85	25	0.0505050505050505	0.294117647058824
neuropil|vasc	Br8042|spd05	Br8042	spd05	NTC	neuropil	vasc	263	59	21	0.0798479087452472	0.355932203389831
neuropil|vasc	Br8042|spd06	Br8042	spd06	NTC	neuropil	vasc	334	27	9	0.0269461077844311	0.333333333333333
neuropil|vasc	Br8042|spd07	Br8042	spd07	NTC	neuropil	vasc	262	35	9	0.0343511450381679	0.257142857142857
neuropil|vasc	Br8207|spd02	Br8207	spd02	SCZ	neuropil	vasc	615	111	33	0.0536585365853659	0.297297297297297
neuropil|vasc	Br8207|spd03	Br8207	spd03	SCZ	neuropil	vasc	452	100	21	0.0464601769911505	0.21
neuropil|vasc	Br8207|spd05	Br8207	spd05	SCZ	neuropil	vasc	280	71	17	0.0607142857142857	0.23943661971831
neuropil|vasc	Br8207|spd06	Br8207	spd06	SCZ	neuropil	vasc	158	25	6	0.0379746835443038	0.24
neuropil|vasc	Br8207|spd07	Br8207	spd07	SCZ	neuropil	vasc	234	68	13	0.0555555555555556	0.191176470588235
neuropil|vasc	Br8218|spd02	Br8218	spd02	NTC	neuropil	vasc	1401	312	100	0.0713775874375446	0.320512820512821
neuropil|vasc	Br8218|spd03	Br8218	spd03	NTC	neuropil	vasc	31	9	0	0	0
neuropil|vasc	Br8218|spd05	Br8218	spd05	NTC	neuropil	vasc	58	24	4	0.0689655172413793	0.166666666666667
neuropil|vasc	Br8218|spd06	Br8218	spd06	NTC	neuropil	vasc	161	36	17	0.105590062111801	0.472222222222222
neuropil|vasc	Br8218|spd07	Br8218	spd07	NTC	neuropil	vasc	681	100	46	0.0675477239353891	0.46
neuropil|vasc	Br8325|spd02	Br8325	spd02	NTC	neuropil	vasc	852	170	55	0.0645539906103286	0.323529411764706
neuropil|vasc	Br8325|spd03	Br8325	spd03	NTC	neuropil	vasc	171	51	15	0.087719298245614	0.294117647058824
neuropil|vasc	Br8325|spd05	Br8325	spd05	NTC	neuropil	vasc	185	58	12	0.0648648648648649	0.206896551724138
neuropil|vasc	Br8325|spd06	Br8325	spd06	NTC	neuropil	vasc	410	69	23	0.0560975609756098	0.333333333333333
neuropil|vasc	Br8325|spd07	Br8325	spd07	NTC	neuropil	vasc	411	80	26	0.0632603406326034	0.325
neuropil|vasc	Br8406|spd02	Br8406	spd02	NTC	neuropil	vasc	1726	355	133	0.0770567786790267	0.374647887323944
neuropil|vasc	Br8406|spd03	Br8406	spd03	NTC	neuropil	vasc	114	19	3	0.0263157894736842	0.157894736842105
neuropil|vasc	Br8406|spd05	Br8406	spd05	NTC	neuropil	vasc	105	41	10	0.0952380952380952	0.24390243902439
neuropil|vasc	Br8406|spd06	Br8406	spd06	NTC	neuropil	vasc	554	79	40	0.072202166064982	0.506329113924051
neuropil|vasc	Br8406|spd07	Br8406	spd07	NTC	neuropil	vasc	475	85	28	0.0589473684210526	0.329411764705882
neuropil|vasc	Br8433|spd02	Br8433	spd02	NTC	neuropil	vasc	1058	136	42	0.0396975425330813	0.308823529411765
neuropil|vasc	Br8433|spd03	Br8433	spd03	NTC	neuropil	vasc	256	53	19	0.07421875	0.358490566037736
neuropil|vasc	Br8433|spd05	Br8433	spd05	NTC	neuropil	vasc	172	45	5	0.0290697674418605	0.111111111111111
neuropil|vasc	Br8433|spd06	Br8433	spd06	NTC	neuropil	vasc	311	36	12	0.0385852090032154	0.333333333333333
neuropil|vasc	Br8433|spd07	Br8433	spd07	NTC	neuropil	vasc	569	94	19	0.0333919156414763	0.202127659574468
neuropil|vasc	Br8492|spd02	Br8492	spd02	NTC	neuropil	vasc	658	115	44	0.0668693009118541	0.382608695652174
neuropil|vasc	Br8492|spd03	Br8492	spd03	NTC	neuropil	vasc	331	78	22	0.0664652567975831	0.282051282051282
neuropil|vasc	Br8492|spd05	Br8492	spd05	NTC	neuropil	vasc	181	59	13	0.0718232044198895	0.220338983050847
neuropil|vasc	Br8492|spd06	Br8492	spd06	NTC	neuropil	vasc	340	49	8	0.0235294117647059	0.163265306122449
neuropil|vasc	Br8492|spd07	Br8492	spd07	NTC	neuropil	vasc	358	44	13	0.0363128491620112	0.295454545454545
neuropil|vasc	Br8514|spd02	Br8514	spd02	SCZ	neuropil	vasc	1341	191	75	0.0559284116331096	0.392670157068063
neuropil|vasc	Br8514|spd03	Br8514	spd03	SCZ	neuropil	vasc	204	29	9	0.0441176470588235	0.310344827586207
neuropil|vasc	Br8514|spd05	Br8514	spd05	SCZ	neuropil	vasc	219	42	11	0.0502283105022831	0.261904761904762
neuropil|vasc	Br8514|spd06	Br8514	spd06	SCZ	neuropil	vasc	551	74	22	0.0399274047186933	0.297297297297297
neuropil|vasc	Br8514|spd07	Br8514	spd07	SCZ	neuropil	vasc	604	101	29	0.0480132450331126	0.287128712871287
neuropil|vasc	Br8537|spd02	Br8537	spd02	SCZ	neuropil	vasc	1468	156	55	0.0374659400544959	0.352564102564103
neuropil|vasc	Br8537|spd03	Br8537	spd03	SCZ	neuropil	vasc	113	5	1	0.00884955752212389	0.2
neuropil|vasc	Br8537|spd05	Br8537	spd05	SCZ	neuropil	vasc	132	22	7	0.053030303030303	0.318181818181818
neuropil|vasc	Br8537|spd06	Br8537	spd06	SCZ	neuropil	vasc	279	14	9	0.032258064516129	0.642857142857143
neuropil|vasc	Br8537|spd07	Br8537	spd07	SCZ	neuropil	vasc	244	10	8	0.0327868852459016	0.8
neuropil|vasc	Br8667|spd02	Br8667	spd02	NTC	neuropil	vasc	871	68	19	0.0218140068886338	0.279411764705882
neuropil|vasc	Br8667|spd03	Br8667	spd03	NTC	neuropil	vasc	365	38	7	0.0191780821917808	0.184210526315789
neuropil|vasc	Br8667|spd05	Br8667	spd05	NTC	neuropil	vasc	274	36	4	0.0145985401459854	0.111111111111111
neuropil|vasc	Br8667|spd06	Br8667	spd06	NTC	neuropil	vasc	394	29	8	0.0203045685279188	0.275862068965517
neuropil|vasc	Br8667|spd07	Br8667	spd07	NTC	neuropil	vasc	556	61	10	0.0179856115107914	0.163934426229508
neuropil|vasc	Br8772|spd02	Br8772	spd02	SCZ	neuropil	vasc	967	121	31	0.03205791106515	0.256198347107438
neuropil|vasc	Br8772|spd03	Br8772	spd03	SCZ	neuropil	vasc	304	53	11	0.0361842105263158	0.207547169811321
neuropil|vasc	Br8772|spd05	Br8772	spd05	SCZ	neuropil	vasc	250	44	13	0.052	0.295454545454545
neuropil|vasc	Br8772|spd06	Br8772	spd06	SCZ	neuropil	vasc	325	34	4	0.0123076923076923	0.117647058823529
neuropil|vasc	Br8772|spd07	Br8772	spd07	SCZ	neuropil	vasc	463	58	22	0.0475161987041037	0.379310344827586
neun|vasc	Br1092|spd02	Br1092	spd02	NTC	neun	vasc	221	162	40	0.180995475113122	0.246913580246914
neun|vasc	Br1092|spd03	Br1092	spd03	NTC	neun	vasc	229	114	31	0.135371179039301	0.271929824561404
neun|vasc	Br1092|spd05	Br1092	spd05	NTC	neun	vasc	177	76	22	0.124293785310734	0.289473684210526
neun|vasc	Br1092|spd06	Br1092	spd06	NTC	neun	vasc	98	89	21	0.214285714285714	0.235955056179775
neun|vasc	Br1092|spd07	Br1092	spd07	NTC	neun	vasc	10	46	4	0.4	0.0869565217391304
neun|vasc	Br1113|spd02	Br1113	spd02	NTC	neun	vasc	373	112	36	0.096514745308311	0.321428571428571
neun|vasc	Br1113|spd03	Br1113	spd03	NTC	neun	vasc	164	44	11	0.0670731707317073	0.25
neun|vasc	Br1113|spd05	Br1113	spd05	NTC	neun	vasc	282	46	17	0.0602836879432624	0.369565217391304
neun|vasc	Br1113|spd06	Br1113	spd06	NTC	neun	vasc	127	36	5	0.0393700787401575	0.138888888888889
neun|vasc	Br1113|spd07	Br1113	spd07	NTC	neun	vasc	5	49	3	0.6	0.0612244897959184
neun|vasc	Br1139|spd02	Br1139	spd02	SCZ	neun	vasc	51	130	5	0.0980392156862745	0.0384615384615385
neun|vasc	Br1139|spd03	Br1139	spd03	SCZ	neun	vasc	112	77	12	0.107142857142857	0.155844155844156
neun|vasc	Br1139|spd05	Br1139	spd05	SCZ	neun	vasc	120	47	8	0.0666666666666667	0.170212765957447
neun|vasc	Br1139|spd06	Br1139	spd06	SCZ	neun	vasc	2	28	0	0	0
neun|vasc	Br1139|spd07	Br1139	spd07	SCZ	neun	vasc	2	55	0	0	0
neun|vasc	Br1204|spd02	Br1204	spd02	NTC	neun	vasc	333	150	48	0.144144144144144	0.32
neun|vasc	Br1204|spd03	Br1204	spd03	NTC	neun	vasc	245	95	23	0.0938775510204082	0.242105263157895
neun|vasc	Br1204|spd05	Br1204	spd05	NTC	neun	vasc	272	81	43	0.158088235294118	0.530864197530864
neun|vasc	Br1204|spd06	Br1204	spd06	NTC	neun	vasc	140	47	16	0.114285714285714	0.340425531914894
neun|vasc	Br1204|spd07	Br1204	spd07	NTC	neun	vasc	20	31	3	0.15	0.0967741935483871
neun|vasc	Br1214|spd02	Br1214	spd02	NTC	neun	vasc	214	33	7	0.0327102803738318	0.212121212121212
neun|vasc	Br1214|spd03	Br1214	spd03	NTC	neun	vasc	255	39	10	0.0392156862745098	0.256410256410256
neun|vasc	Br1214|spd05	Br1214	spd05	NTC	neun	vasc	196	20	4	0.0204081632653061	0.2
neun|vasc	Br1214|spd06	Br1214	spd06	NTC	neun	vasc	83	8	1	0.0120481927710843	0.125
neun|vasc	Br1214|spd07	Br1214	spd07	NTC	neun	vasc	8	15	1	0.125	0.0666666666666667
neun|vasc	Br1526|spd02	Br1526	spd02	SCZ	neun	vasc	200	1	0	0	0
neun|vasc	Br1526|spd03	Br1526	spd03	SCZ	neun	vasc	100	0	0	0	NA
neun|vasc	Br1526|spd05	Br1526	spd05	SCZ	neun	vasc	91	0	0	0	NA
neun|vasc	Br1526|spd06	Br1526	spd06	SCZ	neun	vasc	161	0	0	0	NA
neun|vasc	Br1526|spd07	Br1526	spd07	SCZ	neun	vasc	5	7	3	0.6	0.428571428571429
neun|vasc	Br1578|spd02	Br1578	spd02	SCZ	neun	vasc	453	89	12	0.0264900662251656	0.134831460674157
neun|vasc	Br1578|spd03	Br1578	spd03	SCZ	neun	vasc	64	13	2	0.03125	0.153846153846154
neun|vasc	Br1578|spd05	Br1578	spd05	SCZ	neun	vasc	172	10	2	0.0116279069767442	0.2
neun|vasc	Br1578|spd06	Br1578	spd06	SCZ	neun	vasc	86	19	1	0.0116279069767442	0.0526315789473684
neun|vasc	Br1578|spd07	Br1578	spd07	SCZ	neun	vasc	3	99	3	1	0.0303030303030303
neun|vasc	Br1682|spd02	Br1682	spd02	SCZ	neun	vasc	163	125	16	0.098159509202454	0.128
neun|vasc	Br1682|spd03	Br1682	spd03	SCZ	neun	vasc	109	71	17	0.155963302752294	0.23943661971831
neun|vasc	Br1682|spd05	Br1682	spd05	SCZ	neun	vasc	131	51	9	0.0687022900763359	0.176470588235294
neun|vasc	Br1682|spd06	Br1682	spd06	SCZ	neun	vasc	25	22	1	0.04	0.0454545454545455
neun|vasc	Br1682|spd07	Br1682	spd07	SCZ	neun	vasc	2	13	0	0	0
neun|vasc	Br1753|spd02	Br1753	spd02	NTC	neun	vasc	258	21	2	0.00775193798449612	0.0952380952380952
neun|vasc	Br1753|spd03	Br1753	spd03	NTC	neun	vasc	137	6	2	0.0145985401459854	0.333333333333333
neun|vasc	Br1753|spd05	Br1753	spd05	NTC	neun	vasc	164	3	2	0.0121951219512195	0.666666666666667
neun|vasc	Br1753|spd06	Br1753	spd06	NTC	neun	vasc	48	9	0	0	0
neun|vasc	Br1753|spd07	Br1753	spd07	NTC	neun	vasc	3	58	0	0	0
neun|vasc	Br1923|spd02	Br1923	spd02	SCZ	neun	vasc	546	246	38	0.0695970695970696	0.154471544715447
neun|vasc	Br1923|spd03	Br1923	spd03	SCZ	neun	vasc	98	37	7	0.0714285714285714	0.189189189189189
neun|vasc	Br1923|spd05	Br1923	spd05	SCZ	neun	vasc	75	16	5	0.0666666666666667	0.3125
neun|vasc	Br1923|spd06	Br1923	spd06	SCZ	neun	vasc	32	27	2	0.0625	0.0740740740740741
neun|vasc	Br1923|spd07	Br1923	spd07	SCZ	neun	vasc	6	12	1	0.166666666666667	0.0833333333333333
neun|vasc	Br1958|spd02	Br1958	spd02	SCZ	neun	vasc	242	0	0	0	NA
neun|vasc	Br1958|spd03	Br1958	spd03	SCZ	neun	vasc	325	4	0	0	0
neun|vasc	Br1958|spd05	Br1958	spd05	SCZ	neun	vasc	270	0	0	0	NA
neun|vasc	Br1958|spd06	Br1958	spd06	SCZ	neun	vasc	135	0	0	0	NA
neun|vasc	Br1958|spd07	Br1958	spd07	SCZ	neun	vasc	5	9	2	0.4	0.222222222222222
neun|vasc	Br2039|spd02	Br2039	spd02	SCZ	neun	vasc	325	1	0	0	0
neun|vasc	Br2039|spd03	Br2039	spd03	SCZ	neun	vasc	257	0	0	0	NA
neun|vasc	Br2039|spd05	Br2039	spd05	SCZ	neun	vasc	200	0	0	0	NA
neun|vasc	Br2039|spd06	Br2039	spd06	SCZ	neun	vasc	70	0	0	0	NA
neun|vasc	Br2039|spd07	Br2039	spd07	SCZ	neun	vasc	1	43	0	0	0
neun|vasc	Br2242|spd02	Br2242	spd02	SCZ	neun	vasc	332	94	20	0.0602409638554217	0.212765957446809
neun|vasc	Br2242|spd03	Br2242	spd03	SCZ	neun	vasc	227	52	17	0.0748898678414097	0.326923076923077
neun|vasc	Br2242|spd05	Br2242	spd05	SCZ	neun	vasc	223	45	17	0.0762331838565022	0.377777777777778
neun|vasc	Br2242|spd06	Br2242	spd06	SCZ	neun	vasc	142	32	5	0.0352112676056338	0.15625
neun|vasc	Br2242|spd07	Br2242	spd07	SCZ	neun	vasc	2	110	0	0	0
neun|vasc	Br2378|spd02	Br2378	spd02	SCZ	neun	vasc	264	7	1	0.00378787878787879	0.142857142857143
neun|vasc	Br2378|spd03	Br2378	spd03	SCZ	neun	vasc	585	18	3	0.00512820512820513	0.166666666666667
neun|vasc	Br2378|spd05	Br2378	spd05	SCZ	neun	vasc	274	5	2	0.0072992700729927	0.4
neun|vasc	Br2378|spd06	Br2378	spd06	SCZ	neun	vasc	95	2	1	0.0105263157894737	0.5
neun|vasc	Br2378|spd07	Br2378	spd07	SCZ	neun	vasc	4	36	2	0.5	0.0555555555555556
neun|vasc	Br2421|spd02	Br2421	spd02	SCZ	neun	vasc	91	98	10	0.10989010989011	0.102040816326531
neun|vasc	Br2421|spd03	Br2421	spd03	SCZ	neun	vasc	175	98	18	0.102857142857143	0.183673469387755
neun|vasc	Br2421|spd05	Br2421	spd05	SCZ	neun	vasc	155	49	8	0.0516129032258065	0.163265306122449
neun|vasc	Br2421|spd06	Br2421	spd06	SCZ	neun	vasc	10	43	0	0	0
neun|vasc	Br2421|spd07	Br2421	spd07	SCZ	neun	vasc	6	92	1	0.166666666666667	0.0108695652173913
neun|vasc	Br2470|spd02	Br2470	spd02	SCZ	neun	vasc	384	210	49	0.127604166666667	0.233333333333333
neun|vasc	Br2470|spd03	Br2470	spd03	SCZ	neun	vasc	164	59	9	0.0548780487804878	0.152542372881356
neun|vasc	Br2470|spd05	Br2470	spd05	SCZ	neun	vasc	163	34	13	0.0797546012269939	0.382352941176471
neun|vasc	Br2470|spd06	Br2470	spd06	SCZ	neun	vasc	32	23	5	0.15625	0.217391304347826
neun|vasc	Br2470|spd07	Br2470	spd07	SCZ	neun	vasc	4	58	0	0	0
neun|vasc	Br2627|spd02	Br2627	spd02	SCZ	neun	vasc	296	120	23	0.0777027027027027	0.191666666666667
neun|vasc	Br2627|spd03	Br2627	spd03	SCZ	neun	vasc	179	63	11	0.0614525139664804	0.174603174603175
neun|vasc	Br2627|spd05	Br2627	spd05	SCZ	neun	vasc	134	23	12	0.0895522388059701	0.521739130434783
neun|vasc	Br2627|spd06	Br2627	spd06	SCZ	neun	vasc	108	22	2	0.0185185185185185	0.0909090909090909
neun|vasc	Br2627|spd07	Br2627	spd07	SCZ	neun	vasc	14	42	0	0	0
neun|vasc	Br2719|spd02	Br2719	spd02	NTC	neun	vasc	309	8	0	0	0
neun|vasc	Br2719|spd03	Br2719	spd03	NTC	neun	vasc	184	4	0	0	0
neun|vasc	Br2719|spd05	Br2719	spd05	NTC	neun	vasc	161	4	1	0.0062111801242236	0.25
neun|vasc	Br2719|spd06	Br2719	spd06	NTC	neun	vasc	69	1	1	0.0144927536231884	1
neun|vasc	Br2719|spd07	Br2719	spd07	NTC	neun	vasc	6	12	0	0	0
neun|vasc	Br2720|spd02	Br2720	spd02	NTC	neun	vasc	251	83	24	0.0956175298804781	0.289156626506024
neun|vasc	Br2720|spd03	Br2720	spd03	NTC	neun	vasc	48	10	2	0.0416666666666667	0.2
neun|vasc	Br2720|spd05	Br2720	spd05	NTC	neun	vasc	82	16	6	0.0731707317073171	0.375
neun|vasc	Br2720|spd06	Br2720	spd06	NTC	neun	vasc	41	23	2	0.0487804878048781	0.0869565217391304
neun|vasc	Br2720|spd07	Br2720	spd07	NTC	neun	vasc	5	40	1	0.2	0.025
neun|vasc	Br5182|spd02	Br5182	spd02	NTC	neun	vasc	345	18	6	0.0173913043478261	0.333333333333333
neun|vasc	Br5182|spd03	Br5182	spd03	NTC	neun	vasc	326	6	1	0.00306748466257669	0.166666666666667
neun|vasc	Br5182|spd05	Br5182	spd05	NTC	neun	vasc	283	3	0	0	0
neun|vasc	Br5182|spd06	Br5182	spd06	NTC	neun	vasc	161	7	0	0	0
neun|vasc	Br5182|spd07	Br5182	spd07	NTC	neun	vasc	7	33	0	0	0
neun|vasc	Br5224|spd02	Br5224	spd02	SCZ	neun	vasc	653	227	57	0.0872894333843798	0.251101321585903
neun|vasc	Br5224|spd03	Br5224	spd03	SCZ	neun	vasc	295	68	28	0.0949152542372881	0.411764705882353
neun|vasc	Br5224|spd05	Br5224	spd05	SCZ	neun	vasc	312	69	29	0.092948717948718	0.420289855072464
neun|vasc	Br5224|spd06	Br5224	spd06	SCZ	neun	vasc	129	58	15	0.116279069767442	0.258620689655172
neun|vasc	Br5224|spd07	Br5224	spd07	SCZ	neun	vasc	10	73	3	0.3	0.0410958904109589
neun|vasc	Br5228|spd02	Br5228	spd02	NTC	neun	vasc	221	40	5	0.0226244343891403	0.125
neun|vasc	Br5228|spd03	Br5228	spd03	NTC	neun	vasc	520	96	18	0.0346153846153846	0.1875
neun|vasc	Br5228|spd05	Br5228	spd05	NTC	neun	vasc	256	26	6	0.0234375	0.230769230769231
neun|vasc	Br5228|spd06	Br5228	spd06	NTC	neun	vasc	54	10	1	0.0185185185185185	0.1
neun|vasc	Br5228|spd07	Br5228	spd07	NTC	neun	vasc	6	20	1	0.166666666666667	0.05
neun|vasc	Br5276|spd02	Br5276	spd02	NTC	neun	vasc	320	215	44	0.1375	0.204651162790698
neun|vasc	Br5276|spd03	Br5276	spd03	NTC	neun	vasc	147	68	19	0.129251700680272	0.279411764705882
neun|vasc	Br5276|spd05	Br5276	spd05	NTC	neun	vasc	195	82	30	0.153846153846154	0.365853658536585
neun|vasc	Br5276|spd06	Br5276	spd06	NTC	neun	vasc	142	62	18	0.126760563380282	0.290322580645161
neun|vasc	Br5276|spd07	Br5276	spd07	NTC	neun	vasc	2	61	1	0.5	0.0163934426229508
neun|vasc	Br5314|spd02	Br5314	spd02	NTC	neun	vasc	274	42	8	0.0291970802919708	0.19047619047619
neun|vasc	Br5314|spd03	Br5314	spd03	NTC	neun	vasc	208	37	8	0.0384615384615385	0.216216216216216
neun|vasc	Br5314|spd05	Br5314	spd05	NTC	neun	vasc	206	25	6	0.029126213592233	0.24
neun|vasc	Br5314|spd06	Br5314	spd06	NTC	neun	vasc	55	14	0	0	0
neun|vasc	Br5314|spd07	Br5314	spd07	NTC	neun	vasc	7	54	1	0.142857142857143	0.0185185185185185
neun|vasc	Br5367|spd02	Br5367	spd02	NTC	neun	vasc	326	10	3	0.00920245398773006	0.3
neun|vasc	Br5367|spd03	Br5367	spd03	NTC	neun	vasc	82	4	1	0.0121951219512195	0.25
neun|vasc	Br5367|spd05	Br5367	spd05	NTC	neun	vasc	187	6	2	0.0106951871657754	0.333333333333333
neun|vasc	Br5367|spd06	Br5367	spd06	NTC	neun	vasc	79	1	1	0.0126582278481013	1
neun|vasc	Br5367|spd07	Br5367	spd07	NTC	neun	vasc	8	55	1	0.125	0.0181818181818182
neun|vasc	Br5373|spd02	Br5373	spd02	SCZ	neun	vasc	243	75	6	0.0246913580246914	0.08
neun|vasc	Br5373|spd03	Br5373	spd03	SCZ	neun	vasc	137	26	7	0.0510948905109489	0.269230769230769
neun|vasc	Br5373|spd05	Br5373	spd05	SCZ	neun	vasc	143	29	10	0.0699300699300699	0.344827586206897
neun|vasc	Br5373|spd06	Br5373	spd06	SCZ	neun	vasc	102	33	2	0.0196078431372549	0.0606060606060606
neun|vasc	Br5373|spd07	Br5373	spd07	SCZ	neun	vasc	3	69	1	0.333333333333333	0.0144927536231884
neun|vasc	Br5395|spd02	Br5395	spd02	NTC	neun	vasc	212	64	11	0.0518867924528302	0.171875
neun|vasc	Br5395|spd03	Br5395	spd03	NTC	neun	vasc	260	62	14	0.0538461538461539	0.225806451612903
neun|vasc	Br5395|spd05	Br5395	spd05	NTC	neun	vasc	242	55	22	0.0909090909090909	0.4
neun|vasc	Br5395|spd06	Br5395	spd06	NTC	neun	vasc	65	21	1	0.0153846153846154	0.0476190476190476
neun|vasc	Br5395|spd07	Br5395	spd07	NTC	neun	vasc	2	35	1	0.5	0.0285714285714286
neun|vasc	Br5400|spd02	Br5400	spd02	NTC	neun	vasc	516	101	15	0.0290697674418605	0.148514851485149
neun|vasc	Br5400|spd03	Br5400	spd03	NTC	neun	vasc	257	53	17	0.066147859922179	0.320754716981132
neun|vasc	Br5400|spd05	Br5400	spd05	NTC	neun	vasc	375	53	17	0.0453333333333333	0.320754716981132
neun|vasc	Br5400|spd06	Br5400	spd06	NTC	neun	vasc	169	49	11	0.0650887573964497	0.224489795918367
neun|vasc	Br5400|spd07	Br5400	spd07	NTC	neun	vasc	10	80	4	0.4	0.05
neun|vasc	Br5436|spd02	Br5436	spd02	NTC	neun	vasc	576	190	35	0.0607638888888889	0.184210526315789
neun|vasc	Br5436|spd03	Br5436	spd03	NTC	neun	vasc	133	35	16	0.120300751879699	0.457142857142857
neun|vasc	Br5436|spd05	Br5436	spd05	NTC	neun	vasc	526	100	36	0.0684410646387833	0.36
neun|vasc	Br5436|spd06	Br5436	spd06	NTC	neun	vasc	189	45	9	0.0476190476190476	0.2
neun|vasc	Br5436|spd07	Br5436	spd07	NTC	neun	vasc	5	79	3	0.6	0.0379746835443038
neun|vasc	Br5472|spd02	Br5472	spd02	NTC	neun	vasc	343	84	37	0.107871720116618	0.440476190476191
neun|vasc	Br5472|spd03	Br5472	spd03	NTC	neun	vasc	315	57	24	0.0761904761904762	0.421052631578947
neun|vasc	Br5472|spd05	Br5472	spd05	NTC	neun	vasc	251	45	17	0.0677290836653386	0.377777777777778
neun|vasc	Br5472|spd06	Br5472	spd06	NTC	neun	vasc	127	30	10	0.078740157480315	0.333333333333333
neun|vasc	Br5472|spd07	Br5472	spd07	NTC	neun	vasc	5	39	1	0.2	0.0256410256410256
neun|vasc	Br5573|spd02	Br5573	spd02	SCZ	neun	vasc	446	166	42	0.0941704035874439	0.253012048192771
neun|vasc	Br5573|spd03	Br5573	spd03	SCZ	neun	vasc	163	77	16	0.098159509202454	0.207792207792208
neun|vasc	Br5573|spd05	Br5573	spd05	SCZ	neun	vasc	356	105	29	0.0814606741573034	0.276190476190476
neun|vasc	Br5573|spd06	Br5573	spd06	SCZ	neun	vasc	149	59	10	0.0671140939597315	0.169491525423729
neun|vasc	Br5573|spd07	Br5573	spd07	SCZ	neun	vasc	2	101	1	0.5	0.0099009900990099
neun|vasc	Br5588|spd02	Br5588	spd02	SCZ	neun	vasc	365	159	13	0.0356164383561644	0.0817610062893082
neun|vasc	Br5588|spd03	Br5588	spd03	SCZ	neun	vasc	93	33	6	0.0645161290322581	0.181818181818182
neun|vasc	Br5588|spd05	Br5588	spd05	SCZ	neun	vasc	168	33	9	0.0535714285714286	0.272727272727273
neun|vasc	Br5588|spd06	Br5588	spd06	SCZ	neun	vasc	48	45	2	0.0416666666666667	0.0444444444444444
neun|vasc	Br5588|spd07	Br5588	spd07	SCZ	neun	vasc	8	101	3	0.375	0.0297029702970297
neun|vasc	Br5590|spd02	Br5590	spd02	SCZ	neun	vasc	421	123	19	0.0451306413301663	0.154471544715447
neun|vasc	Br5590|spd03	Br5590	spd03	SCZ	neun	vasc	108	22	3	0.0277777777777778	0.136363636363636
neun|vasc	Br5590|spd05	Br5590	spd05	SCZ	neun	vasc	212	35	9	0.0424528301886792	0.257142857142857
neun|vasc	Br5590|spd06	Br5590	spd06	SCZ	neun	vasc	230	35	9	0.0391304347826087	0.257142857142857
neun|vasc	Br5590|spd07	Br5590	spd07	SCZ	neun	vasc	8	102	2	0.25	0.0196078431372549
neun|vasc	Br5599|spd02	Br5599	spd02	NTC	neun	vasc	425	220	28	0.0658823529411765	0.127272727272727
neun|vasc	Br5599|spd03	Br5599	spd03	NTC	neun	vasc	63	24	1	0.0158730158730159	0.0416666666666667
neun|vasc	Br5599|spd05	Br5599	spd05	NTC	neun	vasc	175	43	8	0.0457142857142857	0.186046511627907
neun|vasc	Br5599|spd06	Br5599	spd06	NTC	neun	vasc	66	38	2	0.0303030303030303	0.0526315789473684
neun|vasc	Br5599|spd07	Br5599	spd07	NTC	neun	vasc	5	77	1	0.2	0.012987012987013
neun|vasc	Br5622|spd02	Br5622	spd02	NTC	neun	vasc	716	290	63	0.0879888268156425	0.217241379310345
neun|vasc	Br5622|spd03	Br5622	spd03	NTC	neun	vasc	112	25	8	0.0714285714285714	0.32
neun|vasc	Br5622|spd05	Br5622	spd05	NTC	neun	vasc	206	48	22	0.106796116504854	0.458333333333333
neun|vasc	Br5622|spd06	Br5622	spd06	NTC	neun	vasc	219	60	14	0.0639269406392694	0.233333333333333
neun|vasc	Br5622|spd07	Br5622	spd07	NTC	neun	vasc	8	69	3	0.375	0.0434782608695652
neun|vasc	Br5636|spd02	Br5636	spd02	SCZ	neun	vasc	282	149	21	0.074468085106383	0.140939597315436
neun|vasc	Br5636|spd03	Br5636	spd03	SCZ	neun	vasc	206	41	4	0.0194174757281553	0.0975609756097561
neun|vasc	Br5636|spd05	Br5636	spd05	SCZ	neun	vasc	360	109	24	0.0666666666666667	0.220183486238532
neun|vasc	Br5636|spd06	Br5636	spd06	SCZ	neun	vasc	75	27	4	0.0533333333333333	0.148148148148148
neun|vasc	Br5636|spd07	Br5636	spd07	SCZ	neun	vasc	7	75	2	0.285714285714286	0.0266666666666667
neun|vasc	Br5639|spd02	Br5639	spd02	NTC	neun	vasc	304	23	5	0.0164473684210526	0.217391304347826
neun|vasc	Br5639|spd03	Br5639	spd03	NTC	neun	vasc	151	10	4	0.0264900662251656	0.4
neun|vasc	Br5639|spd05	Br5639	spd05	NTC	neun	vasc	137	3	1	0.0072992700729927	0.333333333333333
neun|vasc	Br5639|spd06	Br5639	spd06	NTC	neun	vasc	228	4	0	0	0
neun|vasc	Br5639|spd07	Br5639	spd07	NTC	neun	vasc	10	69	1	0.1	0.0144927536231884
neun|vasc	Br5746|spd02	Br5746	spd02	SCZ	neun	vasc	118	72	8	0.0677966101694915	0.111111111111111
neun|vasc	Br5746|spd03	Br5746	spd03	SCZ	neun	vasc	203	51	10	0.0492610837438424	0.196078431372549
neun|vasc	Br5746|spd05	Br5746	spd05	SCZ	neun	vasc	141	30	13	0.0921985815602837	0.433333333333333
neun|vasc	Br5746|spd06	Br5746	spd06	SCZ	neun	vasc	16	26	2	0.125	0.0769230769230769
neun|vasc	Br5746|spd07	Br5746	spd07	SCZ	neun	vasc	3	33	1	0.333333333333333	0.0303030303030303
neun|vasc	Br5789|spd02	Br5789	spd02	SCZ	neun	vasc	339	38	5	0.0147492625368732	0.131578947368421
neun|vasc	Br5789|spd03	Br5789	spd03	SCZ	neun	vasc	2	4	0	0	0
neun|vasc	Br5789|spd05	Br5789	spd05	SCZ	neun	vasc	158	16	1	0.00632911392405063	0.0625
neun|vasc	Br5789|spd06	Br5789	spd06	SCZ	neun	vasc	117	18	1	0.00854700854700855	0.0555555555555556
neun|vasc	Br5789|spd07	Br5789	spd07	SCZ	neun	vasc	7	66	1	0.142857142857143	0.0151515151515152
neun|vasc	Br5888|spd02	Br5888	spd02	SCZ	neun	vasc	344	139	13	0.0377906976744186	0.0935251798561151
neun|vasc	Br5888|spd03	Br5888	spd03	SCZ	neun	vasc	71	16	5	0.0704225352112676	0.3125
neun|vasc	Br5888|spd05	Br5888	spd05	SCZ	neun	vasc	88	19	8	0.0909090909090909	0.421052631578947
neun|vasc	Br5888|spd06	Br5888	spd06	SCZ	neun	vasc	60	35	1	0.0166666666666667	0.0285714285714286
neun|vasc	Br5888|spd07	Br5888	spd07	SCZ	neun	vasc	2	44	0	0	0
neun|vasc	Br5928|spd02	Br5928	spd02	SCZ	neun	vasc	312	300	21	0.0673076923076923	0.07
neun|vasc	Br5928|spd03	Br5928	spd03	SCZ	neun	vasc	48	16	3	0.0625	0.1875
neun|vasc	Br5928|spd05	Br5928	spd05	SCZ	neun	vasc	26	7	2	0.0769230769230769	0.285714285714286
neun|vasc	Br5928|spd06	Br5928	spd06	SCZ	neun	vasc	7	0	0	0	NA
neun|vasc	Br5928|spd07	Br5928	spd07	SCZ	neun	vasc	2	16	0	0	0
neun|vasc	Br5931|spd02	Br5931	spd02	NTC	neun	vasc	307	157	33	0.107491856677524	0.210191082802548
neun|vasc	Br5931|spd03	Br5931	spd03	NTC	neun	vasc	221	103	18	0.081447963800905	0.174757281553398
neun|vasc	Br5931|spd05	Br5931	spd05	NTC	neun	vasc	247	84	16	0.0647773279352227	0.19047619047619
neun|vasc	Br5931|spd06	Br5931	spd06	NTC	neun	vasc	100	41	6	0.06	0.146341463414634
neun|vasc	Br5931|spd07	Br5931	spd07	NTC	neun	vasc	5	73	1	0.2	0.0136986301369863
neun|vasc	Br5973|spd02	Br5973	spd02	SCZ	neun	vasc	295	187	36	0.122033898305085	0.192513368983957
neun|vasc	Br5973|spd03	Br5973	spd03	SCZ	neun	vasc	353	145	35	0.0991501416430595	0.241379310344828
neun|vasc	Br5973|spd05	Br5973	spd05	SCZ	neun	vasc	317	104	41	0.129337539432177	0.394230769230769
neun|vasc	Br5973|spd06	Br5973	spd06	SCZ	neun	vasc	72	56	8	0.111111111111111	0.142857142857143
neun|vasc	Br5973|spd07	Br5973	spd07	SCZ	neun	vasc	7	64	1	0.142857142857143	0.015625
neun|vasc	Br6032|spd02	Br6032	spd02	SCZ	neun	vasc	302	61	2	0.00662251655629139	0.0327868852459016
neun|vasc	Br6032|spd03	Br6032	spd03	SCZ	neun	vasc	285	20	3	0.0105263157894737	0.15
neun|vasc	Br6032|spd05	Br6032	spd05	SCZ	neun	vasc	283	23	8	0.0282685512367491	0.347826086956522
neun|vasc	Br6032|spd06	Br6032	spd06	SCZ	neun	vasc	87	11	3	0.0344827586206897	0.272727272727273
neun|vasc	Br6032|spd07	Br6032	spd07	SCZ	neun	vasc	7	37	1	0.142857142857143	0.027027027027027
neun|vasc	Br6257|spd02	Br6257	spd02	NTC	neun	vasc	362	158	22	0.0607734806629834	0.139240506329114
neun|vasc	Br6257|spd03	Br6257	spd03	NTC	neun	vasc	163	55	10	0.0613496932515337	0.181818181818182
neun|vasc	Br6257|spd05	Br6257	spd05	NTC	neun	vasc	135	35	9	0.0666666666666667	0.257142857142857
neun|vasc	Br6257|spd06	Br6257	spd06	NTC	neun	vasc	39	29	1	0.0256410256410256	0.0344827586206897
neun|vasc	Br6257|spd07	Br6257	spd07	NTC	neun	vasc	6	70	3	0.5	0.0428571428571429
neun|vasc	Br6297|spd02	Br6297	spd02	NTC	neun	vasc	246	141	32	0.130081300813008	0.226950354609929
neun|vasc	Br6297|spd03	Br6297	spd03	NTC	neun	vasc	175	95	21	0.12	0.221052631578947
neun|vasc	Br6297|spd05	Br6297	spd05	NTC	neun	vasc	123	63	21	0.170731707317073	0.333333333333333
neun|vasc	Br6297|spd06	Br6297	spd06	NTC	neun	vasc	146	43	15	0.102739726027397	0.348837209302326
neun|vasc	Br6297|spd07	Br6297	spd07	NTC	neun	vasc	8	41	2	0.25	0.0487804878048781
neun|vasc	Br6369|spd02	Br6369	spd02	SCZ	neun	vasc	638	299	84	0.13166144200627	0.280936454849498
neun|vasc	Br6369|spd03	Br6369	spd03	SCZ	neun	vasc	99	46	14	0.141414141414141	0.304347826086957
neun|vasc	Br6369|spd05	Br6369	spd05	SCZ	neun	vasc	315	116	40	0.126984126984127	0.344827586206897
neun|vasc	Br6369|spd06	Br6369	spd06	SCZ	neun	vasc	364	128	36	0.0989010989010989	0.28125
neun|vasc	Br6369|spd07	Br6369	spd07	SCZ	neun	vasc	15	120	2	0.133333333333333	0.0166666666666667
neun|vasc	Br6389|spd02	Br6389	spd02	NTC	neun	vasc	236	75	5	0.0211864406779661	0.0666666666666667
neun|vasc	Br6389|spd03	Br6389	spd03	NTC	neun	vasc	107	20	4	0.0373831775700935	0.2
neun|vasc	Br6389|spd05	Br6389	spd05	NTC	neun	vasc	134	15	4	0.0298507462686567	0.266666666666667
neun|vasc	Br6389|spd06	Br6389	spd06	NTC	neun	vasc	14	8	0	0	0
neun|vasc	Br6389|spd07	Br6389	spd07	NTC	neun	vasc	3	61	0	0	0
neun|vasc	Br6432|spd02	Br6432	spd02	NTC	neun	vasc	233	7	0	0	0
neun|vasc	Br6432|spd03	Br6432	spd03	NTC	neun	vasc	94	4	1	0.0106382978723404	0.25
neun|vasc	Br6432|spd05	Br6432	spd05	NTC	neun	vasc	115	5	1	0.00869565217391304	0.2
neun|vasc	Br6432|spd06	Br6432	spd06	NTC	neun	vasc	86	3	0	0	0
neun|vasc	Br6432|spd07	Br6432	spd07	NTC	neun	vasc	5	51	0	0	0
neun|vasc	Br6437|spd02	Br6437	spd02	SCZ	neun	vasc	264	138	13	0.0492424242424242	0.0942028985507246
neun|vasc	Br6437|spd03	Br6437	spd03	SCZ	neun	vasc	171	70	10	0.0584795321637427	0.142857142857143
neun|vasc	Br6437|spd05	Br6437	spd05	SCZ	neun	vasc	212	57	16	0.0754716981132076	0.280701754385965
neun|vasc	Br6437|spd06	Br6437	spd06	SCZ	neun	vasc	32	57	2	0.0625	0.0350877192982456
neun|vasc	Br6437|spd07	Br6437	spd07	SCZ	neun	vasc	5	62	2	0.4	0.032258064516129
neun|vasc	Br6496|spd02	Br6496	spd02	SCZ	neun	vasc	234	116	23	0.0982905982905983	0.198275862068966
neun|vasc	Br6496|spd03	Br6496	spd03	SCZ	neun	vasc	150	57	7	0.0466666666666667	0.12280701754386
neun|vasc	Br6496|spd05	Br6496	spd05	SCZ	neun	vasc	184	63	18	0.0978260869565217	0.285714285714286
neun|vasc	Br6496|spd06	Br6496	spd06	SCZ	neun	vasc	28	55	2	0.0714285714285714	0.0363636363636364
neun|vasc	Br6496|spd07	Br6496	spd07	SCZ	neun	vasc	5	71	3	0.6	0.0422535211267606
neun|vasc	Br6560|spd02	Br6560	spd02	SCZ	neun	vasc	392	138	16	0.0408163265306122	0.115942028985507
neun|vasc	Br6560|spd03	Br6560	spd03	SCZ	neun	vasc	166	34	11	0.0662650602409639	0.323529411764706
neun|vasc	Br6560|spd05	Br6560	spd05	SCZ	neun	vasc	379	62	27	0.0712401055408971	0.435483870967742
neun|vasc	Br6560|spd06	Br6560	spd06	SCZ	neun	vasc	37	32	0	0	0
neun|vasc	Br6560|spd07	Br6560	spd07	SCZ	neun	vasc	2	49	0	0	0
neun|vasc	Br8042|spd02	Br8042	spd02	NTC	neun	vasc	374	184	28	0.0748663101604278	0.152173913043478
neun|vasc	Br8042|spd03	Br8042	spd03	NTC	neun	vasc	236	85	20	0.0847457627118644	0.235294117647059
neun|vasc	Br8042|spd05	Br8042	spd05	NTC	neun	vasc	184	59	13	0.0706521739130435	0.220338983050847
neun|vasc	Br8042|spd06	Br8042	spd06	NTC	neun	vasc	51	27	2	0.0392156862745098	0.0740740740740741
neun|vasc	Br8042|spd07	Br8042	spd07	NTC	neun	vasc	4	35	0	0	0
neun|vasc	Br8207|spd02	Br8207	spd02	SCZ	neun	vasc	398	111	39	0.0979899497487437	0.351351351351351
neun|vasc	Br8207|spd03	Br8207	spd03	SCZ	neun	vasc	374	100	31	0.0828877005347594	0.31
neun|vasc	Br8207|spd05	Br8207	spd05	SCZ	neun	vasc	348	71	21	0.0603448275862069	0.295774647887324
neun|vasc	Br8207|spd06	Br8207	spd06	SCZ	neun	vasc	114	25	8	0.0701754385964912	0.32
neun|vasc	Br8207|spd07	Br8207	spd07	SCZ	neun	vasc	5	68	3	0.6	0.0441176470588235
neun|vasc	Br8218|spd02	Br8218	spd02	NTC	neun	vasc	954	312	86	0.090146750524109	0.275641025641026
neun|vasc	Br8218|spd03	Br8218	spd03	NTC	neun	vasc	50	9	3	0.06	0.333333333333333
neun|vasc	Br8218|spd05	Br8218	spd05	NTC	neun	vasc	83	24	10	0.120481927710843	0.416666666666667
neun|vasc	Br8218|spd06	Br8218	spd06	NTC	neun	vasc	128	36	9	0.0703125	0.25
neun|vasc	Br8218|spd07	Br8218	spd07	NTC	neun	vasc	32	100	4	0.125	0.04
neun|vasc	Br8325|spd02	Br8325	spd02	NTC	neun	vasc	519	170	47	0.0905587668593449	0.276470588235294
neun|vasc	Br8325|spd03	Br8325	spd03	NTC	neun	vasc	141	51	12	0.0851063829787234	0.235294117647059
neun|vasc	Br8325|spd05	Br8325	spd05	NTC	neun	vasc	215	58	22	0.102325581395349	0.379310344827586
neun|vasc	Br8325|spd06	Br8325	spd06	NTC	neun	vasc	244	69	21	0.0860655737704918	0.304347826086957
neun|vasc	Br8325|spd07	Br8325	spd07	NTC	neun	vasc	9	80	5	0.555555555555556	0.0625
neun|vasc	Br8406|spd02	Br8406	spd02	NTC	neun	vasc	687	355	74	0.107714701601165	0.208450704225352
neun|vasc	Br8406|spd03	Br8406	spd03	NTC	neun	vasc	74	19	6	0.0810810810810811	0.315789473684211
neun|vasc	Br8406|spd05	Br8406	spd05	NTC	neun	vasc	120	41	10	0.0833333333333333	0.24390243902439
neun|vasc	Br8406|spd06	Br8406	spd06	NTC	neun	vasc	264	79	15	0.0568181818181818	0.189873417721519
neun|vasc	Br8406|spd07	Br8406	spd07	NTC	neun	vasc	22	85	5	0.227272727272727	0.0588235294117647
neun|vasc	Br8433|spd02	Br8433	spd02	NTC	neun	vasc	619	136	31	0.0500807754442649	0.227941176470588
neun|vasc	Br8433|spd03	Br8433	spd03	NTC	neun	vasc	257	53	19	0.0739299610894942	0.358490566037736
neun|vasc	Br8433|spd05	Br8433	spd05	NTC	neun	vasc	213	45	19	0.0892018779342723	0.422222222222222
neun|vasc	Br8433|spd06	Br8433	spd06	NTC	neun	vasc	397	36	17	0.0428211586901763	0.472222222222222
neun|vasc	Br8433|spd07	Br8433	spd07	NTC	neun	vasc	10	94	3	0.3	0.0319148936170213
neun|vasc	Br8492|spd02	Br8492	spd02	NTC	neun	vasc	150	115	10	0.0666666666666667	0.0869565217391304
neun|vasc	Br8492|spd03	Br8492	spd03	NTC	neun	vasc	195	78	18	0.0923076923076923	0.230769230769231
neun|vasc	Br8492|spd05	Br8492	spd05	NTC	neun	vasc	166	59	15	0.0903614457831325	0.254237288135593
neun|vasc	Br8492|spd06	Br8492	spd06	NTC	neun	vasc	21	49	2	0.0952380952380952	0.0408163265306122
neun|vasc	Br8492|spd07	Br8492	spd07	NTC	neun	vasc	2	44	1	0.5	0.0227272727272727
neun|vasc	Br8514|spd02	Br8514	spd02	SCZ	neun	vasc	281	191	28	0.099644128113879	0.146596858638743
neun|vasc	Br8514|spd03	Br8514	spd03	SCZ	neun	vasc	68	29	1	0.0147058823529412	0.0344827586206897
neun|vasc	Br8514|spd05	Br8514	spd05	SCZ	neun	vasc	108	42	4	0.037037037037037	0.0952380952380952
neun|vasc	Br8514|spd06	Br8514	spd06	SCZ	neun	vasc	120	74	6	0.05	0.0810810810810811
neun|vasc	Br8514|spd07	Br8514	spd07	SCZ	neun	vasc	3	101	1	0.333333333333333	0.0099009900990099
neun|vasc	Br8537|spd02	Br8537	spd02	SCZ	neun	vasc	457	156	23	0.050328227571116	0.147435897435897
neun|vasc	Br8537|spd03	Br8537	spd03	SCZ	neun	vasc	54	5	1	0.0185185185185185	0.2
neun|vasc	Br8537|spd05	Br8537	spd05	SCZ	neun	vasc	87	22	7	0.0804597701149425	0.318181818181818
neun|vasc	Br8537|spd06	Br8537	spd06	SCZ	neun	vasc	80	14	3	0.0375	0.214285714285714
neun|vasc	Br8537|spd07	Br8537	spd07	SCZ	neun	vasc	4	10	0	0	0
neun|vasc	Br8667|spd02	Br8667	spd02	NTC	neun	vasc	469	68	17	0.0362473347547974	0.25
neun|vasc	Br8667|spd03	Br8667	spd03	NTC	neun	vasc	251	38	13	0.051792828685259	0.342105263157895
neun|vasc	Br8667|spd05	Br8667	spd05	NTC	neun	vasc	286	36	13	0.0454545454545455	0.361111111111111
neun|vasc	Br8667|spd06	Br8667	spd06	NTC	neun	vasc	361	29	11	0.0304709141274238	0.379310344827586
neun|vasc	Br8667|spd07	Br8667	spd07	NTC	neun	vasc	4	61	2	0.5	0.0327868852459016
neun|vasc	Br8772|spd02	Br8772	spd02	SCZ	neun	vasc	311	121	25	0.0803858520900322	0.206611570247934
neun|vasc	Br8772|spd03	Br8772	spd03	SCZ	neun	vasc	175	53	9	0.0514285714285714	0.169811320754717
neun|vasc	Br8772|spd05	Br8772	spd05	SCZ	neun	vasc	182	44	13	0.0714285714285714	0.295454545454545
neun|vasc	Br8772|spd06	Br8772	spd06	SCZ	neun	vasc	158	34	10	0.0632911392405063	0.294117647058824
neun|vasc	Br8772|spd07	Br8772	spd07	SCZ	neun	vasc	3	58	1	0.333333333333333	0.0172413793103448
