path	source	source_sha256	archived_sha256	source_bytes	archived_bytes	path_normalized
audit/fgf1_neun_vasc_exclusions.tsv	processed-data/17_mediation/audit/fgf1_neun_vasc_exclusions.tsv	1843bfbb380d44dff148031b4c847b753a0425b8ccd1785126c06a6a7a78e07b	1843bfbb380d44dff148031b4c847b753a0425b8ccd1785126c06a6a7a78e07b	2559	2559	False
audit/fgf1_neun_vasc_samples.tsv	processed-data/17_mediation/audit/fgf1_neun_vasc_samples.tsv	ba9ba9d848f24c21f54710708d8612e4bdbedb3169501d47ec19dcb1a949bb6d	ba9ba9d848f24c21f54710708d8612e4bdbedb3169501d47ec19dcb1a949bb6d	17026	17026	False
audit/fgf1_neun_vasc_target_genes.tsv	processed-data/17_mediation/audit/fgf1_neun_vasc_target_genes.tsv	a3037f402ea42ed01fd828ef67c7346e24161b389d8601fea651253117e5a8f2	a3037f402ea42ed01fd828ef67c7346e24161b389d8601fea651253117e5a8f2	82536	82536	False
audit/fgf1_neuropil_vasc_exclusions.tsv	processed-data/17_mediation/audit/fgf1_neuropil_vasc_exclusions.tsv	e81b22f6a6a21b2f22595b0da506f63e3453b639a62514f761dbb2d6c3d6bc13	e81b22f6a6a21b2f22595b0da506f63e3453b639a62514f761dbb2d6c3d6bc13	1215	1215	False
audit/fgf1_neuropil_vasc_samples.tsv	processed-data/17_mediation/audit/fgf1_neuropil_vasc_samples.tsv	5ed23c6103565f62e3f025a39ef2688a45260bebbd5421106c28fb88f037646e	5ed23c6103565f62e3f025a39ef2688a45260bebbd5421106c28fb88f037646e	21095	21095	False
audit/fgf1_neuropil_vasc_target_genes.tsv	processed-data/17_mediation/audit/fgf1_neuropil_vasc_target_genes.tsv	0e1e853afd0745eacdbb9250c9ac8b34bece3fc58de0141a43f47aa8c8a943b0	0e1e853afd0745eacdbb9250c9ac8b34bece3fc58de0141a43f47aa8c8a943b0	81656	81656	False
audit/fgf2_neuropil_vasc_exclusions.tsv	processed-data/17_mediation/audit/fgf2_neuropil_vasc_exclusions.tsv	e81b22f6a6a21b2f22595b0da506f63e3453b639a62514f761dbb2d6c3d6bc13	e81b22f6a6a21b2f22595b0da506f63e3453b639a62514f761dbb2d6c3d6bc13	1215	1215	False
audit/fgf2_neuropil_vasc_samples.tsv	processed-data/17_mediation/audit/fgf2_neuropil_vasc_samples.tsv	5ed23c6103565f62e3f025a39ef2688a45260bebbd5421106c28fb88f037646e	5ed23c6103565f62e3f025a39ef2688a45260bebbd5421106c28fb88f037646e	21095	21095	False
audit/fgf2_neuropil_vasc_target_genes.tsv	processed-data/17_mediation/audit/fgf2_neuropil_vasc_target_genes.tsv	0e1e853afd0745eacdbb9250c9ac8b34bece3fc58de0141a43f47aa8c8a943b0	0e1e853afd0745eacdbb9250c9ac8b34bece3fc58de0141a43f47aa8c8a943b0	81656	81656	False
audit/inventory.tsv	processed-data/17_mediation/audit/inventory.tsv	7f3c5deda6f1837273fd103a30b9fc8fb15690d91ccc3b466b29f1adfb4af007	7f3c5deda6f1837273fd103a30b9fc8fb15690d91ccc3b466b29f1adfb4af007	180	180	False
audit/matched_designs.tsv	processed-data/17_mediation/audit/matched_designs.tsv	b5ddfdf385e5a417d87a5417ecf8dafe6fbb423b97fd12c52d1731aeb5bd147d	b5ddfdf385e5a417d87a5417ecf8dafe6fbb423b97fd12c52d1731aeb5bd147d	322	322	False
audit/neun_available_samples.tsv	processed-data/17_mediation/audit/neun_available_samples.tsv	7cc29efeb35fedabcb85e6c91b382867067af83e84c979ce7b29de1d43cda5cf	7cc29efeb35fedabcb85e6c91b382867067af83e84c979ce7b29de1d43cda5cf	21745	21745	False
audit/neuropil_available_samples.tsv	processed-data/17_mediation/audit/neuropil_available_samples.tsv	79983ad1bf92764a9e6dcf616c57757b933cf00e8d63f547c8d2ef82f91e2f1b	79983ad1bf92764a9e6dcf616c57757b933cf00e8d63f547c8d2ef82f91e2f1b	30239	30239	False
audit/ptn_vasc_neun_exclusions.tsv	processed-data/17_mediation/audit/ptn_vasc_neun_exclusions.tsv	50f3e0a470e04157c35b7f11620290c1c483b6a90d1503b5fd1abbf2c682d317	50f3e0a470e04157c35b7f11620290c1c483b6a90d1503b5fd1abbf2c682d317	2559	2559	False
audit/ptn_vasc_neun_samples.tsv	processed-data/17_mediation/audit/ptn_vasc_neun_samples.tsv	785de02b064f8fb601529dc144ec856ebcaf758f62255ee6fa5bd3f8e76bae11	785de02b064f8fb601529dc144ec856ebcaf758f62255ee6fa5bd3f8e76bae11	17145	17145	False
audit/ptn_vasc_neun_target_genes.tsv	processed-data/17_mediation/audit/ptn_vasc_neun_target_genes.tsv	6f22870e66756122febb90d9c89efaf94fc570544e5947a5c0e71dd478dcd8ef	6f22870e66756122febb90d9c89efaf94fc570544e5947a5c0e71dd478dcd8ef	211352	211352	False
audit/ptn_vasc_neuropil_exclusions.tsv	processed-data/17_mediation/audit/ptn_vasc_neuropil_exclusions.tsv	bfe42ade2d1c03112448e79a5d233783e17fcf0cff00088076d3b6e091bf8a47	bfe42ade2d1c03112448e79a5d233783e17fcf0cff00088076d3b6e091bf8a47	1215	1215	False
audit/ptn_vasc_neuropil_samples.tsv	processed-data/17_mediation/audit/ptn_vasc_neuropil_samples.tsv	c98a8205077d7ec1f73205f60825478aabfd68ae0f9cb0d2216c1425246d3c7f	c98a8205077d7ec1f73205f60825478aabfd68ae0f9cb0d2216c1425246d3c7f	21325	21325	False
audit/ptn_vasc_neuropil_target_genes.tsv	processed-data/17_mediation/audit/ptn_vasc_neuropil_target_genes.tsv	c57bd1124f5ae61c09c760f22487c981ec45fc46c44657d9c85d2723896bc167	c57bd1124f5ae61c09c760f22487c981ec45fc46c44657d9c85d2723896bc167	188104	188104	False
audit/vasc_available_samples.tsv	processed-data/17_mediation/audit/vasc_available_samples.tsv	8644da2c7c5e832f4ba4aa975859203b75c9a0a5aec7e3f4095df3e5a5fa72a7	8644da2c7c5e832f4ba4aa975859203b75c9a0a5aec7e3f4095df3e5a5fa72a7	24685	24685	False
historical/neun_reproduction.tsv.gz	processed-data/17_mediation/historical/neun_reproduction.tsv.gz	e4025a6399fe0cee009684857d627047f2a3b663c40035a1347d7b95675e822f	e4025a6399fe0cee009684857d627047f2a3b663c40035a1347d7b95675e822f	1214119	1214119	False
historical/neuropil_reproduction.tsv.gz	processed-data/17_mediation/historical/neuropil_reproduction.tsv.gz	ed86a14bff9967b9feea0035bb8d61caeabca534cdda1520ffaaa5c04e2bebb2	ed86a14bff9967b9feea0035bb8d61caeabca534cdda1520ffaaa5c04e2bebb2	870390	870390	False
historical/reconciliation.tsv	processed-data/17_mediation/historical/reconciliation.tsv	4606ee7f9970171b68bd66bcac5c2a21036bd6ff4e01f8dcd8d81f53a09ed055	4606ee7f9970171b68bd66bcac5c2a21036bd6ff4e01f8dcd8d81f53a09ed055	293	293	False
historical/vasc_reproduction.tsv.gz	processed-data/17_mediation/historical/vasc_reproduction.tsv.gz	66899e026679079e14d85799c41ad28c987d3bdc2c2d3f4f9e972a7054173fe9	66899e026679079e14d85799c41ad28c987d3bdc2c2d3f4f9e972a7054173fe9	372086	372086	False
logs/hit-fixture-36115761.log	processed-data/17_mediation/logs/hit-fixture-36115761.log	5e7a88082450cc15ba1cecbeff8a6700f9a5606d69d5bd4c28c62e9158ced4d2	5e7a88082450cc15ba1cecbeff8a6700f9a5606d69d5bd4c28c62e9158ced4d2	2848	2848	False
logs/overlap-36115731.log	processed-data/17_mediation/logs/overlap-36115731.log	ffc5f6ab6464f9d2e2b8cf6e2a88338d1653f3f26672cbaceee861fac33fd9f7	ffc5f6ab6464f9d2e2b8cf6e2a88338d1653f3f26672cbaceee861fac33fd9f7	119	119	False
logs/preview-36115782.log	processed-data/17_mediation/logs/preview-36115782.log	ccfad3f124f6bc5dd40998989e816dd87b9e362bd5fc7a03bed6174d94b6c199	ccfad3f124f6bc5dd40998989e816dd87b9e362bd5fc7a03bed6174d94b6c199	75	75	False
logs/primary-36114706.log	processed-data/17_mediation/logs/primary-36114706.log	aecaf2cd7c16ff5e234e6599fc9d7e9c7541476da3c82c0d0c454b1d860c8e73	aecaf2cd7c16ff5e234e6599fc9d7e9c7541476da3c82c0d0c454b1d860c8e73	6228	6228	False
overlap/overlap_by_diagnosis.tsv	processed-data/17_mediation/overlap/overlap_by_diagnosis.tsv	38a0ab689b7ed095bb9092f8a941b60cdbd63d152b2b29fc022dd7ad7998a7d8	38a0ab689b7ed095bb9092f8a941b60cdbd63d152b2b29fc022dd7ad7998a7d8	151	151	False
overlap/raw_input_fingerprint.tsv	processed-data/17_mediation/overlap/raw_input_fingerprint.tsv	0a329d3b803f4729d628322e3a70d3f595709c95e2afb60a3daaf8237433df75	fd39d7721ffc6eb219bfc284bb444b0a40dc9c28c7868cc0a6b329f8970082b0	201	166	True
overlap/raw_pseudobulk_reconciliation.tsv	processed-data/17_mediation/overlap/raw_pseudobulk_reconciliation.tsv	5ee56ca14dfd0d9a2e900dcb382a4604869bcbe755fbd19b673d86ebd1397d59	5ee56ca14dfd0d9a2e900dcb382a4604869bcbe755fbd19b673d86ebd1397d59	130	130	False
overlap/spot_overlap.tsv	processed-data/17_mediation/overlap/spot_overlap.tsv	81d166ca8e6be556203fc9bf43178100a3bc7676fb56cb9eb9c4bff9b111f773	81d166ca8e6be556203fc9bf43178100a3bc7676fb56cb9eb9c4bff9b111f773	58890	58890	False
overlap/status.tsv	processed-data/17_mediation/overlap/status.tsv	d899edf24fcd8f871d88fee28b815abf9178722205d79296147fe370448a58ee	d899edf24fcd8f871d88fee28b815abf9178722205d79296147fe370448a58ee	648	648	False
primary/all_pairs.tsv.gz	processed-data/17_mediation/primary/all_pairs.tsv.gz	35ddc6b218d892e1b89f88b31aaefc7ef6207721ef0578848b20426a36112196	35ddc6b218d892e1b89f88b31aaefc7ef6207721ef0578848b20426a36112196	10435547	10435547	False
primary/fgf1_neun_vasc_results.tsv.gz	processed-data/17_mediation/primary/fgf1_neun_vasc_results.tsv.gz	43326e56cef657cdc3fba8c17186f3fe76a94627df647fd4305e94a85a3f118a	43326e56cef657cdc3fba8c17186f3fe76a94627df647fd4305e94a85a3f118a	1296875	1296875	False
primary/fgf1_neun_vasc_samples.tsv	processed-data/17_mediation/primary/fgf1_neun_vasc_samples.tsv	e42c524df481e524c793585c4bafdfc102c8f6205c30519e44b014a887437520	e42c524df481e524c793585c4bafdfc102c8f6205c30519e44b014a887437520	24764	24764	False
primary/fgf1_neuropil_vasc_results.tsv.gz	processed-data/17_mediation/primary/fgf1_neuropil_vasc_results.tsv.gz	874f6a80237523601aa4463bd8b841a583b0f878f7bf22f5072ad23bd1b5ca2a	874f6a80237523601aa4463bd8b841a583b0f878f7bf22f5072ad23bd1b5ca2a	1285116	1285116	False
primary/fgf1_neuropil_vasc_samples.tsv	processed-data/17_mediation/primary/fgf1_neuropil_vasc_samples.tsv	c1bd33f2dccc6beebf9cd7d10cd61d6428e9f0af1f876a2f5efc86abbe732583	c1bd33f2dccc6beebf9cd7d10cd61d6428e9f0af1f876a2f5efc86abbe732583	30630	30630	False
primary/fgf2_neuropil_vasc_results.tsv.gz	processed-data/17_mediation/primary/fgf2_neuropil_vasc_results.tsv.gz	12305d68b2cf650c6dfeb7af1e0f829ecf0736a0b3c8217ac7ce8cc84fbd06a6	12305d68b2cf650c6dfeb7af1e0f829ecf0736a0b3c8217ac7ce8cc84fbd06a6	1291333	1291333	False
primary/fgf2_neuropil_vasc_samples.tsv	processed-data/17_mediation/primary/fgf2_neuropil_vasc_samples.tsv	355e63dd7e4a3427dbc43757825d8d276e91d96aba57b8194161ec54458b3e05	355e63dd7e4a3427dbc43757825d8d276e91d96aba57b8194161ec54458b3e05	30651	30651	False
primary/mediator_gates.tsv	processed-data/17_mediation/primary/mediator_gates.tsv	c94e3070d189ed128c7f475fd27a3dafef9c9e103a30a3ceda59c6dc1b732b4f	c94e3070d189ed128c7f475fd27a3dafef9c9e103a30a3ceda59c6dc1b732b4f	584	584	False
primary/ptn_vasc_neun_results.tsv.gz	processed-data/17_mediation/primary/ptn_vasc_neun_results.tsv.gz	148da00e98e40b000c19873ec1dfe2bf145e49e50acf8a09f029968b0ef0058c	148da00e98e40b000c19873ec1dfe2bf145e49e50acf8a09f029968b0ef0058c	3351940	3351940	False
primary/ptn_vasc_neun_samples.tsv	processed-data/17_mediation/primary/ptn_vasc_neun_samples.tsv	36b866f2b240ee8d7ac366b5bf54f893baae863a269056057e8fa1471b2905bc	36b866f2b240ee8d7ac366b5bf54f893baae863a269056057e8fa1471b2905bc	24863	24863	False
primary/ptn_vasc_neuropil_results.tsv.gz	processed-data/17_mediation/primary/ptn_vasc_neuropil_results.tsv.gz	f49f79636f37c3b8b903916bd96a2df46fa27f30eb19c703950e21f291c89042	f49f79636f37c3b8b903916bd96a2df46fa27f30eb19c703950e21f291c89042	2986973	2986973	False
primary/ptn_vasc_neuropil_samples.tsv	processed-data/17_mediation/primary/ptn_vasc_neuropil_samples.tsv	91521b0c3e80851de1b2d7b9e6750b72d425721ec823e20d14b917bfd2c6ff82	91521b0c3e80851de1b2d7b9e6750b72d425721ec823e20d14b917bfd2c6ff82	30888	30888	False
primary/screening_hits.tsv	processed-data/17_mediation/primary/screening_hits.tsv	cedee9aef92a4f9dcbd4786b8ceb6b9ce996ecec23e9c79d4ef31647d2ce90f3	cedee9aef92a4f9dcbd4786b8ceb6b9ce996ecec23e9c79d4ef31647d2ce90f3	651	651	False
primary/status.tsv	processed-data/17_mediation/primary/status.tsv	fd097e5e5cee65fde09c535def245d1922790c4f0bef464dad4cf5f8c62dac82	830554345104321057a0fd1b27e85fd29010856e39feb1ccc3c11a9b5b599350	1377	1202	True
provenance/d7fb6893ce5cf7afaa6a2d627eb7359ca2bfb80766e0ec811c96cb589953be8b/code_fingerprints.tsv	processed-data/17_mediation/provenance/d7fb6893ce5cf7afaa6a2d627eb7359ca2bfb80766e0ec811c96cb589953be8b/code_fingerprints.tsv	ec260ab6ae6cd24f95665d41d091a3f31d763a3c75c62bce1ffe48868846bc48	c4bfcc485afd01ed77f1ea846227b07b55974b390fe6980ccc70e22eea2728f2	987	707	True
provenance/d7fb6893ce5cf7afaa6a2d627eb7359ca2bfb80766e0ec811c96cb589953be8b/config.rds	processed-data/17_mediation/provenance/d7fb6893ce5cf7afaa6a2d627eb7359ca2bfb80766e0ec811c96cb589953be8b/config.rds	3928e1aa6ba0c8be473c2e6b061349d22267e52a0758598c7fbda97626090c45	3928e1aa6ba0c8be473c2e6b061349d22267e52a0758598c7fbda97626090c45	625	625	False
provenance/d7fb6893ce5cf7afaa6a2d627eb7359ca2bfb80766e0ec811c96cb589953be8b/input_fingerprints.tsv	processed-data/17_mediation/provenance/d7fb6893ce5cf7afaa6a2d627eb7359ca2bfb80766e0ec811c96cb589953be8b/input_fingerprints.tsv	1db647a7323db9919d4ca03a1678d8e004c9927f8a521583759098e093f33e10	188dcf244815751f44c59074e0308b2563c574dda17f6d6e5b8458963e9b6a1e	1226	981	True
provenance/d7fb6893ce5cf7afaa6a2d627eb7359ca2bfb80766e0ec811c96cb589953be8b/invocation_overlap.tsv	processed-data/17_mediation/provenance/d7fb6893ce5cf7afaa6a2d627eb7359ca2bfb80766e0ec811c96cb589953be8b/invocation_overlap.tsv	aa300e06df7f3886278ccd195b370287f5cd6ec440bebed2cd591d6b1789fedc	aa300e06df7f3886278ccd195b370287f5cd6ec440bebed2cd591d6b1789fedc	214	214	False
provenance/d7fb6893ce5cf7afaa6a2d627eb7359ca2bfb80766e0ec811c96cb589953be8b/invocation_primary.tsv	processed-data/17_mediation/provenance/d7fb6893ce5cf7afaa6a2d627eb7359ca2bfb80766e0ec811c96cb589953be8b/invocation_primary.tsv	e46e77ffa7e9bcad10bfc6f58088909648dc075bf8453132fcbb255422e9236b	e46e77ffa7e9bcad10bfc6f58088909648dc075bf8453132fcbb255422e9236b	214	214	False
provenance/d7fb6893ce5cf7afaa6a2d627eb7359ca2bfb80766e0ec811c96cb589953be8b/invocation_report.tsv	processed-data/17_mediation/provenance/d7fb6893ce5cf7afaa6a2d627eb7359ca2bfb80766e0ec811c96cb589953be8b/invocation_report.tsv	8d0e5af104e695aa2750caf7ad265b7d73b2539c507fa28a705451d4b017c08e	8d0e5af104e695aa2750caf7ad265b7d73b2539c507fa28a705451d4b017c08e	213	213	False
provenance/d7fb6893ce5cf7afaa6a2d627eb7359ca2bfb80766e0ec811c96cb589953be8b/repository_commit.txt	processed-data/17_mediation/provenance/d7fb6893ce5cf7afaa6a2d627eb7359ca2bfb80766e0ec811c96cb589953be8b/repository_commit.txt	fdcaee9531219bc19734220a37396cceff92b0d55ba4541e8af55eecb0678b38	fdcaee9531219bc19734220a37396cceff92b0d55ba4541e8af55eecb0678b38	41	41	False
provenance/d7fb6893ce5cf7afaa6a2d627eb7359ca2bfb80766e0ec811c96cb589953be8b/screens.tsv	processed-data/17_mediation/provenance/d7fb6893ce5cf7afaa6a2d627eb7359ca2bfb80766e0ec811c96cb589953be8b/screens.tsv	383963e4947679a28a3245c93eec5ef450fc28d85f86854e391f9b1fbb7f2f90	383963e4947679a28a3245c93eec5ef450fc28d85f86854e391f9b1fbb7f2f90	401	401	False
provenance/d7fb6893ce5cf7afaa6a2d627eb7359ca2bfb80766e0ec811c96cb589953be8b/sessionInfo.txt	processed-data/17_mediation/provenance/d7fb6893ce5cf7afaa6a2d627eb7359ca2bfb80766e0ec811c96cb589953be8b/sessionInfo.txt	c0655248d1bc9fbada08c7c6869d19955e867e2acf8f2035ec745b889d625468	c0655248d1bc9fbada08c7c6869d19955e867e2acf8f2035ec745b889d625468	2074	2074	False
report/RESULTS.md	processed-data/17_mediation/report/RESULTS.md	7b3cdff416bd440684720645ef70b6c944d487c53b6d6b94f008f0e98ffee021	7b3cdff416bd440684720645ef70b6c944d487c53b6d6b94f008f0e98ffee021	1770	1770	False
report/screen_summary.tsv	processed-data/17_mediation/report/screen_summary.tsv	186ca73249ddca043430b7e256e19da31c409a667c16fd376a71d52448ddbf1a	186ca73249ddca043430b7e256e19da31c409a667c16fd376a71d52448ddbf1a	727	727	False
sensitivity/fgf1_neun_vasc_fixed_weights.tsv.gz	processed-data/17_mediation/sensitivity/fgf1_neun_vasc_fixed_weights.tsv.gz	925fad50abf1a50b8f01228f35b11d322695d5471aa3475e269c77dc3c6fc6e0	925fad50abf1a50b8f01228f35b11d322695d5471aa3475e269c77dc3c6fc6e0	1298006	1298006	False
sensitivity/fgf1_neun_vasc_matched_logcounts.tsv.gz	processed-data/17_mediation/sensitivity/fgf1_neun_vasc_matched_logcounts.tsv.gz	d77524077d3d5cf50666433bc87a1f61faa352b3284ac6422e0ddfb91f8d9bb1	d77524077d3d5cf50666433bc87a1f61faa352b3284ac6422e0ddfb91f8d9bb1	1263671	1263671	False
sensitivity/fgf1_neun_vasc_slide_rin.tsv.gz	processed-data/17_mediation/sensitivity/fgf1_neun_vasc_slide_rin.tsv.gz	6a259be1928f8b3792ed0f916c2e580aa39f68cfe0477608887bcc46f93cc1ba	6a259be1928f8b3792ed0f916c2e580aa39f68cfe0477608887bcc46f93cc1ba	1300522	1300522	False
sensitivity/fgf1_neun_vasc_without_spd07.tsv.gz	processed-data/17_mediation/sensitivity/fgf1_neun_vasc_without_spd07.tsv.gz	f7288d0c86aa6639ec6b000076855be801594232793425e69e820bdcaa710f09	f7288d0c86aa6639ec6b000076855be801594232793425e69e820bdcaa710f09	1284682	1284682	False
sensitivity/fgf1_neuropil_vasc_fixed_weights.tsv.gz	processed-data/17_mediation/sensitivity/fgf1_neuropil_vasc_fixed_weights.tsv.gz	f51d11f3caec73edcbe08b063cb991997eb5fc40c422439796ecf5963e0054e5	f51d11f3caec73edcbe08b063cb991997eb5fc40c422439796ecf5963e0054e5	1287159	1287159	False
sensitivity/fgf1_neuropil_vasc_matched_logcounts.tsv.gz	processed-data/17_mediation/sensitivity/fgf1_neuropil_vasc_matched_logcounts.tsv.gz	1b1e51956dea33ce71cb63c2e5b9f61502d8bb073e90e4336ab3b24adbcebc56	1b1e51956dea33ce71cb63c2e5b9f61502d8bb073e90e4336ab3b24adbcebc56	1255398	1255398	False
sensitivity/fgf1_neuropil_vasc_slide_rin.tsv.gz	processed-data/17_mediation/sensitivity/fgf1_neuropil_vasc_slide_rin.tsv.gz	a39e964298831bd924790f7c657c5afac8d5fe21c85f42aa5873c70acef7dc50	a39e964298831bd924790f7c657c5afac8d5fe21c85f42aa5873c70acef7dc50	1287896	1287896	False
sensitivity/fgf2_neuropil_vasc_fixed_weights.tsv.gz	processed-data/17_mediation/sensitivity/fgf2_neuropil_vasc_fixed_weights.tsv.gz	01dabe6c1c70446ad9587844a5ffe3d79e92b6156cd26f4b9de17531e2379d1d	01dabe6c1c70446ad9587844a5ffe3d79e92b6156cd26f4b9de17531e2379d1d	1291331	1291331	False
sensitivity/fgf2_neuropil_vasc_matched_logcounts.tsv.gz	processed-data/17_mediation/sensitivity/fgf2_neuropil_vasc_matched_logcounts.tsv.gz	6dcc4be3199fb2d737351be73ee9747c452e4433d16ec0dc4f26685f89b18455	6dcc4be3199fb2d737351be73ee9747c452e4433d16ec0dc4f26685f89b18455	1254265	1254265	False
sensitivity/fgf2_neuropil_vasc_slide_rin.tsv.gz	processed-data/17_mediation/sensitivity/fgf2_neuropil_vasc_slide_rin.tsv.gz	ac57b22514d8475c64643e70a458e8692a2c3d56be35ff357e97938d8065e127	ac57b22514d8475c64643e70a458e8692a2c3d56be35ff357e97938d8065e127	1292500	1292500	False
sensitivity/ptn_vasc_neun_fixed_weights.tsv.gz	processed-data/17_mediation/sensitivity/ptn_vasc_neun_fixed_weights.tsv.gz	a4e37d36ca621e58ddb4b4ef6deb94ae75ddaaff36584cdbfc244536f77a2c9f	a4e37d36ca621e58ddb4b4ef6deb94ae75ddaaff36584cdbfc244536f77a2c9f	3349361	3349361	False
sensitivity/ptn_vasc_neun_matched_logcounts.tsv.gz	processed-data/17_mediation/sensitivity/ptn_vasc_neun_matched_logcounts.tsv.gz	4e158550442bcde71e1d7aff241d7051f43d3307757533cceaa01d32ee1222b4	4e158550442bcde71e1d7aff241d7051f43d3307757533cceaa01d32ee1222b4	3325870	3325870	False
sensitivity/ptn_vasc_neun_slide_rin.tsv.gz	processed-data/17_mediation/sensitivity/ptn_vasc_neun_slide_rin.tsv.gz	9f890c255bab145ae3b809fcdf23e90ca827ab0084d67e4e1932ac6c216c0730	9f890c255bab145ae3b809fcdf23e90ca827ab0084d67e4e1932ac6c216c0730	3354517	3354517	False
sensitivity/ptn_vasc_neun_without_spd07.tsv.gz	processed-data/17_mediation/sensitivity/ptn_vasc_neun_without_spd07.tsv.gz	a02b79e8ee79fe0a8b2564760e66d4c0f6ca6cb76ab562411e8707b09892ba5f	a02b79e8ee79fe0a8b2564760e66d4c0f6ca6cb76ab562411e8707b09892ba5f	3178032	3178032	False
sensitivity/ptn_vasc_neuropil_fixed_weights.tsv.gz	processed-data/17_mediation/sensitivity/ptn_vasc_neuropil_fixed_weights.tsv.gz	ee0bb3ef3192848898a9256da21950fd4246a5a0cda59568cc91e8634f354eb6	ee0bb3ef3192848898a9256da21950fd4246a5a0cda59568cc91e8634f354eb6	2988674	2988674	False
sensitivity/ptn_vasc_neuropil_matched_logcounts.tsv.gz	processed-data/17_mediation/sensitivity/ptn_vasc_neuropil_matched_logcounts.tsv.gz	a26ca041aa10fdfcea62d615f63669644d0864619482d53bdea24576beed9f94	a26ca041aa10fdfcea62d615f63669644d0864619482d53bdea24576beed9f94	2973184	2973184	False
sensitivity/ptn_vasc_neuropil_slide_rin.tsv.gz	processed-data/17_mediation/sensitivity/ptn_vasc_neuropil_slide_rin.tsv.gz	c50db3af5a4e7550555a2e15115528afaea591044da162ef727e179d0578321b	c50db3af5a4e7550555a2e15115528afaea591044da162ef727e179d0578321b	2991851	2991851	False
sensitivity/status.tsv	processed-data/17_mediation/sensitivity/status.tsv	543c7e19c9f5ae5bbe830545c4a80288735db97b8d292d3523ce4d2443c7f672	543c7e19c9f5ae5bbe830545c4a80288735db97b8d292d3523ce4d2443c7f672	1845	1845	False
figures/primary_diagnostics.pdf	plots/17_mediation/primary_diagnostics.pdf	14ade00310cd40afe030e7039760e18dd7a534140da390361fd8c5709c5464f9	14ade00310cd40afe030e7039760e18dd7a534140da390361fd8c5709c5464f9	218704	218704	False
