...1,t_stat_ntc,t_stat_scz,p_value_ntc,p_value_scz,fdr_ntc,fdr_scz,logFC_ntc,logFC_scz,ensembl,gene,Length,gencodeID,gene_type,Symbol,EntrezID,Class,meanExprs,NumTx,gencodeTx,passExprsCut,logFC,AveExpr,t,P.Value,adj.P.Val,B,study_sig,SynGO,synGO
ENSG00000132744,5.8456357423978504,-5.84563574239784,1.0327279606451e-8,1.03272796064517e-8,2.88688774118732e-5,2.88688774118751e-5,0.982479919116839,-0.982479919116837,ENSG00000132744,ACY3,1300,ENSG00000132744.7,protein_coding,ACY3,91703,InGen,1.0624710547349434,2,"c(""ENST00000255082.7"", ""ENST00000529256.1"")",TRUE,-0.3132985836986686,-0.18859159750565901,-2.740371522901968,0.006446154836965826,0.15119943771729927,-2.3777061849522734,SCZ-DEG,FALSE,FALSE
ENSG00000113369,-5.72547240937174,5.72547240937174,1.99954826890906e-8,1.99954826890902e-8,4.65794769242366e-5,4.65794769242357e-5,-0.457675949641512,0.457675949641512,ENSG00000113369,ARRDC3,4934,ENSG00000113369.8,protein_coding,ARRDC3,57561,InGen,12.780844165251503,7,"c(""ENST00000265138.3"", ""ENST00000511391.1"", ""ENST00000505631.1"", ""ENST00000514284.5"", ""ENST00000508948.5"", ""ENST00000503192.5"", ""ENST00000507075.1"")",TRUE,0.08683327924545121,5.809569220961054,1.9600262254343181,0.05077211325928036,0.35625985557129153,-4.893718592748199,SCZ-DEG,FALSE,FALSE
ENSG00000157005,5.52358739121157,-5.52358739121156,5.91928598557567e-8,5.91928598557571e-8,8.27338602203911e-5,8.27338602203917e-5,0.828438540345365,-0.828438540345365,ENSG00000157005,SST,618,ENSG00000157005.3,protein_coding,SST,6750,InGen,20.389548697048877,1,ENST00000287641.3,TRUE,-0.06982135988091782,3.57709804324301,-1.2882474763504688,0.19849613231210378,0.598304317930871,-5.595147369736229,SCZ-DEG,TRUE,TRUE
ENSG00000197728,5.45694145547959,-5.45694145547961,8.4115722497775e-8,8.41157224977638e-8,1.0688049575921e-4,1.068804957592e-4,0.399629875311333,-0.399629875311335,ENSG00000197728,RPS26,1943,ENSG00000197728.9,protein_coding,RPS26,6231,InGen,22.162720355011167,3,"c(""ENST00000356464.9"", ""ENST00000552361.1"", ""ENST00000548590.1"")",TRUE,-0.017500556858103478,5.34779441497999,-0.39480437543171343,0.6932235947066876,0.9081837902134597,-6.639519521838184,SCZ-DEG,TRUE,TRUE
ENSG00000096060,-5.18879839174702,5.18879839174702,3.3396020358428e-7,3.3396020358428e-7,3.4418274139195e-4,3.4418274139195e-4,-0.512828911852293,0.512828911852293,ENSG00000096060,FKBP5,10628,ENSG00000096060.14,protein_coding,FKBP5,2289,InGen,2.5041345842349094,4,"c(""ENST00000539068.5"", ""ENST00000536438.5"", ""ENST00000357266.8"", ""ENST00000542713.1"")",TRUE,0.043527410428630016,4.544657266004649,0.65504281797255,0.5128630289754037,0.8270517948159772,-6.397833575136211,SCZ-DEG,FALSE,FALSE
ENSG00000011600,5.18248283824754,-5.18248283824754,3.44749114937927e-7,3.44749114937928e-7,3.4418274139195e-4,3.4418274139195e-4,0.821023495676934,-0.821023495676933,ENSG00000011600,TYROBP,907,ENSG00000011600.11,protein_coding,TYROBP,7305,InGen,3.1565130276641367,9,"c(""ENST00000424586.7"", ""ENST00000587837.5"", ""ENST00000585901.6"", ""ENST00000544690.6"", ""ENST00000262629.8"", ""ENST00000586946.1"", ""ENST00000588439.1"", ""ENST00000589517.1"", ""ENST00000585626.1"")",TRUE,-0.2353319439282067,1.008479251529245,-2.903379224789078,0.003921667781631772,0.12352615267937297,-2.009734176785443,SCZ-DEG,FALSE,FALSE
ENSG00000134201,-5.07543999636041,5.07543999636043,5.88109079622006e-7,5.88109079621966e-7,4.8352944740451e-4,4.8352944740448e-4,-0.78642340233764,0.786423402337642,ENSG00000134201,GSTM5,6013,ENSG00000134201.10,protein_coding,GSTM5,2949,InGen,1.5560770795334173,6,"c(""ENST00000256593.7"", ""ENST00000369813.5"", ""ENST00000429410.2"", ""ENST00000369812.6"", ""ENST00000492718.1"", ""ENST00000483153.1"")",TRUE,0.052688781012693524,3.0481926138635966,0.4811096830692226,0.6307339835412211,0.8825049186820014,-6.167172183024274,SCZ-DEG,FALSE,FALSE
ENSG00000116774,5.07895226495632,-5.07895226495631,5.77975835648926e-7,5.7797583564895e-7,4.8352944740451e-4,4.8352944740448e-4,0.763192286359583,-0.763192286359582,ENSG00000116774,OLFML3,2821,ENSG00000116774.11,protein_coding,OLFML3,56944,InGen,2.02176096419048,5,"c(""ENST00000393300.6"", ""ENST00000369551.5"", ""ENST00000320334.4"", ""ENST00000491700.1"", ""ENST00000633022.1"")",TRUE,-0.09757062067691678,2.175021956564777,-1.6945959935094037,0.09102623079373368,0.44743994860760244,-4.718607100364116,SCZ-DEG,FALSE,FALSE
ENSG00000091513,5.05013503868504,-5.05013503868502,6.66368840257866e-7,6.66368840257907e-7,4.9020196212022e-4,4.9020196212025e-4,0.386956842773716,-0.386956842773715,ENSG00000091513,TF,8565,ENSG00000091513.14,protein_coding,TF,7018,InGen,38.29279849073219,14,"c(""ENST00000402696.7"", ""ENST00000466911.5"", ""ENST00000474287.5"", ""ENST00000460531.5"", ""ENST00000414694.5"", ""ENST00000494430.5"", ""ENST00000493011.5"", ""ENST00000482271.5"", ""ENST00000485977.1"", ""ENST00000475382.5"", ""ENST00000498622.1"", ""ENST00000461695.1"", ""ENST00000462495.1"", ""ENST00000467842.1"")",TRUE,-0.19392186215170323,8.269575079440411,-2.7562804643626526,0.006147120146214438,0.14886367350043103,-3.253285469233033,SCZ-DEG,FALSE,FALSE
ENSG00000256618,-4.92403288438328,4.92403288438328,1.23248927922486e-6,1.2324892792248e-6,8.2030965027265e-4,8.2030965027262e-4,-0.978974116273184,0.978974116273185,ENSG00000256618,MTRNR2L1,1553,ENSG00000256618.2,protein_coding,MTRNR2L1,100462977,InGen,0.35052090117244933,1,ENST00000540040.2,TRUE,-0.15105005363804647,-5.117612943931731,-1.2981830199083368,0.19506448633325207,0.5954722300070789,-4.514940185685464,SCZ-DEG,FALSE,FALSE
ENSG00000162511,4.72676915155832,-4.72676915155832,3.14360862763317e-6,3.14360862763318e-6,0.00191035729514908,0.00191035729514909,0.640487476294304,-0.640487476294303,ENSG00000162511,LAPTM5,3274,ENSG00000162511.7,protein_coding,LAPTM5,7805,InGen,6.046793874455253,3,"c(""ENST00000294507.3"", ""ENST00000464569.1"", ""ENST00000476492.1"")",TRUE,-0.20646100386991528,4.056599237732531,-2.80369041922164,0.005328894161135845,0.1423800395000299,-2.6831811945991646,SCZ-DEG,FALSE,FALSE
ENSG00000129538,4.71427703179086,-4.71427703179084,3.33211290757744e-6,3.33211290757771e-6,0.00194053925455041,0.00194053925455057,0.313872641062544,-0.313872641062543,ENSG00000129538,RNASE1,1506,ENSG00000129538.13,protein_coding,RNASE1,6035,InGen,28.917752328669955,5,"c(""ENST00000397967.4"", ""ENST00000340900.3"", ""ENST00000412779.2"", ""ENST00000555698.5"", ""ENST00000397970.4"")",TRUE,-0.12716872862618794,5.400199869965952,-2.276434480249473,0.023412922179586584,0.25882303030097237,-4.172666693100885,SCZ-DEG,FALSE,FALSE
ENSG00000241563,4.63934749690674,-4.63934749690674,4.71262704723173e-6,4.71262704723175e-6,0.00244649027390914,0.00244649027390903,0.572703401868148,-0.572703401868148,ENSG00000241563,CORT,1130,ENSG00000241563.3,protein_coding,CORT,1325,InGen,1.510268616815007,1,ENST00000377049.3,TRUE,-0.0335479888638075,0.9423641233565464,-0.7612238842617836,0.44702707875381475,0.7911387180130396,-5.546513480772618,SCZ-DEG,FALSE,FALSE
ENSG00000178209,-4.63873108138555,4.63873108138556,4.72599537780259e-6,4.72599537780237e-6,0.00244649027390914,0.00244649027390903,-0.189038052796334,0.189038052796334,ENSG00000178209,PLEC,16991,ENSG00000178209.14,protein_coding,PLEC,5339,InGen,10.48422888832906,15,"c(""ENST00000345136.7"", ""ENST00000357649.6"", ""ENST00000354589.7"", ""ENST00000398774.6"", ""ENST00000322810.8"", ""ENST00000354958.6"", ""ENST00000356346.7"", ""ENST00000436759.6"", ""ENST00000527096.5"", ""ENST00000527303.1"", ""ENST00000528025.5"", ""ENST00000526416.5"", ""ENST00000527816.5"", ""ENST00000528131.1"", ""ENST00000532346.1"")",TRUE,0.0034087809395682575,7.592454826054548,0.15211929495581955,0.8791789823447724,0.9680035372625182,-6.9338641542499735,SCZ-DEG,FALSE,FALSE
ENSG00000140749,4.64617483030703,-4.64617483030705,4.56697158275784e-6,4.56697158275758e-6,0.00244649027390914,0.00244649027390903,0.798368660318933,-0.798368660318935,ENSG00000140749,IGSF6,3532,ENSG00000140749.8,protein_coding,IGSF6,10261,InGen,0.8084150482522838,3,"c(""ENST00000268389.5"", ""ENST00000569602.1"", ""ENST00000565499.1"")",TRUE,-0.23394548984738783,1.2056661751669633,-2.985868426000847,0.0030233525306643757,0.10896445407300906,-1.8025404447380282,SCZ-DEG,FALSE,FALSE
ENSG00000118777,4.62107789263243,-4.62107789263242,5.12469193726883e-6,5.12469193726895e-6,0.00255813640025737,0.00255813640025743,0.44535740284137,-0.44535740284137,ENSG00000118777,ABCG2,4848,ENSG00000118777.10,protein_coding,ABCG2,9429,InGen,6.779595229237328,4,"c(""ENST00000515655.5"", ""ENST00000237612.7"", ""ENST00000505480.5"", ""ENST00000503830.1"")",TRUE,-0.11952894133218338,5.192231387032862,-2.586600212505356,0.010088799916115781,0.1823732591193879,-3.4130936515125634,SCZ-DEG,FALSE,FALSE
ENSG00000126860,4.59331788983909,-4.59331788983911,5.81777237596701e-6,5.81777237596663e-6,0.00280396567237555,0.00280396567237536,0.348568380197468,-0.348568380197469,ENSG00000126860,EVI2A,2071,ENSG00000126860.11,protein_coding,EVI2A,2123,InGen,12.350161276503009,3,"c(""ENST00000461237.5"", ""ENST00000247270.3"", ""ENST00000462804.2"")",TRUE,-0.17023254600687313,4.6096737310777325,-2.4853335225558215,0.013401281419759504,0.20596533014957064,-3.5801969536784486,SCZ-DEG,FALSE,FALSE
ENSG00000167779,4.57668313223158,-4.57668313223158,6.27533339133138e-6,6.27533339133138e-6,0.00292367782702129,0.00292367782702129,0.272797106094557,-0.272797106094557,ENSG00000167779,IGFBP6,1279,ENSG00000167779.7,protein_coding,IGFBP6,3489,InGen,2.732736356554771,4,"c(""ENST00000548547.5"", ""ENST00000301464.3"", ""ENST00000548176.1"", ""ENST00000549628.1"")",TRUE,-0.06706393471223164,2.214457221380375,-2.650395548508975,0.008398452700094233,0.16971797734087454,-2.7732585893791826,SCZ-DEG,FALSE,FALSE
ENSG00000265972,-4.56303086792578,4.56303086792578,6.67649022009438e-6,6.6764902200942e-6,0.00301023560665352,0.00301023560665344,-0.350651970562756,0.350651970562757,ENSG00000265972,TXNIP,3625,ENSG00000265972.5,protein_coding,TXNIP,10628,InGen,25.900318039133865,4,"c(""ENST00000582401.5"", ""ENST00000488537.1"", ""ENST00000486597.1"", ""ENST00000425134.2"")",TRUE,0.008903891260912955,6.370274262479403,0.15177527050784062,0.8794501245405861,0.9680035372625182,-6.829079187546235,SCZ-DEG,FALSE,FALSE
ENSG00000095970,4.50801207810222,-4.50801207810222,8.55714551666363e-6,8.5571455166637e-6,0.00373760071520024,0.00373760071520027,0.745831226662511,-0.74583122666251,ENSG00000095970,TREM2,1095,ENSG00000095970.16,protein_coding,TREM2,54209,InGen,2.6439143586119935,3,"c(""ENST00000373122.8"", ""ENST00000373113.7"", ""ENST00000338469.3"")",TRUE,-0.27358007217690816,1.008420123341118,-2.9703391171725633,0.0031765202325902534,0.11144126004330582,-1.8337579941305209,SCZ-DEG,FALSE,FALSE
ENSG00000168209,-4.46232526652022,4.46232526652022,1.04956115525986e-5,1.04956115525986e-5,0.00444536856577792,0.00444536856577792,-0.40225603816743,0.40225603816743,ENSG00000168209,DDIT4,2058,ENSG00000168209.4,protein_coding,DDIT4,54541,InGen,11.84651777184281,3,"c(""ENST00000307365.3"", ""ENST00000473155.1"", ""ENST00000471240.1"")",TRUE,-0.022144886335933776,4.55363494768665,-0.39610657802248195,0.6922636034349203,0.9081837902134597,-6.529354079270728,SCZ-DEG,FALSE,FALSE
ENSG00000169562,4.42950070611358,-4.42950070611356,1.21411547311077e-5,1.21411547311083e-5,0.00499108587284388,0.00499108587284414,0.562712106891131,-0.562712106891129,ENSG00000169562,GJB1,2235,ENSG00000169562.9,protein_coding,GJB1,2705,InGen,4.832514943576273,4,"c(""ENST00000374029.1"", ""ENST00000374022.3"", ""ENST00000447581.1"", ""ENST00000361726.6"")",TRUE,-0.1870076925445553,3.291561288011797,-2.425317998737571,0.015791462237663506,0.21930462155722633,-3.50026041753724,SCZ-DEG,FALSE,FALSE
ENSG00000164104,-4.36996296877955,4.36996296877955,1.57762052855981e-5,1.57762052855984e-5,0.0062557191972895,0.0062557191972894,-0.228368877610496,0.228368877610495,ENSG00000164104,HMGB2,2775,ENSG00000164104.11,protein_coding,HMGB2,3148,InGen,6.586807834426882,5,"c(""ENST00000296503.9"", ""ENST00000438704.6"", ""ENST00000446922.6"", ""ENST00000511316.1"", ""ENST00000506267.1"")",TRUE,0.04400104484546183,4.238475467278499,1.4241814486874829,0.1552695167583796,0.5516064113849798,-5.547444686503884,SCZ-DEG,FALSE,FALSE
ENSG00000260032,-4.34558366168751,4.3455836616875,1.75472935085233e-5,1.75472935085239e-5,0.00662860868563865,0.00662860868563888,-0.0994454918264201,0.0994454918264199,ENSG00000260032,NORAD,5339,ENSG00000260032.1,lincRNA,NORAD,647979,InGen,194.88602264726092,1,ENST00000565493.1,TRUE,0.0071910783162859255,10.428940373215159,0.575245914161254,0.5654882307728697,0.8501290318949131,-6.978636298542182,SCZ-DEG,FALSE,FALSE
ENSG00000109906,-4.31647506245358,4.31647506245359,1.99113816385075e-5,1.99113816385072e-5,0.00707608034796051,0.00707608034796065,-0.214214823913659,0.214214823913659,ENSG00000109906,ZBTB16,6372,ENSG00000109906.13,protein_coding,ZBTB16,7704,InGen,7.376619631130095,9,"c(""ENST00000335953.8"", ""ENST00000541602.5"", ""ENST00000544220.1"", ""ENST00000535700.1"", ""ENST00000392996.2"", ""ENST00000539918.5"", ""ENST00000545851.5"", ""ENST00000535379.1"", ""ENST00000535509.1"")",TRUE,0.045816940561474256,6.040102271917858,1.8050673606493646,0.0719085791898521,0.4075512903848393,-5.203050994159449,SCZ-DEG,FALSE,FALSE
ENSG00000109971,4.31112982216588,-4.31112982216588,2.03773626313709e-5,2.03773626313707e-5,0.00707608034796051,0.00707608034796065,0.296978366599817,-0.296978366599817,ENSG00000109971,HSPA8,4849,ENSG00000109971.13,protein_coding,HSPA8,3312,InGen,245.88226301523721,24,"c(""ENST00000532636.5"", ""ENST00000533540.5"", ""ENST00000453788.6"", ""ENST00000534624.5"", ""ENST00000532091.1"", ""ENST00000227378.7"", ""ENST00000534319.5"", ""ENST00000526110.5"", ""ENST00000524552.5"", ""ENST00000526686.1"", ""ENST00000533238.5"", ""ENST00000526862.1"", ""ENST00000527983.5"", ""ENST00000528292.5"", ""ENST00000532780.5"", ""ENST00000525463.5"", ""ENST00000532167.5"", ""ENST00000525624.5"", ""ENST00000534567.5"", ""ENST00000527387.5"", ""ENST00000532182.5"", ""ENST00000524590.5"", ""ENST00000530391.1"", ""ENST00000531063.1""
)",TRUE,-0.01332055036500491,10.485382228945333,-0.9675164813770928,0.33394244875655477,0.7153671926371844,-6.6820857497769115,SCZ-DEG,TRUE,TRUE
ENSG00000125148,-4.30668041864141,4.30668041864142,2.07731779902492e-5,2.07731779902489e-5,0.00707608034796051,0.00707608034796065,-0.356004312188285,0.356004312188285,ENSG00000125148,MT2A,1299,ENSG00000125148.6,protein_coding,MT2A,4502,InGen,16.663236077503313,5,"c(""ENST00000245185.5"", ""ENST00000563985.1"", ""ENST00000562017.1"", ""ENST00000561491.1"", ""ENST00000567300.1"")",TRUE,-0.03826656845669498,4.502416544738439,-0.8369190861660213,0.40319926210232127,0.7640264942914454,-6.248843701204519,SCZ-DEG,FALSE,FALSE
ENSG00000051523,4.30128321842762,-4.30128321842762,2.12631734001818e-5,2.12631734001822e-5,0.00707608034796051,0.00707608034796065,0.530524005288859,-0.530524005288858,ENSG00000051523,CYBA,3357,ENSG00000051523.10,protein_coding,CYBA,1535,InGen,1.0646501535143313,10,"c(""ENST00000261623.7"", ""ENST00000565588.5"", ""ENST00000566534.5"", ""ENST00000566229.1"", ""ENST00000567174.5"", ""ENST00000569359.5"", ""ENST00000563526.5"", ""ENST00000568278.1"", ""ENST00000562209.1"", ""ENST00000561972.1"")",TRUE,-0.15114692972652677,1.4507452832850098,-2.5605763591477366,0.010861549985366632,0.18767437345225407,-2.897291732113703,SCZ-DEG,FALSE,FALSE
ENSG00000128564,4.25733311259179,-4.25733311259179,2.5685455350934e-5,2.5685455350934e-5,0.0079779024320001,0.0079779024320001,0.295476979190812,-0.295476979190812,ENSG00000128564,VGF,2704,ENSG00000128564.6,protein_coding,VGF,7425,InGen,6.2748406264736145,3,"c(""ENST00000249330.2"", ""ENST00000611537.1"", ""ENST00000445482.2"")",TRUE,-0.13222826320598197,4.392138592039827,-2.3096395467290636,0.021479519378784992,0.24964758222213257,-3.956244299186245,SCZ-DEG,TRUE,TRUE
ENSG00000160255,4.25743912453759,-4.25743912453759,2.56738011641002e-5,2.56738011641002e-5,0.0079779024320001,0.0079779024320001,0.732890505757994,-0.732890505757994,ENSG00000160255,ITGB2,6797,ENSG00000160255.17,protein_coding,ITGB2,3689,InGen,1.1870932267562584,24,"c(""ENST00000475170.5"", ""ENST00000397852.5"", ""ENST00000397857.5"", ""ENST00000397854.7"", ""ENST00000498666.5"", ""ENST00000355153.8"", ""ENST00000397850.6"", ""ENST00000523323.5"", ""ENST00000302347.9"", ""ENST00000479202.5"", ""ENST00000320216.10"", ""ENST00000521987.1"", ""ENST00000523663.5"", ""ENST00000522931.5"", ""ENST00000517563.5"", ""ENST00000522688.5"", ""ENST00000520389.5"", ""ENST00000524251.1"", ""ENST00000517819.5"", ""ENST00000479849.1"", ""ENST00000397846.7"", ""ENST00000523126.1"", ""ENST00000521995.1"", ""ENST00000518033.1""
)",TRUE,-0.2254736300395991,2.6897020371127196,-3.0101467197266265,0.0027974017263599953,0.10448719296701,-1.893863109309872,SCZ-DEG,FALSE,FALSE
ENSG00000171659,4.26195468293638,-4.26195468293638,2.51820535584774e-5,2.51820535584777e-5,0.0079779024320001,0.0079779024320001,0.749530120515139,-0.749530120515139,ENSG00000171659,GPR34,1928,ENSG00000171659.13,protein_coding,GPR34,2857,InGen,3.876706211920196,3,"c(""ENST00000378142.8"", ""ENST00000378138.5"", ""ENST00000620846.1"")",TRUE,-0.25658369464462427,2.4688083215530647,-2.812755409433984,0.005184186295264549,0.1401820481462226,-2.406507274177054,SCZ-DEG,FALSE,FALSE
ENSG00000240583,-4.24973511256927,4.24973511256928,2.65340039118997e-5,2.65340039118986e-5,0.00806229940601353,0.00806229940601318,-0.546507372656557,0.546507372656559,ENSG00000240583,AQP1,3274,ENSG00000240583.10,protein_coding,AQP1,358,InGen,14.653437021199776,5,"c(""ENST00000311813.8"", ""ENST00000482461.1"", ""ENST00000441328.6"", ""ENST00000409899.5"", ""ENST00000409611.1"")",TRUE,-0.05967812763483291,4.651841641767354,-0.6877603540828295,0.49205136625746104,0.8147535116186815,-6.386815290118121,SCZ-DEG,FALSE,FALSE
ENSG00000130222,-4.24302614339585,4.24302614339585,2.73054495366637e-5,2.73054495366639e-5,0.00812017591859465,0.00812017591859471,-0.605088357110761,0.60508835711076,ENSG00000130222,GADD45G,1322,ENSG00000130222.10,protein_coding,GADD45G,10912,InGen,1.3370208826338872,3,"c(""ENST00000252506.10"", ""ENST00000375769.1"", ""ENST00000494726.1"")",TRUE,0.2338190657816285,0.42985093090709026,2.9729136772712925,0.003150645575910486,0.1113802924555699,-1.809544210500603,SCZ-DEG,FALSE,FALSE
ENSG00000174607,4.22625125672805,-4.22625125672805,2.93291212675749e-5,2.93291212675751e-5,0.00836598220320193,0.008365982203202,0.422699052115502,-0.422699052115502,ENSG00000174607,UGT8,4699,ENSG00000174607.10,protein_coding,UGT8,7368,InGen,19.89972102118663,3,"c(""ENST00000310836.10"", ""ENST00000507710.1"", ""ENST00000394511.3"")",TRUE,-0.16683891795504951,6.412860144407195,-2.4416112420523386,0.015107918036292259,0.21469687432520648,-3.9032373644738727,SCZ-DEG,FALSE,FALSE
ENSG00000136960,4.23019158352649,-4.23019158352648,2.88412972006103e-5,2.88412972006121e-5,0.00836598220320193,0.008365982203202,0.367097309416739,-0.367097309416737,ENSG00000136960,ENPP2,6729,ENSG00000136960.12,protein_coding,ENPP2,5168,InGen,27.415753584795247,9,"c(""ENST00000259486.10"", ""ENST00000427067.6"", ""ENST00000523861.1"", ""ENST00000522167.5"", ""ENST00000522826.5"", ""ENST00000075322.10"", ""ENST00000518109.1"", ""ENST00000520066.5"", ""ENST00000518958.1"")",TRUE,-0.136069723988057,7.088183819287796,-2.1022223629782824,0.036235460601694434,0.3117162439742917,-4.7169081602740075,SCZ-DEG,FALSE,FALSE
ENSG00000011243,-4.2123124307443804,4.2123124307443804,3.11187323713832e-5,3.11187323713832e-5,0.00852836318342789,0.00852836318342789,-0.166750418208419,0.166750418208419,ENSG00000011243,AKAP8L,5081,ENSG00000011243.17,protein_coding,AKAP8L,26993,InGen,8.672624102937192,20,"c(""ENST00000397410.9"", ""ENST00000609519.5"", ""ENST00000595465.6"", ""ENST00000594594.6"", ""ENST00000593845.5"", ""ENST00000600065.5"", ""ENST00000595087.5"", ""ENST00000595879.5"", ""ENST00000596750.2"", ""ENST00000594893.5"", ""ENST00000598292.1"", ""ENST00000595136.5"", ""ENST00000599137.5"", ""ENST00000599488.5"", ""ENST00000596213.5"", ""ENST00000597994.5"", ""ENST00000596195.5"", ""ENST00000600247.5"", ""ENST00000595067.1"", ""ENST00000601147.2"")",TRUE,0.027808784094508387,5.591276765293881,1.6113937250007446,0.1079797532336836,0.478686628976609,-5.476542514628765,SCZ-DEG,FALSE,FALSE
ENSG00000280071,4.21527570775786,-4.21527570775787,3.07297708387901e-5,3.07297708387896e-5,0.00852836318342789,0.00852836318342789,0.425333973610029,-0.42533397361003,ENSG00000280071,GATD3B,3106,ENSG00000280071.3,protein_coding,,102724023,InGen,0.286030992847639,11,"c(""ENST00000624810.3"", ""ENST00000625036.3"", ""ENST00000620015.4"", ""ENST00000620528.4"", ""ENST00000624120.3"", ""ENST00000624748.2"", ""ENST00000624648.3"", ""ENST00000623810.2"", ""ENST00000624714.3"", ""ENST00000623390.1"", ""ENST00000622915.1"")",TRUE,0.08931054579875047,-0.11222497683243862,0.8745806486930869,0.38239149937143435,0.7510034732131876,-5.267153122862295,SCZ-DEG,FALSE,FALSE
ENSG00000183828,4.1998160897116,-4.1998160897116,3.28112658048239e-5,3.28112658048231e-5,0.00881928965680815,0.00881928965680794,0.308690101552336,-0.308690101552336,ENSG00000183828,NUDT14,1916,ENSG00000183828.14,protein_coding,NUDT14,256281,InGen,4.2664606067464534,6,"c(""ENST00000550912.1"", ""ENST00000392568.6"", ""ENST00000551024.5"", ""ENST00000550002.1"", ""ENST00000339418.9"", ""ENST00000546553.1"")",TRUE,-0.00644499755340774,3.4101700030462028,-0.30422053486221634,0.7611375517188357,0.9325137887912908,-6.307875485537436,SCZ-DEG,FALSE,FALSE
ENSG00000187193,-4.15452924598999,4.15452924598999,3.97104710637674e-5,3.97104710637674e-5,0.0102783935936718,0.0102783935936718,-0.479616990139238,0.479616990139238,ENSG00000187193,MT1X,1773,ENSG00000187193.8,protein_coding,MT1X,4501,InGen,5.46407983617159,4,"c(""ENST00000394485.4"", ""ENST00000562939.1"", ""ENST00000568370.1"", ""ENST00000564974.1"")",TRUE,-1.6006241850367793e-4,3.2214219627030585,-0.002401630391511157,0.9980851226564063,0.9991794697959687,-6.35006470034846,SCZ-DEG,FALSE,FALSE
ENSG00000132965,4.14975994637424,-4.14975994637424,4.05126188300299e-5,4.05126188300299e-5,0.010295361334315,0.010295361334315,0.677160629655007,-0.677160629655007,ENSG00000132965,ALOX5AP,1715,ENSG00000132965.9,protein_coding,ALOX5AP,241,InGen,1.4976548459626446,3,"c(""ENST00000617770.4"", ""ENST00000380490.4"", ""ENST00000479597.1"")",TRUE,-0.20276974585946633,0.9333102416968654,-2.223737809811064,0.02679281177074646,0.2743952469383831,-3.570738805678077,SCZ-DEG,FALSE,FALSE
ENSG00000106236,4.10699892950432,-4.10699892950432,4.84275534129708e-5,4.84275534129702e-5,0.0118749458605806,0.0118749458605804,0.425452481843417,-0.425452481843417,ENSG00000106236,NPTX2,3016,ENSG00000106236.3,protein_coding,NPTX2,4885,InGen,13.21888036228857,2,"c(""ENST00000265634.3"", ""ENST00000466102.1"")",TRUE,0.029821192053574835,5.210672444571364,0.4869191503480058,0.6266151531238724,0.8803394742582608,-6.578249070669734,SCZ-DEG,TRUE,TRUE
ENSG00000178878,-4.07173955201291,4.07173955201291,5.60400209150237e-5,5.6040020915022e-5,0.0132757859716828,0.0132757859716824,-0.496604543924517,0.496604543924517,ENSG00000178878,APOLD1,7243,ENSG00000178878.12,protein_coding,APOLD1,81575,InGen,5.303643257584668,5,"c(""ENST00000540583.5"", ""ENST00000534843.1"", ""ENST00000326765.10"", ""ENST00000588943.1"", ""ENST00000356591.4"")",TRUE,0.041825126372730025,5.114797614315517,0.40463650315233174,0.6859876269425547,0.9059770159320613,-6.611711794458671,SCZ-DEG,FALSE,FALSE
ENSG00000186818,4.04657874804665,-4.04657874804665,6.21537525127745e-5,6.21537525127745e-5,0.0144787166478508,0.0144787166478508,0.740633979379581,-0.74063397937958,ENSG00000186818,LILRB4,6328,ENSG00000186818.12,protein_coding,LILRB4,11006,InGen,0.5814377306851898,10,"c(""ENST00000461839.1"", ""ENST00000270452.6"", ""ENST00000391736.5"", ""ENST00000494796.5"", ""ENST00000430952.6"", ""ENST00000391734.7"", ""ENST00000391733.7"", ""ENST00000434286.1"", ""ENST00000470943.1"", ""ENST00000461262.1"")",TRUE,-0.21906557579646932,1.5251013897035768,-2.7236706144985408,0.0067741588822704075,0.15391388457670974,-2.509616530976401,SCZ-DEG,FALSE,FALSE
ENSG00000173369,4.01507252484802,-4.01507252484801,7.07052926493757e-5,7.07052926493774e-5,0.015622174691231,0.0156221746912309,0.637578131376484,-0.637578131376482,ENSG00000173369,C1QB,1601,ENSG00000173369.15,protein_coding,C1QB,713,InGen,8.243262930054094,4,"c(""ENST00000510260.5"", ""ENST00000509305.5"", ""ENST00000432749.6"", ""ENST00000314933.6"")",TRUE,-0.15980331222401425,3.1962871177604195,-1.6315528870632232,0.103657589134298,0.4688701712783347,-5.037237551051907,SCZ-DEG,TRUE,TRUE
ENSG00000166619,-4.01221734576191,4.01221734576191,7.15331745180498e-5,7.15331745180496e-5,0.015622174691231,0.0156221746912309,-0.133287732859037,0.133287732859037,ENSG00000166619,BLCAP,7869,ENSG00000166619.12,protein_coding,BLCAP,10904,InGen,11.094498014161472,14,"c(""ENST00000411780.1"", ""ENST00000447625.1"", ""ENST00000613961.1"", ""ENST00000467603.1"", ""ENST00000397137.5"", ""ENST00000373537.6"", ""ENST00000414542.6"", ""ENST00000397135.1"", ""ENST00000397134.1"", ""ENST00000397131.1"", ""ENST00000432507.1"", ""ENST00000445723.5"", ""ENST00000414080.1"", ""ENST00000456058.1"")",TRUE,0.021836438948171052,6.674823631671535,2.043490691781606,0.041739299630509305,0.3300301528500978,-4.806950443996641,SCZ-DEG,FALSE,FALSE
ENSG00000163644,-3.99225757015546,3.99225757015546,7.75829872927007e-5,7.75829872927005e-5,0.0164299608089406,0.0164299608089405,-0.121634229347558,0.121634229347557,ENSG00000163644,PPM1K,11371,ENSG00000163644.14,protein_coding,PPM1K,152926,InGen,16.467956422970268,10,"c(""ENST00000608933.5"", ""ENST00000295908.11"", ""ENST00000508256.5"", ""ENST00000510548.6"", ""ENST00000511506.1"", ""ENST00000506423.1"", ""ENST00000513546.3"", ""ENST00000514204.1"", ""ENST00000505022.1"", ""ENST00000509340.1"")",TRUE,0.04084544351268403,8.020879805650994,2.8304818407630576,0.004911470958474467,0.1357371996281531,-3.039903232904469,SCZ-DEG,FALSE,FALSE
ENSG00000177030,-3.99479908853479,3.99479908853479,7.67865195247903e-5,7.67865195247894e-5,0.0164299608089406,0.0164299608089405,-0.146652072992766,0.146652072992766,ENSG00000177030,DEAF1,4452,ENSG00000177030.16,protein_coding,DEAF1,10522,InGen,11.128682794234432,12,"c(""ENST00000527170.5"", ""ENST00000382409.3"", ""ENST00000527658.1"", ""ENST00000525904.5"", ""ENST00000530813.1"", ""ENST00000526790.1"", ""ENST00000529717.5"", ""ENST00000525626.5"", ""ENST00000528864.5"", ""ENST00000524786.1"", ""ENST00000529727.1"", ""ENST00000526857.2"")",TRUE,0.04611066376373271,5.749282935253437,2.6877794484823507,0.007530542325751087,0.1624172610799788,-3.2332896799634896,SCZ-DEG,FALSE,FALSE
ENSG00000096746,-3.98026332480918,3.98026332480918,8.14487382011659e-5,8.14487382011648e-5,0.016816656142059,0.0168166561420585,-0.142860431207671,0.142860431207671,ENSG00000096746,HNRNPH3,5373,ENSG00000096746.17,protein_coding,HNRNPH3,3189,InGen,9.082897991936655,11,"c(""ENST00000469172.5"", ""ENST00000461310.5"", ""ENST00000265866.11"", ""ENST00000480987.5"", ""ENST00000486854.5"", ""ENST00000467249.1"", ""ENST00000354695.5"", ""ENST00000481819.5"", ""ENST00000491200.5"", ""ENST00000490442.5"", ""ENST00000478698.1"")",TRUE,0.0042326271149589895,5.831890126756909,0.21466493428541117,0.8301514230293888,0.9539355570986341,-6.762324212206455,SCZ-DEG,FALSE,FALSE
ENSG00000244879,-3.97915414989251,3.97915414989252,8.18153121313594e-5,8.18153121313572e-5,0.016816656142059,0.0168166561420585,-0.282799239975362,0.282799239975362,ENSG00000244879,GABPB1-AS1,17179,ENSG00000244879.5,antisense,GABPB1-AS1,100616396,InGen,3.852457030982225,7,"c(""ENST00000619314.1"", ""ENST00000560359.1"", ""ENST00000499624.3"", ""ENST00000561289.1"", ""ENST00000499326.1"", ""ENST00000558593.1"", ""ENST00000583750.1"")",TRUE,0.027406950846174092,5.893228275568112,0.5987779911267235,0.5497015858338739,0.8445247098327718,-6.613567469348721,SCZ-DEG,FALSE,FALSE
ENSG00000185950,-3.92454825730051,3.92454825730053,1.0192721368105e-4,1.0192721368105e-4,0.0206469081973937,0.0206469081973923,-0.137081987134577,0.137081987134578,ENSG00000185950,IRS2,8138,ENSG00000185950.8,protein_coding,IRS2,8660,InGen,8.276523570984216,1,ENST00000375856.4,TRUE,-0.02519316551071024,6.290516189424588,-1.2869812476208768,0.19893664135935116,0.598304317930871,-6.013775387545824,SCZ-DEG,FALSE,FALSE
ENSG00000080546,-3.91961652851158,3.91961652851158,1.0395789385183e-4,1.0395789385183e-4,0.0207574211766718,0.0207574211766719,-0.183819846812539,0.183819846812539,ENSG00000080546,SESN1,5121,ENSG00000080546.13,protein_coding,SESN1,27244,InGen,9.45453553308231,7,"c(""ENST00000436639.6"", ""ENST00000302071.6"", ""ENST00000356644.7"", ""ENST00000520364.1"", ""ENST00000368971.2"", ""ENST00000523632.1"", ""ENST00000517548.1"")",TRUE,0.029874248006404636,6.119509407295803,1.7434694366695138,0.08211455603313271,0.43176779278147304,-5.314201002644162,SCZ-DEG,FALSE,FALSE
ENSG00000226686,3.89704198324713,-3.89704198324713,1.1375220737289e-4,1.1375220737288e-4,0.0216599288133627,0.0216599288133624,0.63765673151985,-0.63765673151985,ENSG00000226686,LINC01535,2187,ENSG00000226686.7,lincRNA,LINC01535,101927667,InGen,2.245188618039732,6,"c(""ENST00000438770.6"", ""ENST00000591116.5"", ""ENST00000592712.5"", ""ENST00000592100.1"", ""ENST00000588904.1"", ""ENST00000587477.2"")",TRUE,0.03998191552809772,2.361640528788809,0.7069352962172012,0.4800689554493931,0.8082679886448871,-5.882814755583275,SCZ-DEG,FALSE,FALSE
ENSG00000160221,-3.89496600309944,3.89496600309945,1.1469549209964e-4,1.1469549209964e-4,0.0216599288133627,0.0216599288133624,-0.774882984336889,0.77488298433689,ENSG00000160221,GATD3A,3108,ENSG00000160221.16,protein_coding,C21orf33,8209,InGen,2.325825309445253,11,"c(""ENST00000291577.10"", ""ENST00000495007.5"", ""ENST00000427803.6"", ""ENST00000493883.5"", ""ENST00000480786.1"", ""ENST00000348499.9"", ""ENST00000389690.7"", ""ENST00000449622.5"", ""ENST00000488392.1"", ""ENST00000419699.1"", ""ENST00000470545.1"")",TRUE,-0.043367049396611526,3.1194341787888145,-0.6925297366741638,0.48905600799345905,0.8134544706197121,-6.051512770311094,SCZ-DEG,FALSE,FALSE
ENSG00000078596,3.89495037841247,-3.89495037841247,1.1470261964568e-4,1.1470261964569e-4,0.0216599288133627,0.0216599288133624,0.228425126360967,-0.228425126360967,ENSG00000078596,ITM2A,2051,ENSG00000078596.10,protein_coding,ITM2A,9452,InGen,17.21828423892138,6,"c(""ENST00000373298.6"", ""ENST00000434584.2"", ""ENST00000469541.5"", ""ENST00000482194.1"", ""ENST00000462038.1"", ""ENST00000461357.1"")",TRUE,-0.03427587148250824,5.354261404466461,-0.9496205415408561,0.3429490345828211,0.7227297498501073,-6.27078017810312,SCZ-DEG,FALSE,FALSE
ENSG00000123560,3.89163120462667,-3.89163120462667,1.162262760966e-4,1.162262760966e-4,0.0216599288133627,0.0216599288133624,0.237354535014798,-0.237354535014798,ENSG00000123560,PLP1,6078,ENSG00000123560.13,protein_coding,PLP1,5354,InGen,336.49247198651454,23,"c(""ENST00000434483.5"", ""ENST00000494475.5"", ""ENST00000455268.5"", ""ENST00000422393.5"", ""ENST00000433491.5"", ""ENST00000612423.4"", ""ENST00000443502.5"", ""ENST00000619236.1"", ""ENST00000621218.4"", ""ENST00000464776.5"", ""ENST00000619257.4"", ""ENST00000465975.1"", ""ENST00000480325.1"", ""ENST00000485931.5"", ""ENST00000495678.5"", ""ENST00000479569.5"", ""ENST00000485688.5"", ""ENST00000478642.5"", ""ENST00000476160.1"", ""ENST00000461231.5"", ""ENST00000466486.1"", ""ENST00000494119.1"", ""ENST00000496836.1"")",TRUE,-0.10748853319151701,10.908469561873847,-1.620884421301665,0.105927406387498,0.4753909379691608,-5.867315343701292,SCZ-DEG,FALSE,FALSE
ENSG00000166435,3.8876977583357,-3.8876977583357,1.1805671640012e-4,1.1805671640012e-4,0.021711562172691,0.021711562172691,0.299376740540467,-0.299376740540467,ENSG00000166435,XRRA1,9086,ENSG00000166435.15,protein_coding,XRRA1,143570,InGen,1.8381997901941982,20,"c(""ENST00000530562.5"", ""ENST00000340360.10"", ""ENST00000321448.12"", ""ENST00000531849.5"", ""ENST00000531449.5"", ""ENST00000527087.5"", ""ENST00000431210.2"", ""ENST00000530280.1"", ""ENST00000529926.1"", ""ENST00000528819.1"", ""ENST00000525407.5"", ""ENST00000528219.5"", ""ENST00000526047.1"", ""ENST00000531852.5"", ""ENST00000533598.5"", ""ENST00000534041.5"", ""ENST00000534798.5"", ""ENST00000529400.5"", ""ENST00000524430.1"", ""ENST00000533990.1"")",TRUE,0.009239194365815247,4.2941175860418115,0.16161974938891682,0.8716969496309853,0.9666995757679423,-6.532636281489137,SCZ-DEG,FALSE,FALSE
ENSG00000121769,3.87096521801668,-3.87096521801669,1.2615251870466e-4,1.2615251870465e-4,0.0228991396614943,0.0228991396614934,0.335799829679752,-0.335799829679752,ENSG00000121769,FABP3,1026,ENSG00000121769.7,protein_coding,FABP3,2170,InGen,43.4733940847624,4,"c(""ENST00000373713.6"", ""ENST00000497275.5"", ""ENST00000498148.5"", ""ENST00000482018.1"")",TRUE,-0.0504511791320353,5.6323754758142694,-1.9318662952284447,0.05416897131991723,0.36641161251372517,-4.9143083819954,SCZ-DEG,FALSE,FALSE
ENSG00000088899,-3.86278379019397,3.86278379019396,1.3029955331821e-4,1.3029955331821e-4,0.0233486776503671,0.0233486776503676,-0.135481192929138,0.135481192929138,ENSG00000088899,LZTS3,5395,ENSG00000088899.14,protein_coding,,9762,InGen,20.47721127211109,3,"c(""ENST00000329152.7"", ""ENST00000360342.7"", ""ENST00000337576.6"")",TRUE,0.014524870943683795,7.275764766559699,0.8106281194469512,0.4181206042906499,0.7731984950096092,-6.592092866790499,SCZ-DEG,TRUE,TRUE
ENSG00000197956,-3.8314239844329,3.83142398443289,1.4742055867241e-4,1.4742055867242e-4,0.0257562143570546,0.0257562143570555,-0.189207471177471,0.189207471177471,ENSG00000197956,S100A6,971,ENSG00000197956.9,protein_coding,S100A6,6277,InGen,27.391163139064016,5,"c(""ENST00000496817.5"", ""ENST00000368719.8"", ""ENST00000368720.6"", ""ENST00000462776.2"", ""ENST00000462951.2"")",TRUE,0.0346036506835991,5.136503237612526,1.469683578689895,0.1425302682899374,0.5354378128966769,-5.628702631439152,SCZ-DEG,FALSE,FALSE
ENSG00000147684,3.81944300110904,-3.81944300110904,1.5450631933368e-4,1.5450631933368e-4,0.0260903088508064,0.0260903088508051,0.15625077329543,-0.15625077329543,ENSG00000147684,NDUFB9,2629,ENSG00000147684.7,protein_coding,NDUFB9,4715,InGen,18.171240625200117,7,"c(""ENST00000276689.7"", ""ENST00000518008.5"", ""ENST00000522532.5"", ""ENST00000517367.1"", ""ENST00000518657.5"", ""ENST00000524241.1"", ""ENST00000517830.1"")",TRUE,-0.023801896470606015,6.018450424872881,-1.9395775703146012,0.053220362500874425,0.3625404586603305,-4.9452471053226725,SCZ-DEG,FALSE,FALSE
ENSG00000108518,3.82019673714005,-3.82019673714004,1.5405122644575e-4,1.5405122644576e-4,0.0260903088508064,0.0260903088508051,0.143041522168094,-0.143041522168093,ENSG00000108518,PFN1,1987,ENSG00000108518.7,protein_coding,PFN1,5216,InGen,14.167930276249978,3,"c(""ENST00000225655.5"", ""ENST00000574872.1"", ""ENST00000572383.1"")",TRUE,-0.009253586211012379,4.887532552771618,-0.6166222536516872,0.5378778604634532,0.8391194162855998,-6.463241339315306,SCZ-DEG,TRUE,TRUE
ENSG00000160209,-3.81873856772617,3.81873856772618,1.5493279205959e-4,1.5493279205958e-4,0.0260903088508064,0.0260903088508051,-0.125441016034255,0.125441016034255,ENSG00000160209,PDXK,11912,ENSG00000160209.18,protein_coding,PDXK,8566,InGen,17.032995365498937,19,"c(""ENST00000398081.5"", ""ENST00000468090.5"", ""ENST00000291565.8"", ""ENST00000398085.7"", ""ENST00000476084.1"", ""ENST00000470029.5"", ""ENST00000438837.1"", ""ENST00000498040.5"", ""ENST00000327574.4"", ""ENST00000472777.5"", ""ENST00000476313.5"", ""ENST00000481512.5"", ""ENST00000621478.1"", ""ENST00000490666.5"", ""ENST00000467908.1"", ""ENST00000343528.10"", ""ENST00000398078.7"", ""ENST00000468392.5"", ""ENST00000461123.1"")",TRUE,0.02043487142881794,8.023882988867383,1.4676685242744536,0.143076824653049,0.5359965640581633,-5.911043287236197,SCZ-DEG,FALSE,FALSE
ENSG00000112096,-3.80375123088113,3.80375123088113,1.6427417331853e-4,1.6427417331853e-4,0.027334049053252,0.0273340490532519,-0.142643377650898,0.142643377650898,ENSG00000112096,SOD2,18985,ENSG00000112096.16,protein_coding,SOD2,6648,InGen,12.597062504857757,16,"c(""ENST00000538183.6"", ""ENST00000367055.8"", ""ENST00000546260.5"", ""ENST00000367054.6"", ""ENST00000546087.5"", ""ENST00000444946.6"", ""ENST00000337404.8"", ""ENST00000535459.5"", ""ENST00000541573.5"", ""ENST00000540491.1"", ""ENST00000545162.5"", ""ENST00000535561.5"", ""ENST00000537657.5"", ""ENST00000401980.3"", ""ENST00000452684.2"", ""ENST00000535372.1"")",TRUE,-4.906860022986874e-4,8.234042470035101,-0.01865718476219027,0.9851250314824664,0.9966882414754625,-6.994951527962114,SCZ-DEG,FALSE,FALSE
ENSG00000108551,-3.78097420153499,3.78097420153499,1.7949491580597e-4,1.7949491580596e-4,0.0295152992731773,0.0295152992731767,-0.362355096131887,0.362355096131887,ENSG00000108551,RASD1,1748,ENSG00000108551.4,protein_coding,RASD1,51655,InGen,13.394094171878622,2,"c(""ENST00000225688.3"", ""ENST00000579152.1"")",TRUE,-0.030972450193884865,4.997059095720844,-0.6457249291638062,0.5188733196332975,0.8298239057626976,-6.4697293537832135,SCZ-DEG,FALSE,FALSE
ENSG00000178741,3.76520900167831,-3.76520900167831,1.9079910548217e-4,1.9079910548216e-4,0.0306528631876358,0.0306528631876352,0.183657016440945,-0.183657016440945,ENSG00000178741,COX5A,1411,ENSG00000178741.11,protein_coding,COX5A,9377,InGen,28.602907974227836,6,"c(""ENST00000322347.10"", ""ENST00000562233.5"", ""ENST00000567270.5"", ""ENST00000568783.5"", ""ENST00000568517.1"", ""ENST00000564811.1"")",TRUE,-0.031650161637812,5.737503464371357,-2.667073537716312,0.008000721268864053,0.1675062980558419,-3.2812852218732687,SCZ-DEG,FALSE,FALSE
ENSG00000142089,-3.73464060681538,3.73464060681538,2.146570813053e-4,2.146570813053e-4,0.0337108092742047,0.0337108092742047,-0.351712785312683,0.351712785312683,ENSG00000142089,IFITM3,1348,ENSG00000142089.15,protein_coding,IFITM3,10410,InGen,19.012777181920832,4,"c(""ENST00000399808.4"", ""ENST00000531688.1"", ""ENST00000526811.4"", ""ENST00000602735.2"")",TRUE,0.09076323210081849,4.51924152942515,1.8025863318418498,0.07229847504499952,0.4088786434524726,-5.010401363760914,SCZ-DEG,FALSE,FALSE
ENSG00000214401,3.7171331634475,-3.71713316344751,2.2955988590312e-4,2.2955988590311e-4,0.0349695432335949,0.0349695432335951,0.592265426954648,-0.592265426954649,ENSG00000214401,KANSL1-AS1,976,ENSG00000214401.4,antisense,KANSL1-AS1,644246,InGen,0.7014594267177632,3,"c(""ENST00000398275.4"", ""ENST00000572973.1"", ""ENST00000572634.1"")",TRUE,-0.13812946683909746,-0.630631034673199,-1.3119034216926362,0.1903976958195325,0.5900185000958823,-4.767841408963621,SCZ-DEG,FALSE,FALSE
ENSG00000124440,-3.71368728009491,3.71368728009492,2.3260564517683e-4,2.3260564517683e-4,0.0349695432335949,0.0349695432335951,-0.401832283106481,0.401832283106481,ENSG00000124440,HIF3A,8371,ENSG00000124440.15,protein_coding,HIF3A,64344,InGen,1.858728998555185,19,"c(""ENST00000533789.5"", ""ENST00000475432.6"", ""ENST00000244302.8"", ""ENST00000377670.8"", ""ENST00000524533.1"", ""ENST00000244303.10"", ""ENST00000528563.5"", ""ENST00000533145.5"", ""ENST00000472815.5"", ""ENST00000526506.5"", ""ENST00000291300.8"", ""ENST00000300862.7"", ""ENST00000600879.5"", ""ENST00000600383.1"", ""ENST00000525854.5"", ""ENST00000529205.1"", ""ENST00000531043.1"", ""ENST00000600236.1"", ""ENST00000529542.1"")",TRUE,0.04450559792082304,3.9453678903339005,0.7140400227339557,0.47567011885280497,0.8054715851286925,-6.23431034215778,SCZ-DEG,FALSE,FALSE
ENSG00000007516,-3.7010600344423,3.70106003444231,2.4409505863965e-4,2.4409505863964e-4,0.0362859051514428,0.036285905151441,-0.182905830215745,0.182905830215745,ENSG00000007516,BAIAP3,6146,ENSG00000007516.13,protein_coding,BAIAP3,8938,InGen,10.131885604967863,16,"c(""ENST00000426824.7"", ""ENST00000565665.5"", ""ENST00000397488.6"", ""ENST00000562208.5"", ""ENST00000568887.5"", ""ENST00000567825.3"", ""ENST00000324385.9"", ""ENST00000628027.2"", ""ENST00000421665.6"", ""ENST00000568198.1"", ""ENST00000566162.1"", ""ENST00000561602.1"", ""ENST00000561793.1"", ""ENST00000564213.1"", ""ENST00000567203.1"", ""ENST00000566389.1"")",TRUE,0.07749034610277736,6.289069648290889,2.242775751644138,0.02552584216630207,0.268117700802275,-4.3562092446319625,SCZ-DEG,TRUE,TRUE
ENSG00000132470,-3.69834851635267,3.69834851635269,2.4663096439772e-4,2.4663096439771e-4,0.0362859051514428,0.036285905151441,-0.42283985644137,0.422839856441371,ENSG00000132470,ITGB4,6761,ENSG00000132470.13,protein_coding,ITGB4,3691,InGen,4.063283435491925,13,"c(""ENST00000579662.5"", ""ENST00000200181.7"", ""ENST00000450894.7"", ""ENST00000580542.5"", ""ENST00000449880.6"", ""ENST00000584558.5"", ""ENST00000582629.1"", ""ENST00000584374.1"", ""ENST00000584025.1"", ""ENST00000583327.2"", ""ENST00000579211.1"", ""ENST00000584939.1"", ""ENST00000578318.1"")",TRUE,-0.08484732077828216,4.5059680842830945,-1.5231849064634364,0.12859985285079575,0.5142937680459062,-5.454915314030903,SCZ-DEG,TRUE,TRUE
ENSG00000175264,-3.64330696127825,3.64330696127825,3.0379141605994e-4,3.0379141605994e-4,0.043062209136736,0.0430622091367345,-0.138355447894278,0.138355447894278,ENSG00000175264,CHST1,3478,ENSG00000175264.7,protein_coding,CHST1,8534,InGen,9.541783753359272,3,"c(""ENST00000308064.6"", ""ENST00000533673.1"", ""ENST00000531322.1"")",TRUE,0.009946987768052381,5.241771071373203,0.45282662293396625,0.6509493165222315,0.8931486920969585,-6.60743654302607,SCZ-DEG,FALSE,FALSE
ENSG00000205364,-3.62389496876877,3.62389496876877,3.2676503191009e-4,3.2676503191009e-4,0.044986970615699,0.0449869706156961,-0.342190305897792,0.342190305897792,ENSG00000205364,MT1M,942,ENSG00000205364.3,protein_coding,MT1M,4499,InGen,7.005990568930555,2,"c(""ENST00000379818.3"", ""ENST00000570233.1"")",TRUE,-0.005687496975687821,2.8140196219473665,-0.11215872686830522,0.9107607401042901,0.9763044642801652,-6.241359247357123,SCZ-DEG,FALSE,FALSE
ENSG00000141447,3.62264283837758,-3.6226428383776,3.2830156706026e-4,3.2830156706024e-4,0.044986970615699,0.0449869706156961,0.130342636870372,-0.130342636870372,ENSG00000141447,OSBPL1A,8022,ENSG00000141447.16,protein_coding,OSBPL1A,114876,InGen,19.454907745828134,16,"c(""ENST00000319481.7"", ""ENST00000399443.7"", ""ENST00000357041.8"", ""ENST00000578013.1"", ""ENST00000578055.5"", ""ENST00000585247.5"", ""ENST00000584119.1"", ""ENST00000581043.5"", ""ENST00000579851.5"", ""ENST00000578091.5"", ""ENST00000582645.5"", ""ENST00000579764.5"", ""ENST00000582350.5"", ""ENST00000399441.4"", ""ENST00000582618.1"", ""ENST00000581343.1"")",TRUE,-0.01689929657320357,7.810567536694518,-1.3584549470464105,0.17517918200025628,0.5735844328158213,-6.045157722948427,SCZ-DEG,FALSE,FALSE
ENSG00000111404,3.60536292734201,-3.605362927342,3.5021147141681e-4,3.5021147141681e-4,0.0475233566601239,0.047523356660124,0.589853831540728,-0.589853831540728,ENSG00000111404,RERGL,1549,ENSG00000111404.6,protein_coding,RERGL,79785,InGen,1.797236120201348,5,"c(""ENST00000229002.6"", ""ENST00000538724.5"", ""ENST00000540148.5"", ""ENST00000536890.1"", ""ENST00000541632.1"")",TRUE,-0.10653820714764424,1.5064768129947848,-1.5568939062873548,0.12038381396823375,0.5003923226079535,-4.795269148038175,SCZ-DEG,FALSE,FALSE
ENSG00000077549,3.59645535442461,-3.59645535442461,3.6203488226849e-4,3.6203488226849e-4,0.0486553995141038,0.0486553995141038,0.0901555444175673,-0.0901555444175672,ENSG00000077549,CAPZB,3238,ENSG00000077549.17,protein_coding,CAPZB,832,InGen,20.8029392130179,9,"c(""ENST00000264203.7"", ""ENST00000375144.5"", ""ENST00000375142.5"", ""ENST00000433834.5"", ""ENST00000264202.7"", ""ENST00000459967.6"", ""ENST00000457768.5"", ""ENST00000489607.5"", ""ENST00000482808.1"")",TRUE,-0.002935550174176754,6.232216636438737,-0.2819313364090644,0.7781599118710457,0.9362681510783846,-6.784198799414316,SCZ-DEG,TRUE,TRUE
ENSG00000131023,-3.58181748887882,3.58181748887883,3.8228136808711e-4,3.8228136808711e-4,0.0495507769352996,0.0495507769352985,-0.182386374432235,0.182386374432235,ENSG00000131023,LATS1,8643,ENSG00000131023.12,protein_coding,LATS1,9113,InGen,7.223240997051091,7,"c(""ENST00000543571.5"", ""ENST00000253339.9"", ""ENST00000441107.5"", ""ENST00000542747.5"", ""ENST00000392273.7"", ""ENST00000458696.2"", ""ENST00000542720.1"")",TRUE,0.013252150210549169,6.018539604169852,1.2592997334939793,0.20874677992297028,0.6073490658426731,-6.021484669698969,SCZ-DEG,TRUE,TRUE
ENSG00000134030,-3.58490989688981,3.58490989688981,3.7791756541864e-4,3.7791756541863e-4,0.0495507769352996,0.0495507769352985,-0.144188133631882,0.144188133631882,ENSG00000134030,CTIF,8100,ENSG00000134030.13,protein_coding,CTIF,9811,InGen,10.856774886638576,11,"c(""ENST00000256413.7"", ""ENST00000382998.8"", ""ENST00000591412.5"", ""ENST00000591387.5"", ""ENST00000587752.5"", ""ENST00000588345.1"", ""ENST00000589585.1"", ""ENST00000587769.1"", ""ENST00000587860.1"", ""ENST00000592658.1"", ""ENST00000590422.1"")",TRUE,0.013044353221988658,6.809744982109461,0.9705567099347812,0.3324277376708875,0.7141305456861184,-6.413046015540985,SCZ-DEG,FALSE,FALSE
ENSG00000167074,-3.58139735718667,3.58139735718668,3.8287786427791e-4,3.828778642779e-4,0.0495507769352996,0.0495507769352985,-0.238601092095564,0.238601092095565,ENSG00000167074,TEF,4715,ENSG00000167074.14,protein_coding,TEF,7008,InGen,14.713349421640684,3,"c(""ENST00000406644.7"", ""ENST00000266304.8"", ""ENST00000413942.1"")",TRUE,0.005596470212315315,6.534684277444114,0.23707319984101385,0.8127363085123462,0.9486299458381343,-6.827980148126379,SCZ-DEG,FALSE,FALSE
ENSG00000157514,-3.58894901133179,3.5889490113318,3.7228819325243e-4,3.7228819325242e-4,0.0495507769352996,0.0495507769352985,-0.150015789563111,0.150015789563111,ENSG00000157514,TSC22D3,4766,ENSG00000157514.16,protein_coding,TSC22D3,1831,InGen,9.329048307809456,17,"c(""ENST00000372390.8"", ""ENST00000372397.6"", ""ENST00000315660.8"", ""ENST00000372383.8"", ""ENST00000372384.6"", ""ENST00000372382.8"", ""ENST00000506081.5"", ""ENST00000514426.1"", ""ENST00000486554.1"", ""ENST00000503515.1"", ""ENST00000514897.5"", ""ENST00000480691.2"", ""ENST00000510887.5"", ""ENST00000502650.1"", ""ENST00000506724.1"", ""ENST00000505965.1"", ""ENST00000502961.1"")",TRUE,-0.006717981122717578,5.921442027017642,-0.28851186902503995,0.7731227868290275,0.9349709268226871,-6.752766563289432,SCZ-DEG,FALSE,FALSE
ENSG00000156030,-3.56742671993953,3.56742671993954,4.0321762698165e-4,4.0321762698163e-4,0.051704337360758,0.0517043373607551,-0.211921122028606,0.211921122028607,ENSG00000156030,ELMSAN1,13484,ENSG00000156030.13,protein_coding,ELMSAN1,91748,InGen,2.790107864451069,11,"c(""ENST00000394071.6"", ""ENST00000476562.5"", ""ENST00000286523.9"", ""ENST00000423556.6"", ""ENST00000478847.1"", ""ENST00000451078.5"", ""ENST00000435371.1"", ""ENST00000483269.1"", ""ENST00000462716.1"", ""ENST00000421708.1"", ""ENST00000486739.1"")",TRUE,0.028292493972005155,5.395291657021866,1.5370240917989118,0.12517531566059273,0.5070523010631339,-5.567834342810171,SCZ-DEG,FALSE,FALSE
ENSG00000104112,3.55700276679318,-3.55700276679319,4.1904907467998e-4,4.1904907467996e-4,0.052766206457677003,0.0527662064576744,0.148181080970405,-0.148181080970405,ENSG00000104112,SCG3,3315,ENSG00000104112.8,protein_coding,SCG3,29106,InGen,49.38777665476463,3,"c(""ENST00000220478.7"", ""ENST00000542355.6"", ""ENST00000558709.1"")",TRUE,-0.03775545471580281,7.739248238013195,-1.888926943939495,0.059713868278001736,0.3805142293169731,-5.190185236026155,SCZ-DEG,FALSE,FALSE
ENSG00000090266,3.54963269416072,-3.54963269416073,4.3059199705864e-4,4.3059199705863e-4,0.0532600384326436,0.053260038432642,0.186484611424271,-0.186484611424272,ENSG00000090266,NDUFB2,4447,ENSG00000090266.12,protein_coding,NDUFB2,4708,InGen,8.14997547151701,15,"c(""ENST00000482954.5"", ""ENST00000476279.5"", ""ENST00000247866.8"", ""ENST00000461457.1"", ""ENST00000465506.5"", ""ENST00000464564.6"", ""ENST00000476181.5"", ""ENST00000464566.5"", ""ENST00000460088.5"", ""ENST00000472695.5"", ""ENST00000476470.5"", ""ENST00000471136.5"", ""ENST00000462847.1"", ""ENST00000475276.1"", ""ENST00000479181.1"")",TRUE,-0.019595469126765942,5.568072205090904,-1.6421167888764545,0.1014484356561543,0.46644843960004273,-5.418415800649446,SCZ-DEG,FALSE,FALSE
ENSG00000169021,3.5374327354795,-3.53743273547951,4.5035648985687e-4,4.5035648985687e-4,0.0552160759537683,0.0552160759537675,0.172484519440707,-0.172484519440707,ENSG00000169021,UQCRFS1,3475,ENSG00000169021.5,protein_coding,UQCRFS1,7386,InGen,14.693099987584413,1,ENST00000304863.5,TRUE,-0.018106178207808507,6.0065270739866925,-1.3511623318723507,0.17750112453195954,0.5755913364956676,-5.893116699578663,SCZ-DEG,FALSE,FALSE
ENSG00000130294,-3.52383449852421,3.52383449852423,4.7338629785137e-4,4.7338629785134e-4,0.0565514554279371,0.056551455427934,-0.0854495715644883,0.0854495715644887,ENSG00000130294,KIF1A,12357,ENSG00000130294.14,protein_coding,KIF1A,547,InGen,68.14483433801848,13,"c(""ENST00000460788.5"", ""ENST00000320389.11"", ""ENST00000498729.6"", ""ENST00000492812.5"", ""ENST00000488776.1"", ""ENST00000465813.1"", ""ENST00000431776.5"", ""ENST00000404283.7"", ""ENST00000494452.1"", ""ENST00000415042.1"", ""ENST00000463388.1"", ""ENST00000428768.1"", ""ENST00000448728.1"")",TRUE,-0.00130273109239321,10.0280308883046,-0.08217385019013786,0.934554629453528,0.982780841800159,-7.115723156485372,SCZ-DEG,TRUE,TRUE
ENSG00000061938,-3.52388561716024,3.52388561716025,4.7329769555693e-4,4.732976955569e-4,0.0565514554279371,0.056551455427934,-0.154069582159812,0.154069582159813,ENSG00000061938,TNK2,11297,ENSG00000061938.16,protein_coding,TNK2,10188,InGen,6.649375090753086,22,"c(""ENST00000416152.5"", ""ENST00000381916.6"", ""ENST00000333602.10"", ""ENST00000420716.2"", ""ENST00000428187.5"", ""ENST00000495247.5"", ""ENST00000464041.5"", ""ENST00000439230.5"", ""ENST00000481865.5"", ""ENST00000424563.5"", ""ENST00000478623.5"", ""ENST00000411741.1"", ""ENST00000489628.1"", ""ENST00000478715.1"", ""ENST00000468680.1"", ""ENST00000486523.1"", ""ENST00000438207.5"", ""ENST00000430929.1"", ""ENST00000468819.1"", ""ENST00000447060.5"", ""ENST00000433111.1"", ""ENST00000427576.1"")",TRUE,0.011541085554761937,6.6494459901624525,0.6318065679931829,0.5279186106191829,0.8333161590378191,-6.668085791365491,SCZ-DEG,TRUE,TRUE
ENSG00000141469,-3.52563833838464,3.52563833838464,4.702691360507e-4,4.7026913605069e-4,0.0565514554279371,0.056551455427934,-0.4274781124077,0.427478112407701,ENSG00000141469,SLC14A1,6376,ENSG00000141469.16,protein_coding,SLC14A1,6563,InGen,5.457558000288646,21,"c(""ENST00000321925.8"", ""ENST00000619403.4"", ""ENST00000587601.5"", ""ENST00000502059.6"", ""ENST00000586951.5"", ""ENST00000589322.6"", ""ENST00000415427.7"", ""ENST00000535474.5"", ""ENST00000402943.6"", ""ENST00000588179.5"", ""ENST00000586056.5"", ""ENST00000436407.7"", ""ENST00000589891.1"", ""ENST00000590246.5"", ""ENST00000591943.1"", ""ENST00000586142.5"", ""ENST00000589700.5"", ""ENST00000590377.1"", ""ENST00000591642.1"", ""ENST00000586854.1"", ""ENST00000591541.2"")",TRUE,0.001823850971236806,4.8619216753147905,0.024706031337060008,0.9803032808259242,0.9954867555989737,-6.656119349545493,SCZ-DEG,FALSE,FALSE
ENSG00000241945,-3.52087061417438,3.52087061417438,4.785501379134e-4,4.785501379134e-4,0.0566351280670067,0.056635128067005,-0.64653225082079,0.64653225082079,ENSG00000241945,PWP2,6922,ENSG00000241945.7,protein_coding,PWP2,5822,InGen,0.7071336401956116,6,"c(""ENST00000291576.11"", ""ENST00000456705.1"", ""ENST00000486126.1"", ""ENST00000471490.1"", ""ENST00000494310.5"", ""ENST00000476948.1"")",TRUE,-0.020508509099408673,1.9122937902312274,-0.13239017580343074,0.894750447992785,0.9730198969481731,-6.029097856973721,SCZ-DEG,FALSE,FALSE
ENSG00000121858,3.51501391944298,-3.51501391944299,4.8890940797784e-4,4.8890940797783e-4,0.0569457232942197,0.0569457232942183,0.53271523766164,-0.532715237661641,ENSG00000121858,TNFSF10,3473,ENSG00000121858.10,protein_coding,TNFSF10,8743,InGen,1.6395887316255702,6,"c(""ENST00000241261.6"", ""ENST00000420541.6"", ""ENST00000430881.1"", ""ENST00000494851.5"", ""ENST00000472804.1"", ""ENST00000466777.1"")",TRUE,-0.11390939981601761,2.4164585995161536,-1.4588189554374613,0.14549628916906931,0.539804879602088,-5.111645860531818,SCZ-DEG,FALSE,FALSE
ENSG00000155980,-3.49956522884404,3.49956522884404,5.1725080505469e-4,5.172508050547e-4,0.0592591352643404,0.059259135264341,-0.130505994833589,0.130505994833589,ENSG00000155980,KIF5A,6261,ENSG00000155980.11,protein_coding,KIF5A,3798,InGen,129.53097401489032,3,"c(""ENST00000455537.6"", ""ENST00000286452.5"", ""ENST00000552227.1"")",TRUE,0.013715198372069401,10.253956727142636,0.6366038394050761,0.5247918596761482,0.8319187785181921,-6.932397795602089,SCZ-DEG,TRUE,TRUE
ENSG00000143119,3.49256064578508,-3.49256064578508,5.3060111838765e-4,5.3060111838766e-4,0.0602944051358072,0.0602944051358079,0.550667138081185,-0.550667138081184,ENSG00000143119,CD53,2080,ENSG00000143119.12,protein_coding,CD53,963,InGen,3.9995450922263167,5,"c(""ENST00000271324.5"", ""ENST00000471220.5"", ""ENST00000476408.1"", ""ENST00000497404.1"", ""ENST00000464329.1"")",TRUE,-0.15609315920697556,3.259789932063914,-2.9630631102967033,0.003250700098061049,0.11270922477834175,-2.111647098184756,SCZ-DEG,FALSE,FALSE
ENSG00000173141,3.48061992912203,-3.48061992912204,5.5410495869907e-4,5.5410495869907e-4,0.0624574597398146,0.0624574597398138,0.143790736884291,-0.143790736884291,ENSG00000173141,MRPL57,2246,ENSG00000173141.4,protein_coding,MRPL57,78988,InGen,7.7004062556705914,1,ENST00000309594.4,TRUE,-0.031800635082517285,4.372546756551072,-2.0230016654721337,0.043819656822958,0.33638407731230974,-4.557907688932846,SCZ-DEG,FALSE,FALSE
ENSG00000130429,3.4779284642347,-3.4779284642347,5.5953552433537e-4,5.5953552433537e-4,0.0625650241890845,0.0625650241890842,0.344568415939323,-0.344568415939323,ENSG00000130429,ARPC1B,3979,ENSG00000130429.12,protein_coding,ARPC1B,10095,InGen,1.0736494223479518,21,"c(""ENST00000443222.5"", ""ENST00000414376.5"", ""ENST00000252725.9"", ""ENST00000455009.5"", ""ENST00000484375.5"", ""ENST00000418347.6"", ""ENST00000429246.5"", ""ENST00000417330.5"", ""ENST00000427217.5"", ""ENST00000431816.5"", ""ENST00000458033.5"", ""ENST00000484600.6"", ""ENST00000451682.5"", ""ENST00000474880.5"", ""ENST00000445924.5"", ""ENST00000432343.1"", ""ENST00000493403.1"", ""ENST00000468337.1"", ""ENST00000481997.5"", ""ENST00000491294.1"", ""ENST00000463078.1"")",TRUE,-0.07798076980379964,2.0949626458371666,-2.1111828424376258,0.03545294038555019,0.31074536927533813,-3.9581733741640392,SCZ-DEG,FALSE,FALSE
ENSG00000011426,3.47292119848189,-3.47292119848186,5.6977129409831e-4,5.6977129409836e-4,0.0629683831509383,0.0629683831509391,0.270109618676333,-0.270109618676331,ENSG00000011426,ANLN,6012,ENSG00000011426.10,protein_coding,ANLN,54443,InGen,19.776317873768868,13,"c(""ENST00000265748.6"", ""ENST00000396068.6"", ""ENST00000424865.1"", ""ENST00000418118.1"", ""ENST00000460598.1"", ""ENST00000429082.1"", ""ENST00000441696.5"", ""ENST00000452877.5"", ""ENST00000495714.1"", ""ENST00000428612.5"", ""ENST00000446635.5"", ""ENST00000457743.1"", ""ENST00000491782.1"")",TRUE,-0.17067985120470067,6.7736266617630125,-2.4695539603314574,0.01399640327335875,0.20898808812528158,-3.871346436352311,SCZ-DEG,FALSE,FALSE
ENSG00000176697,3.47176807360311,-3.4717680736031,5.7215315591108e-4,5.7215315591108e-4,0.0629683831509383,0.0629683831509391,0.495477091862714,-0.495477091862713,ENSG00000176697,BDNF,7740,ENSG00000176697.18,protein_coding,BDNF,627,InGen,2.3668550634244605,19,"c(""ENST00000439476.6"", ""ENST00000525528.1"", ""ENST00000395986.6"", ""ENST00000533131.5"", ""ENST00000356660.8"", ""ENST00000418212.5"", ""ENST00000533246.5"", ""ENST00000530861.5"", ""ENST00000395983.7"", ""ENST00000420794.2"", ""ENST00000438929.5"", ""ENST00000530786.5"", ""ENST00000395980.6"", ""ENST00000584049.5"", ""ENST00000532997.5"", ""ENST00000395978.7"", ""ENST00000395981.7"", ""ENST00000525950.5"", ""ENST00000314915.6"")",TRUE,0.015589029652488056,3.5862302933393746,0.2893674329910219,0.7724685874480655,0.9349155502389546,-6.359604242845448,SCZ-DEG,TRUE,TRUE
ENSG00000165168,3.46945541811294,-3.46945541811294,5.7695818386286e-4,5.7695818386286e-4,0.0630011291863375,0.0630011291863375,0.553113939980893,-0.553113939980892,ENSG00000165168,CYBB,4423,ENSG00000165168.7,protein_coding,CYBB,1536,InGen,4.388007491529949,2,"c(""ENST00000378588.4"", ""ENST00000492288.1"")",TRUE,-0.23710298552515638,3.909918745458447,-3.0109900714621047,0.002789838723120944,0.10436282883517073,-2.08189572432753,SCZ-DEG,FALSE,FALSE
ENSG00000099901,3.45701809108055,-3.45701809108056,6.0345256936664e-4,6.0345256936662e-4,0.0653833842018414,0.0653833842018394,0.14690829113993,-0.14690829113993,ENSG00000099901,RANBP1,4622,ENSG00000099901.16,protein_coding,RANBP1,5902,InGen,5.074903595422467,14,"c(""ENST00000432879.5"", ""ENST00000435265.5"", ""ENST00000430524.5"", ""ENST00000402752.5"", ""ENST00000488484.1"", ""ENST00000331821.7"", ""ENST00000411892.5"", ""ENST00000467920.1"", ""ENST00000416427.5"", ""ENST00000421656.5"", ""ENST00000423859.5"", ""ENST00000418705.2"", ""ENST00000448394.2"", ""ENST00000486575.1"")",TRUE,-0.010092620444464026,4.833929580139193,-0.7903598819177399,0.4298435651599898,0.7805286280921727,-6.332467162927965,SCZ-DEG,FALSE,FALSE
ENSG00000178602,-3.45377726038894,3.45377726038895,6.105406083497e-4,6.105406083497e-4,0.0656425083300298,0.0656425083300289,-0.573329099837504,0.573329099837504,ENSG00000178602,OTOS,645,ENSG00000178602.7,protein_coding,OTOS,150677,InGen,0.4329316844124671,2,"c(""ENST00000391989.6"", ""ENST00000319460.1"")",TRUE,0.1201988301809887,-1.6497702505115956,1.3201304363689568,0.1876392845992476,0.5871610527281069,-4.643297731744224,SCZ-DEG,FALSE,FALSE
ENSG00000148671,-3.44925847769927,3.44925847769927,6.2055353389469e-4,6.2055353389468e-4,0.0657081571458038,0.0657081571458034,-0.277738780428601,0.277738780428601,ENSG00000148671,ADIRF,998,ENSG00000148671.13,protein_coding,ADIRF,10974,InGen,11.050363973346084,3,"c(""ENST00000372013.7"", ""ENST00000416348.1"", ""ENST00000561504.1"")",TRUE,0.10880464703236627,3.310325626332393,2.547617895800324,0.011265697076880427,0.19045144628242797,-3.2172330936340376,SCZ-DEG,FALSE,FALSE
ENSG00000102265,-3.4493030753319,3.44930307533191,6.2045396747642e-4,6.2045396747641e-4,0.0657081571458038,0.0657081571458034,-0.369829001535415,0.369829001535415,ENSG00000102265,TIMP1,1541,ENSG00000102265.11,protein_coding,TIMP1,7076,InGen,3.7939299162854883,5,"c(""ENST00000218388.8"", ""ENST00000456754.6"", ""ENST00000377017.5"", ""ENST00000441738.1"", ""ENST00000445623.1"")",TRUE,0.09913451276667479,1.8325559155056894,1.7951311026716965,0.07348054219778592,0.4113986961533149,-4.513322543174765,SCZ-DEG,FALSE,FALSE
ENSG00000167755,3.44313824076812,-3.44313824076813,6.3435967555121e-4,6.3435967555121e-4,0.0666650013923263,0.0666650013923257,0.394486500920548,-0.394486500920548,ENSG00000167755,KLK6,1976,ENSG00000167755.13,protein_coding,KLK6,5653,InGen,7.9589322038633155,8,"c(""ENST00000376851.7"", ""ENST00000310157.6"", ""ENST00000391808.5"", ""ENST00000376853.8"", ""ENST00000597379.5"", ""ENST00000594641.1"", ""ENST00000599690.1"", ""ENST00000599881.5"")",TRUE,-0.1751410113752189,3.8140890035863677,-2.23787624654369,0.025846826134072475,0.26941900966475885,-4.011034138762313,SCZ-DEG,FALSE,FALSE
ENSG00000183426,-3.4371773874431,3.43717738744311,6.4808149954269e-4,6.4808149954267e-4,0.0672362020658128,0.0672362020658094,-0.325939283241496,0.325939283241497,ENSG00000183426,NPIPA1,7277,ENSG00000183426.16,protein_coding,NPIPA1,9284,InGen,1.2406430323833584,8,"c(""ENST00000472413.5"", ""ENST00000541836.5"", ""ENST00000545831.5"", ""ENST00000328085.10"", ""ENST00000424549.7"", ""ENST00000545479.5"", ""ENST00000534720.1"", ""ENST00000537062.1"")",TRUE,-0.04628032970649809,3.300330915305088,-0.8539167703386716,0.393725080354267,0.7579674884932358,-5.9765836427821615,SCZ-DEG,FALSE,FALSE
ENSG00000108826,3.43660397788894,-3.43660397788895,6.4941598904519e-4,6.4941598904516e-4,0.0672362020658128,0.0672362020658094,0.131962715667696,-0.131962715667696,ENSG00000108826,MRPL27,3027,ENSG00000108826.15,protein_coding,MRPL27,51264,InGen,6.089062013704358,7,"c(""ENST00000507088.5"", ""ENST00000508200.5"", ""ENST00000225969.8"", ""ENST00000503633.5"", ""ENST00000442592.3"", ""ENST00000511860.1"", ""ENST00000514928.1"")",TRUE,-0.016094841702885356,4.581891602684452,-1.238695098200665,0.21627420839059855,0.6171818216596449,-5.8427717773353125,SCZ-DEG,FALSE,FALSE
ENSG00000108349,-3.43063887842201,3.43063887842202,6.6345145063716e-4,6.6345145063715e-4,0.0681842715114385,0.0681842715114374,-0.118304724815406,0.118304724815407,ENSG00000108349,CASC3,6380,ENSG00000108349.15,protein_coding,CASC3,22794,InGen,12.619816090154023,11,"c(""ENST00000418132.7"", ""ENST00000264645.11"", ""ENST00000581849.1"", ""ENST00000583649.1"", ""ENST00000584997.1"", ""ENST00000474190.1"", ""ENST00000638146.1"", ""ENST00000577605.1"", ""ENST00000579238.1"", ""ENST00000583902.1"", ""ENST00000394114.2"")",TRUE,-0.005022363429890362,6.518203786008757,-0.41592885812437824,0.6777125691869446,0.9041223330183751,-6.767883864952365,SCZ-DEG,FALSE,FALSE
ENSG00000170017,3.42807238016988,-3.42807238016988,6.6957691442155e-4,6.6957691442154e-4,0.0683115075391971,0.068311507539197,0.164537147022407,-0.164537147022407,ENSG00000170017,ALCAM,7179,ENSG00000170017.12,protein_coding,ALCAM,214,InGen,20.33525611146817,9,"c(""ENST00000306107.9"", ""ENST00000470756.5"", ""ENST00000472644.6"", ""ENST00000481337.5"", ""ENST00000486979.6"", ""ENST00000460954.1"", ""ENST00000465413.6"", ""ENST00000491388.6"", ""ENST00000489178.1"")",TRUE,-0.028083617283094883,7.367259838220266,-1.4490116740915437,0.14821420889569387,0.5430702553056844,-5.88375725455413,SCZ-DEG,FALSE,FALSE
ENSG00000133048,-3.41907224077425,3.41907224077425,6.9147707805154e-4,6.9147707805153e-4,0.0700346023183071,0.0700346023183066,-0.531562539171544,0.531562539171544,ENSG00000133048,CHI3L1,3408,ENSG00000133048.12,protein_coding,CHI3L1,1116,InGen,5.785823364582199,5,"c(""ENST00000473185.1"", ""ENST00000255409.7"", ""ENST00000404436.2"", ""ENST00000478742.1"", ""ENST00000472064.1"")",TRUE,0.021559002203162474,3.6736236712434236,0.21504376956114216,0.8298562789416403,0.9538131622697027,-6.425867877532194,SCZ-DEG,FALSE,FALSE
ENSG00000075618,3.41642714764492,-3.41642714764491,6.9803936579576e-4,6.9803936579578e-4,0.0701906202570316,0.0701906202570337,0.176856830014243,-0.176856830014242,ENSG00000075618,FSCN1,3692,ENSG00000075618.17,protein_coding,FSCN1,6624,InGen,14.681958281191882,5,"c(""ENST00000382361.7"", ""ENST00000444748.5"", ""ENST00000447103.5"", ""ENST00000405801.2"", ""ENST00000473330.1"")",TRUE,-0.05017093763854199,5.838620219547607,-2.2697837298740984,0.023817905665029292,0.26130797082968493,-4.248208506847745,SCZ-DEG,FALSE,FALSE
ENSG00000122729,-3.40953264794426,3.40953264794426,7.1541817463927e-4,7.1541817463926e-4,0.0714242844780938,0.0714242844780928,-0.18450912961273,0.18450912961273,ENSG00000122729,ACO1,7555,ENSG00000122729.18,protein_coding,ACO1,48,InGen,3.8322974846193216,3,"c(""ENST00000541043.5"", ""ENST00000379923.5"", ""ENST00000309951.7"")",TRUE,0.030388594293662283,5.0541443089955065,1.656119955070009,0.0985782681480595,0.4611173768525654,-5.333238952789841,SCZ-DEG,FALSE,FALSE
ENSG00000163001,3.40216285703128,-3.40216285703129,7.3444066226843e-4,7.3444066226841e-4,0.0722906840600414,0.0722906840600393,0.133825719486043,-0.133825719486044,ENSG00000163001,CFAP36,3505,ENSG00000163001.11,protein_coding,CFAP36,112942,InGen,13.651466123571248,7,"c(""ENST00000339012.7"", ""ENST00000406691.7"", ""ENST00000349456.8"", ""ENST00000407816.7"", ""ENST00000403007.4"", ""ENST00000490934.1"", ""ENST00000481791.1"")",TRUE,3.5451308159971444e-4,5.97557297829225,0.03488544444590858,0.9721906306685044,0.9927051386236098,-6.7941638851693975,SCZ-DEG,FALSE,FALSE
ENSG00000124422,-3.40411920335077,3.40411920335077,7.2934559540046e-4,7.2934559540044e-4,0.0722906840600414,0.0722906840600393,-0.108335342987836,0.108335342987836,ENSG00000124422,USP22,6808,ENSG00000124422.11,protein_coding,USP22,23326,InGen,42.6074535268636,11,"c(""ENST00000261497.8"", ""ENST00000537526.6"", ""ENST00000455117.6"", ""ENST00000579645.5"", ""ENST00000463692.1"", ""ENST00000478443.1"", ""ENST00000582335.1"", ""ENST00000577610.5"", ""ENST00000578446.1"", ""ENST00000476111.5"", ""ENST00000584538.1"")",TRUE,0.016749931314541267,8.373449801157623,1.569142707256319,0.11750268266155994,0.49507368534827817,-5.7828176992680875,SCZ-DEG,FALSE,FALSE
ENSG00000164161,3.3900745784317,-3.3900745784317,7.6666634700511e-4,7.666663470051e-4,0.0744145523061836,0.0744145523061833,0.31520963342298,-0.31520963342298,ENSG00000164161,HHIP,12074,ENSG00000164161.9,protein_coding,HHIP,64399,InGen,5.441617918991081,8,"c(""ENST00000296575.7"", ""ENST00000434550.2"", ""ENST00000505891.5"", ""ENST00000511314.5"", ""ENST00000515080.1"", ""ENST00000509630.1"", ""ENST00000512791.1"", ""ENST00000503090.1"")",TRUE,-0.14749159129604716,5.941052184449871,-2.26399974430132,0.024175056758906063,0.2626237899046759,-4.265361601386193,SCZ-DEG,FALSE,FALSE
ENSG00000266402,-3.39111086547043,3.39111086547044,7.6385294710277e-4,7.6385294710275e-4,0.0744145523061836,0.0744145523061833,-0.265952389184421,0.265952389184422,ENSG00000266402,SNHG25,278,ENSG00000266402.3,lincRNA,SNHG25,NA,InGen,2.174409116979547,2,"c(""ENST00000580828.1"", ""ENST00000582965.1"")",TRUE,-0.005632735561343485,-1.331063664459627,-0.0793994232036536,0.9367595208179773,0.9829316296588395,-5.343979533400196,SCZ-DEG,FALSE,FALSE
ENSG00000164124,3.36691312734163,-3.36691312734161,8.3212318965524e-4,8.3212318965531e-4,0.0791196314408938,0.0791196314409005,0.263601405501319,-0.263601405501317,ENSG00000164124,TMEM144,9243,ENSG00000164124.10,protein_coding,TMEM144,55314,InGen,17.37832938369552,17,"c(""ENST00000505049.5"", ""ENST00000505189.5"", ""ENST00000511038.5"", ""ENST00000508243.5"", ""ENST00000296529.10"", ""ENST00000512481.5"", ""ENST00000504569.5"", ""ENST00000509278.5"", ""ENST00000514558.5"", ""ENST00000513744.5"", ""ENST00000514346.5"", ""ENST00000503200.5"", ""ENST00000511532.5"", ""ENST00000502698.5"", ""ENST00000514971.1"", ""ENST00000503404.5"", ""ENST00000512272.1"")",TRUE,-0.10650985445627696,7.327288732585907,-1.6974267790679642,0.090489581736504,0.44660297859495657,-5.494173700936773,SCZ-DEG,FALSE,FALSE
ENSG00000022277,3.35100529129565,-3.35100529129566,8.8005509756093e-4,8.8005509756093e-4,0.0831116898554679,0.0831116898554671,0.103799360559574,-0.103799360559574,ENSG00000022277,RTF2,4063,ENSG00000022277.12,protein_coding,RTFDC1,51507,InGen,11.366253969193668,9,"c(""ENST00000023939.8"", ""ENST00000357348.9"", ""ENST00000395881.7"", ""ENST00000484084.5"", ""ENST00000449062.1"", ""ENST00000487211.5"", ""ENST00000466260.1"", ""ENST00000477485.1"", ""ENST00000477573.1"")",TRUE,0.002006325814608572,5.868186073030336,0.22039704878421917,0.825688226797258,0.9517825232552134,-6.760425235730474,SCZ-DEG,FALSE,FALSE
ENSG00000242808,3.34852720083558,-3.34852720083559,8.8774909923126e-4,8.8774909923124e-4,0.0832756319460095,0.0832756319460076,0.180083431485551,-0.180083431485552,ENSG00000242808,SOX2-OT,11874,ENSG00000242808.7,sense_overlapping,SOX2-OT,347689,InGen,13.333655427906061,59,"c(""ENST00000487240.3"", ""ENST00000626948.2"", ""ENST00000461063.6"", ""ENST00000630482.2"", ""ENST00000493521.5"", ""ENST00000460739.5"", ""ENST00000597347.5"", ""ENST00000493116.5"", ""ENST00000469278.5"", ""ENST00000630150.2"", ""ENST00000597828.5"", ""ENST00000595313.5"", ""ENST00000628211.2"", ""ENST00000594942.5"", ""ENST00000598867.1"", ""ENST00000497122.5"", ""ENST00000472856.1"", ""ENST00000498731.5"", ""ENST00000626802.2"", ""ENST00000476964.5"", ""ENST00000492337.5"", ""ENST00000491282.5"", ""ENST00000498226.5"", ""ENST00000485035.1"", 
""ENST00000476125.5"", ""ENST00000616401.1"", ""ENST00000477928.1"", ""ENST00000466034.5"", ""ENST00000490005.1"", ""ENST00000600962.5"", ""ENST00000600801.5"", ""ENST00000596250.5"", ""ENST00000628496.2"", ""ENST00000593549.5"", ""ENST00000599082.1"", ""ENST00000626299.2"", ""ENST00000627530.2"", ""ENST00000597651.5"", ""ENST00000600386.5"", ""ENST00000628343.2"", ""ENST00000630887.2"", ""ENST00000629112.2"", ""ENST00000629830.2"", ""ENST00000598474.3"", ""ENST00000627501.2"", ""ENST00000629781.2"", ""ENST00000595084.2"", ""ENST00000595287.1"", 
""ENST00000600778.3"", ""ENST00000630553.1"", ""ENST00000625581.2"", ""ENST00000629273.2"", ""ENST00000631025.2"", ""ENST00000629552.2"", ""ENST00000626619.2"", ""ENST00000628347.1"", ""ENST00000628810.1"", ""ENST00000593330.1"", ""ENST00000627738.1"")",TRUE,-0.12532341559897414,7.361446099829387,-2.5872437882202117,0.010070328871158291,0.1823732591193879,-3.6284711495657924,SCZ-DEG,FALSE,FALSE
ENSG00000113916,-3.33782088914647,3.33782088914647,9.2171493285266e-4,9.2171493285264e-4,0.0850748749633835,0.0850748749633839,-0.312668298218038,0.312668298218038,ENSG00000113916,BCL6,5938,ENSG00000113916.17,protein_coding,BCL6,604,InGen,6.7850652331442936,11,"c(""ENST00000621333.4"", ""ENST00000406870.6"", ""ENST00000419510.6"", ""ENST00000232014.8"", ""ENST00000450123.6"", ""ENST00000479110.1"", ""ENST00000430339.5"", ""ENST00000480458.5"", ""ENST00000438077.1"", ""ENST00000470319.1"", ""ENST00000496823.1"")",TRUE,0.012987550476858744,5.520504357541084,0.3913987504024139,0.6957365770071351,0.9090452338557427,-6.674431894206022,SCZ-DEG,FALSE,FALSE
ENSG00000169715,-3.33674629197622,3.33674629197621,9.2519002607385e-4,9.2519002607386e-4,0.0850748749633835,0.0850748749633839,-0.295407972976416,0.295407972976416,ENSG00000169715,MT1E,1052,ENSG00000169715.14,protein_coding,MT1E,4493,InGen,17.866658013620633,3,"c(""ENST00000306061.10"", ""ENST00000568293.1"", ""ENST00000330439.6"")",TRUE,-0.05808972538867291,4.498784143020653,-1.3860323484113668,0.16660420106418034,0.5639223792248476,-5.6450348312950025,SCZ-DEG,FALSE,FALSE
ENSG00000101298,-3.3370083199052,3.33700831990521,9.2434154380721e-4,9.2434154380717e-4,0.0850748749633835,0.0850748749633839,-0.162787619238947,0.162787619238947,ENSG00000101298,SNPH,5574,ENSG00000101298.13,protein_coding,SNPH,9751,InGen,17.835396527713502,3,"c(""ENST00000381873.7"", ""ENST00000381867.5"", ""ENST00000614659.1"")",TRUE,0.014700576157356352,6.960279291312217,0.6839562950493249,0.494447531036294,0.8157623166314228,-6.66007354534995,SCZ-DEG,TRUE,TRUE
ENSG00000013297,3.33155281352793,-3.33155281352792,9.4215739004085e-4,9.4215739004087e-4,0.0860688486313792,0.086068848631381,0.301846331008005,-0.301846331008004,ENSG00000013297,CLDN11,6032,ENSG00000013297.10,protein_coding,CLDN11,5010,InGen,13.521791777014563,9,"c(""ENST00000064724.7"", ""ENST00000486975.1"", ""ENST00000486429.1"", ""ENST00000489485.5"", ""ENST00000468358.5"", ""ENST00000471373.5"", ""ENST00000477531.3"", ""ENST00000488989.1"", ""ENST00000480067.1"")",TRUE,-0.11014873412071621,6.243274088941308,-1.5501952615375647,0.12198278092045194,0.5024450991138563,-5.631407915347875,SCZ-DEG,FALSE,FALSE
ENSG00000101182,3.31930008590723,-3.31930008590723,9.833407506675e-4,9.8334075066748e-4,0.0886719591747076,0.0886719591747063,0.111214112654493,-0.111214112654493,ENSG00000101182,PSMA7,1750,ENSG00000101182.14,protein_coding,PSMA7,5688,InGen,23.003491011060987,6,"c(""ENST00000442551.5"", ""ENST00000370873.8"", ""ENST00000484488.5"", ""ENST00000370861.1"", ""ENST00000486193.1"", ""ENST00000370858.3"")",TRUE,-0.011764338262615073,5.5797738590407295,-1.1864086271659207,0.23625179403282645,0.6338618869144506,-6.053884739900458,SCZ-DEG,FALSE,FALSE
ENSG00000102362,-3.31128965849734,3.31128965849735,0.00101116290607051,0.00101116290607049,0.0905963072958177,0.090596307295816,-0.453092645397662,0.453092645397662,ENSG00000102362,SYTL4,7428,ENSG00000102362.15,protein_coding,SYTL4,94121,InGen,1.493148256799244,6,"c(""ENST00000372989.5"", ""ENST00000491602.1"", ""ENST00000276141.10"", ""ENST00000263033.9"", ""ENST00000372981.1"", ""ENST00000491326.1"")",TRUE,0.15332300688526218,3.273470568267342,2.104083731255554,0.036071701329847355,0.3117162439742917,-4.205587278504806,SCZ-DEG,FALSE,FALSE
ENSG00000131095,-3.30822442034885,3.30822442034886,0.00102200136155675,0.00102200136155669,0.0909841594298003,0.0909841594297954,-0.294879085847186,0.294879085847187,ENSG00000131095,GFAP,6086,ENSG00000131095.11,protein_coding,GFAP,2670,InGen,329.6084242611371,23,"c(""ENST00000592065.1"", ""ENST00000253408.9"", ""ENST00000589701.1"", ""ENST00000592706.5"", ""ENST00000588735.1"", ""ENST00000585543.5"", ""ENST00000591880.1"", ""ENST00000586125.1"", ""ENST00000588640.5"", ""ENST00000435360.6"", ""ENST00000586793.5"", ""ENST00000592320.5"", ""ENST00000587997.5"", ""ENST00000376990.8"", ""ENST00000591719.5"", ""ENST00000590922.1"", ""ENST00000588957.5"", ""ENST00000588316.1"", ""ENST00000585728.5"", ""ENST00000586127.5"", ""ENST00000591327.1"", ""ENST00000588037.1"", ""ENST00000593179.1"")",TRUE,-0.005022448469740979,10.515191149819831,-0.0926544327329469,0.9262301949623353,0.9810253692127354,-7.1485928405699495,SCZ-DEG,FALSE,FALSE
ENSG00000173372,3.29933276323879,-3.29933276323879,0.00105405522440963,0.00105405522440963,0.0921291897377477,0.092129189737748,0.531253563078948,-0.531253563078948,ENSG00000173372,C1QA,1272,ENSG00000173372.16,protein_coding,C1QA,712,InGen,5.787611791501938,3,"c(""ENST00000374642.7"", ""ENST00000438241.1"", ""ENST00000402322.1"")",TRUE,-0.13158428356717028,2.356293940929354,-1.3311350791666148,0.18399603409553142,0.583091686916447,-5.293888131418468,SCZ-DEG,TRUE,TRUE
ENSG00000106028,3.30147338066099,-3.301473380661,0.00104625422025191,0.00104625422025187,0.0921291897377477,0.092129189737748,0.140406166453334,-0.140406166453334,ENSG00000106028,SSBP1,4988,ENSG00000106028.10,protein_coding,SSBP1,6742,InGen,6.180434510275135,15,"c(""ENST00000265304.10"", ""ENST00000612337.4"", ""ENST00000496622.1"", ""ENST00000498107.5"", ""ENST00000489378.5"", ""ENST00000469123.5"", ""ENST00000467681.5"", ""ENST00000465582.5"", ""ENST00000461433.1"", ""ENST00000463093.5"", ""ENST00000465167.1"", ""ENST00000468267.1"", ""ENST00000484178.5"", ""ENST00000473783.5"", ""ENST00000481508.1"")",TRUE,-0.0035037465066578236,5.22613960165053,-0.26703340524742214,0.7895979951191094,0.9401192840220375,-6.666140745087483,SCZ-DEG,FALSE,FALSE
ENSG00000092529,3.29737716921222,-3.29737716921222,0.00106122912984026,0.00106122912984027,0.0921291897377477,0.092129189737748,0.283991693772891,-0.283991693772891,ENSG00000092529,CAPN3,4995,ENSG00000092529.23,protein_coding,CAPN3,825,InGen,1.5889823959944493,21,"c(""ENST00000318023.11"", ""ENST00000357568.7"", ""ENST00000349748.7"", ""ENST00000397163.7"", ""ENST00000638141.1"", ""ENST00000397200.8"", ""ENST00000569827.5"", ""ENST00000567071.5"", ""ENST00000337571.8"", ""ENST00000356316.7"", ""ENST00000569136.5"", ""ENST00000561817.5"", ""ENST00000565173.1"", ""ENST00000397204.8"", ""ENST00000565559.5"", ""ENST00000565274.5"", ""ENST00000564503.5"", ""ENST00000466222.6"", ""ENST00000562199.1"", ""ENST00000567817.5"", ""ENST00000568153.1"")",TRUE,-0.13298395324751824,3.0963438651607826,-2.3241100207743033,0.02068160539224518,0.24666512232409496,-3.690127386114368,SCZ-DEG,FALSE,FALSE
ENSG00000165502,3.28683997780068,-3.28683997780069,0.00110067025865902,0.00110067025865898,0.0949633839831924,0.0949633839831889,0.139206032186075,-0.139206032186075,ENSG00000165502,RPL36AL,746,ENSG00000165502.6,protein_coding,RPL36AL,6166,InGen,53.04117145290031,1,ENST00000298289.6,TRUE,-0.028364514699399043,5.625952148107706,-1.8746002284115864,0.061666023940739466,0.38492370108278345,-5.0257242659634045,SCZ-DEG,FALSE,FALSE
ENSG00000154582,3.28454090197031,-3.28454090197032,0.00110945467037441,0.00110945467037439,0.0951340363670131,0.0951340363670111,0.136185352470082,-0.136185352470082,ENSG00000154582,ELOC,4934,ENSG00000154582.16,protein_coding,TCEB1,6921,InGen,7.025078473964295,10,"c(""ENST00000602840.5"", ""ENST00000518127.5"", ""ENST00000622804.1"", ""ENST00000520210.1"", ""ENST00000520242.5"", ""ENST00000519487.5"", ""ENST00000284811.12"", ""ENST00000522337.5"", ""ENST00000523815.5"", ""ENST00000519082.5"")",TRUE,-0.014524668511109349,5.51200894283564,-1.2733194971498667,0.20373514054953115,0.6024323719355934,-5.940045060464924,SCZ-DEG,FALSE,FALSE
ENSG00000105695,3.28157592668242,-3.2815759266824,0.0011208794489057,0.00112087944890576,0.0952822907869826,0.0952822907869819,0.323887816513721,-0.323887816513719,ENSG00000105695,MAG,2957,ENSG00000105695.14,protein_coding,MAG,4099,InGen,23.52845612461999,8,"c(""ENST00000600291.5"", ""ENST00000392213.7"", ""ENST00000361922.8"", ""ENST00000595791.5"", ""ENST00000597035.5"", ""ENST00000537831.2"", ""ENST00000593348.1"", ""ENST00000597162.1"")",TRUE,-0.10107852841916708,6.0658692616368395,-1.4242088412517733,0.1552615947093279,0.5516064113849798,-5.796460492160026,SCZ-DEG,FALSE,FALSE
ENSG00000092841,3.27620390673576,-3.27620390673576,0.00114185769792028,0.00114185769792027,0.0961430424327214,0.0961430424327202,0.110487407104147,-0.110487407104147,ENSG00000092841,MYL6,4609,ENSG00000092841.18,protein_coding,MYL6,4637,InGen,18.089779448428807,21,"c(""ENST00000550697.5"", ""ENST00000548580.5"", ""ENST00000550184.5"", ""ENST00000552297.5"", ""ENST00000293422.9"", ""ENST00000348108.8"", ""ENST00000549017.5"", ""ENST00000547703.5"", ""ENST00000549566.5"", ""ENST00000536128.5"", ""ENST00000547649.5"", ""ENST00000548725.5"", ""ENST00000547408.5"", ""ENST00000551589.5"", ""ENST00000550639.1"", ""ENST00000546630.1"", ""ENST00000549392.5"", ""ENST00000548400.5"", ""ENST00000548293.5"", ""ENST00000546845.1"", ""ENST00000551954.1"")",TRUE,0.0018950506184046909,6.511095994129082,0.14573932240653403,0.8842096266489243,0.9697249660500873,-6.8402818024723,SCZ-DEG,FALSE,FALSE
ENSG00000120738,3.27261299344487,-3.27261299344487,0.00115608305363227,0.00115608305363229,0.0967579212013071,0.0967579212013081,0.325357238280509,-0.325357238280508,ENSG00000120738,EGR1,3138,ENSG00000120738.7,protein_coding,EGR1,1958,InGen,8.77336901873383,1,ENST00000239938.4,TRUE,-0.20721276332857214,4.769811060807632,-2.741393700984349,0.00642655326888167,0.15119943771729927,-2.9611948988319323,SCZ-DEG,FALSE,FALSE
ENSG00000117519,-3.26157171427998,3.26157171427998,0.00120085932872985,0.00120085932872985,0.099142657242674,0.099142657242675,-0.204624145482219,0.204624145482219,ENSG00000117519,CNN3,2838,ENSG00000117519.15,protein_coding,CNN3,1266,InGen,31.590668952180476,7,"c(""ENST00000545882.5"", ""ENST00000394202.8"", ""ENST00000370206.8"", ""ENST00000461018.5"", ""ENST00000487539.1"", ""ENST00000415017.1"", ""ENST00000474409.1"")",TRUE,0.021986765187538785,6.501519097451056,0.8714393427738107,0.384101357345749,0.752213748116254,-6.478862139568496,SCZ-DEG,TRUE,TRUE
ENSG00000118816,3.25970224393817,-3.25970224393817,0.00120859801311589,0.00120859801311589,0.099142657242674,0.099142657242675,0.105859489712554,-0.105859489712554,ENSG00000118816,CCNI,3741,ENSG00000118816.9,protein_coding,CCNI,10983,InGen,73.86677095894157,9,"c(""ENST00000237654.8"", ""ENST00000515468.1"", ""ENST00000506614.1"", ""ENST00000511943.5"", ""ENST00000505609.5"", ""ENST00000504697.1"", ""ENST00000513774.1"", ""ENST00000507788.1"", ""ENST00000515790.1"")",TRUE,-0.0391220533307181,8.529198724490403,-2.424100617537808,0.015843614600327998,0.2195043918471783,-4.115221993535689,SCZ-DEG,FALSE,FALSE
ENSG00000170365,-3.2635375757401,3.2635375757401,0.00119277120905683,0.00119277120905683,0.099142657242674,0.099142657242675,-0.229505448330869,0.229505448330869,ENSG00000170365,SMAD1,6058,ENSG00000170365.9,protein_coding,SMAD1,4086,InGen,2.5770101613635377,16,"c(""ENST00000514778.1"", ""ENST00000507594.1"", ""ENST00000514831.1"", ""ENST00000302085.8"", ""ENST00000512019.1"", ""ENST00000503324.1"", ""ENST00000515527.1"", ""ENST00000507367.1"", ""ENST00000394092.6"", ""ENST00000515385.1"", ""ENST00000514168.1"", ""ENST00000506626.1"", ""ENST00000502342.1"", ""ENST00000511125.1"", ""ENST00000510948.1"", ""ENST00000511255.1"")",TRUE,0.06445947229752905,4.0726536896321175,2.8687058243813204,0.004367240980180757,0.1288130462665285,-2.5190009166546794,SCZ-DEG,FALSE,FALSE
ENSG00000136158,3.25695773589768,-3.25695773589768,0.00122004271630106,0.00122004271630107,0.099142657242674,0.099142657242675,0.22470675734673,-0.22470675734673,ENSG00000136158,SPRY2,3038,ENSG00000136158.11,protein_coding,SPRY2,10253,InGen,10.381898752700996,2,"c(""ENST00000377102.5"", ""ENST00000377104.3"")",TRUE,-0.04257411410154628,5.302954405571705,-1.7544892038502542,0.08020666565682073,0.4267763267368756,-5.20082563184562,SCZ-DEG,FALSE,FALSE
ENSG00000176046,-3.25864320630078,3.25864320630078,0.00121300239546711,0.00121300239546713,0.099142657242674,0.099142657242675,-0.365428247629262,0.365428247629261,ENSG00000176046,NUPR1,5674,ENSG00000176046.8,protein_coding,NUPR1,26471,InGen,0.9365637371824095,3,"c(""ENST00000324873.7"", ""ENST00000567646.1"", ""ENST00000395641.2"")",TRUE,-0.004350655109202814,1.9647723665970827,-0.06905893014587249,0.9449814683571514,0.9851943727160483,-6.054766500910365,SCZ-DEG,FALSE,FALSE
