donor	section	Dx	age	sex	SpD	ncells	key	slide_id	rin	source_ncells	target_ncells	M_logCPM	M
Br1092	V13F27-295_A1	NTC	48.95	M	spd02	162	Br1092|spd02	V13F27-295	8.8	349	162	6.02840671495646	0.132760671824913
Br1092	V13F27-295_A1	NTC	48.95	M	spd03	114	Br1092|spd03	V13F27-295	8.8	228	114	6.70462393384992	1.1543991541186
Br1092	V13F27-295_A1	NTC	48.95	M	spd05	76	Br1092|spd05	V13F27-295	8.8	151	76	6.34300049916251	0.608053384366643
Br1092	V13F27-295_A1	NTC	48.95	M	spd06	89	Br1092|spd06	V13F27-295	8.8	162	89	4.51916373333998	-2.14742484559533
Br1092	V13F27-295_A1	NTC	48.95	M	spd07	46	Br1092|spd07	V13F27-295	8.8	198	46	6.96230849001941	1.54371260476735
Br1113	V13M06-279_A1	NTC	51.91	F	spd02	112	Br1113|spd02	V13M06-279	8.8	722	112	4.96105788083549	-1.47980495428211
Br1113	V13M06-279_A1	NTC	51.91	F	spd03	44	Br1113|spd03	V13M06-279	8.8	198	44	6.54953669505474	0.920091173134179
Br1113	V13M06-279_A1	NTC	51.91	F	spd05	46	Br1113|spd05	V13M06-279	8.8	182	46	5.74084156985048	-0.301696792726761
Br1113	V13M06-279_A1	NTC	51.91	F	spd06	36	Br1113|spd06	V13M06-279	8.8	291	36	4.38612436211321	-2.34842259825213
Br1113	V13M06-279_A1	NTC	51.91	F	spd07	49	Br1113|spd07	V13M06-279	8.8	226	49	6.94853001649798	1.5228958932382
Br1139	V13F27-296_A1	SCZ	44.86	F	spd02	130	Br1139|spd02	V13F27-296	8.7	1193	130	4.66133175371849	-1.9326354014462
Br1139	V13F27-296_A1	SCZ	44.86	F	spd03	77	Br1139|spd03	V13F27-296	8.7	482	77	5.91508603817974	-0.0384458000009796
Br1139	V13F27-296_A1	SCZ	44.86	F	spd05	47	Br1139|spd05	V13F27-296	8.7	314	47	5.04969433290667	-1.34589175621526
Br1139	V13F27-296_A1	SCZ	44.86	F	spd06	28	Br1139|spd06	V13F27-296	8.7	373	28	4.24735245706062	-2.5580811436156
Br1139	V13F27-296_A1	SCZ	44.86	F	spd07	55	Br1139|spd07	V13F27-296	8.7	292	55	6.09338164505981	0.230925709808644
Br1204	V13F27-336_B1	NTC	27.48	M	spd02	150	Br1204|spd02	V13F27-336	8.6	458	150	5.44512917667688	-0.748463234213823
Br1204	V13F27-336_B1	NTC	27.48	M	spd03	95	Br1204|spd03	V13F27-336	8.6	384	95	6.21110459661545	0.408783200268941
Br1204	V13F27-336_B1	NTC	27.48	M	spd05	81	Br1204|spd05	V13F27-336	8.6	170	81	5.44391059801762	-0.750304279986121
Br1204	V13F27-336_B1	NTC	27.48	M	spd06	47	Br1204|spd06	V13F27-336	8.6	216	47	4.57905655837873	-2.05693792340041
Br1204	V13F27-336_B1	NTC	27.48	M	spd07	31	Br1204|spd07	V13F27-336	8.6	233	31	5.98195793236319	0.0625851979873339
Br1214	V13M06-344_C1	NTC	61.13	M	spd02	33	Br1214|spd02	V13M06-344	9	526	33	5.68876547766058	-0.380374085026029
Br1214	V13M06-344_C1	NTC	61.13	M	spd03	39	Br1214|spd03	V13M06-344	9	440	39	6.61110691124452	1.01311232146512
Br1214	V13M06-344_C1	NTC	61.13	M	spd05	20	Br1214|spd05	V13M06-344	9	233	20	6.4710587498659	0.801525590099408
Br1214	V13M06-344_C1	NTC	61.13	M	spd07	15	Br1214|spd07	V13M06-344	9	92	15	6.5118789842544	0.863197374168706
Br1578	V13F27-296_B1	SCZ	42.06	M	spd02	89	Br1578|spd02	V13F27-296	7.8	1262	89	5.75155749561788	-0.285507021405509
Br1578	V13F27-296_B1	SCZ	42.06	M	spd03	13	Br1578|spd03	V13F27-296	7.8	160	13	6.00144783509426	0.0920308170722898
Br1578	V13F27-296_B1	SCZ	42.06	M	spd05	10	Br1578|spd05	V13F27-296	7.8	212	10	5.75399214095263	-0.281828725001309
Br1578	V13F27-296_B1	SCZ	42.06	M	spd06	19	Br1578|spd06	V13F27-296	7.8	339	19	5.04979981077869	-1.34573239876313
Br1578	V13F27-296_B1	SCZ	42.06	M	spd07	99	Br1578|spd07	V13F27-296	7.8	494	99	6.35559977870985	0.627088553059628
Br1682	V13M06-340_C1	SCZ	41.33	M	spd02	125	Br1682|spd02	V13M06-340	9.1	597	125	5.70244695142836	-0.359703922088553
Br1682	V13M06-340_C1	SCZ	41.33	M	spd03	71	Br1682|spd03	V13M06-340	9.1	344	71	6.92202307971021	1.48284884043698
Br1682	V13M06-340_C1	SCZ	41.33	M	spd05	51	Br1682|spd05	V13M06-340	9.1	176	51	6.45740296451171	0.78089423757838
Br1682	V13M06-340_C1	SCZ	41.33	M	spd06	22	Br1682|spd06	V13M06-340	9.1	282	22	5.34938828866146	-0.893109913997545
Br1682	V13M06-340_C1	SCZ	41.33	M	spd07	13	Br1682|spd07	V13M06-340	9.1	105	13	6.79057116596638	1.28424944086594
Br1753	V13F27-296_C1	NTC	48.99	F	spd02	21	Br1753|spd02	V13F27-296	8.8	991	21	5.10438149556817	-1.26326962193439
Br1753	V13F27-296_C1	NTC	48.99	F	spd07	58	Br1753|spd07	V13F27-296	8.8	602	58	6.11677385481586	0.266266989215529
Br1923	V13F27-336_C1	SCZ	50.17	M	spd02	246	Br1923|spd02	V13F27-336	8.2	1319	246	6.59415650939186	0.987503416014056
Br1923	V13F27-336_C1	SCZ	50.17	M	spd03	37	Br1923|spd03	V13F27-336	8.2	128	37	7.00717508619066	1.61149768911212
Br1923	V13F27-336_C1	SCZ	50.17	M	spd05	16	Br1923|spd05	V13F27-336	8.2	50	16	6.75549887832792	1.23126173556591
Br1923	V13F27-336_C1	SCZ	50.17	M	spd06	27	Br1923|spd06	V13F27-336	8.2	186	27	6.17123541477993	0.348548279769014
Br1923	V13F27-336_C1	SCZ	50.17	M	spd07	12	Br1923|spd07	V13F27-336	8.2	125	12	6.99999947038028	1.60065666785266
Br2039	V12F14-057_C1	SCZ	40.96	M	spd07	43	Br2039|spd07	V12F14-057	7.7	192	43	6.27878844242837	0.511040906195549
Br2242	V13M06-281_C1	SCZ	50.73	F	spd02	94	Br2242|spd02	V13M06-281	8.8	712	94	5.4789829458776	-0.697316483702597
Br2242	V13M06-281_C1	SCZ	50.73	F	spd03	52	Br2242|spd03	V13M06-281	8.8	303	52	6.14100667895498	0.302878280651872
Br2242	V13M06-281_C1	SCZ	50.73	F	spd05	45	Br2242|spd05	V13M06-281	8.8	232	45	5.80542084858936	-0.204129510387553
Br2242	V13M06-281_C1	SCZ	50.73	F	spd06	32	Br2242|spd06	V13M06-281	8.8	386	32	5.14185179226841	-1.20665897082651
Br2242	V13M06-281_C1	SCZ	50.73	F	spd07	110	Br2242|spd07	V13M06-281	8.8	711	110	6.91814818708672	1.47699459817828
Br2378	V12F14-057_D1	SCZ	38.41	M	spd03	18	Br2378|spd03	V12F14-057	7.7	778	18	5.87687708135763	-0.096172429206963
Br2378	V12F14-057_D1	SCZ	38.41	M	spd07	36	Br2378|spd07	V12F14-057	7.7	279	36	6.20730455980644	0.403042051227255
Br2421	V13F27-336_D1	SCZ	57.58	M	spd02	98	Br2421|spd02	V13F27-336	8.4	861	98	5.91194786298085	-0.0431869992159343
Br2421	V13F27-336_D1	SCZ	57.58	M	spd03	98	Br2421|spd03	V13F27-336	8.4	350	98	6.21507564948321	0.414782722776753
Br2421	V13F27-336_D1	SCZ	57.58	M	spd05	49	Br2421|spd05	V13F27-336	8.4	245	49	6.24138165237838	0.454526201827789
Br2421	V13F27-336_D1	SCZ	57.58	M	spd06	43	Br2421|spd06	V13F27-336	8.4	370	43	5.48744912146118	-0.684525666591791
Br2421	V13F27-336_D1	SCZ	57.58	M	spd07	92	Br2421|spd07	V13F27-336	8.4	626	92	6.63922165369062	1.05558846966156
Br2470	V13M06-340_D1	SCZ	47.56	F	spd02	210	Br2470|spd02	V13M06-340	7.2	811	210	6.16903425507777	0.345222736741464
Br2470	V13M06-340_D1	SCZ	47.56	F	spd03	59	Br2470|spd03	V13M06-340	7.2	335	59	7.11559538778892	1.77530060521639
Br2470	V13M06-340_D1	SCZ	47.56	F	spd05	34	Br2470|spd05	V13M06-340	7.2	170	34	5.73669727293182	-0.30795805478258
Br2470	V13M06-340_D1	SCZ	47.56	F	spd06	23	Br2470|spd06	V13M06-340	7.2	80	23	6.45807147827266	0.7819042375681
Br2470	V13M06-340_D1	SCZ	47.56	F	spd07	58	Br2470|spd07	V13M06-340	7.2	229	58	6.92432740184748	1.48633024272202
Br2627	V13F27-295_C1	SCZ	40.08	M	spd02	120	Br2627|spd02	V13F27-295	8.4	796	120	5.72728336229282	-0.322180723340796
Br2627	V13F27-295_C1	SCZ	40.08	M	spd03	63	Br2627|spd03	V13F27-295	8.4	349	63	6.624775543955	1.03376308395267
Br2627	V13F27-295_C1	SCZ	40.08	M	spd05	23	Br2627|spd05	V13F27-295	8.4	128	23	6.05922466092152	0.179320857906353
Br2627	V13F27-295_C1	SCZ	40.08	M	spd06	22	Br2627|spd06	V13F27-295	8.4	314	22	4.94666466008814	-1.50155043456389
Br2627	V13F27-295_C1	SCZ	40.08	M	spd07	42	Br2627|spd07	V13F27-295	8.4	262	42	6.91914850929372	1.47850589903369
Br2719	V12F14-053_A1	NTC	36.6	F	spd07	12	Br2719|spd07	V12F14-053	7.8	440	12	6.17473489671947	0.353835346287931
Br2720	V13M06-280_C1	NTC	48.23	F	spd02	83	Br2720|spd02	V13M06-280	7.5	485	83	5.63412375204985	-0.462927572371708
Br2720	V13M06-280_C1	NTC	48.23	F	spd03	10	Br2720|spd03	V13M06-280	7.5	72	10	6.61835044415423	1.02405595283319
Br2720	V13M06-280_C1	NTC	48.23	F	spd05	16	Br2720|spd05	V13M06-280	7.5	55	16	6.15321851273944	0.321328090838591
Br2720	V13M06-280_C1	NTC	48.23	F	spd06	23	Br2720|spd06	V13M06-280	7.5	241	23	5.52041448495395	-0.634721131915611
Br2720	V13M06-280_C1	NTC	48.23	F	spd07	40	Br2720|spd07	V13M06-280	7.5	305	40	7.29620005559649	2.04816067674195
Br5182	V12F14-053_C1	NTC	42.05	M	spd02	18	Br5182|spd02	V12F14-053	7.5	586	18	5.19413092667048	-1.12767491949821
Br5182	V12F14-053_C1	NTC	42.05	M	spd07	33	Br5182|spd07	V12F14-053	7.5	323	33	6.41996464806181	0.724331902682353
Br5224	V13M06-342_A1	SCZ	46.06	M	spd02	227	Br5224|spd02	V13M06-342	6.7	1013	227	5.76845746051312	-0.259974316818888
Br5224	V13M06-342_A1	SCZ	46.06	M	spd03	68	Br5224|spd03	V13M06-342	6.7	276	68	6.43086576810616	0.740801468121161
Br5224	V13M06-342_A1	SCZ	46.06	M	spd05	69	Br5224|spd05	V13M06-342	6.7	204	69	6.26262025983249	0.486613788596062
Br5224	V13M06-342_A1	SCZ	46.06	M	spd06	58	Br5224|spd06	V13M06-342	6.7	265	58	5.09763760555194	-1.27345838579375
Br5224	V13M06-342_A1	SCZ	46.06	M	spd07	73	Br5224|spd07	V13M06-342	6.7	401	73	6.56455742771722	0.942784707240495
Br5228	V13M06-344_D1	NTC	57.83	F	spd02	40	Br5228|spd02	V13M06-344	8.3	586	40	5.30436645206233	-0.961129537763534
Br5228	V13M06-344_D1	NTC	57.83	F	spd03	96	Br5228|spd03	V13M06-344	8.3	798	96	6.03855023518896	0.148085644815706
Br5228	V13M06-344_D1	NTC	57.83	F	spd05	26	Br5228|spd05	V13M06-344	8.3	292	26	5.62147368497636	-0.482039471573301
Br5228	V13M06-344_D1	NTC	57.83	F	spd06	10	Br5228|spd06	V13M06-344	8.3	234	10	4.53373465876789	-2.12541088658353
Br5228	V13M06-344_D1	NTC	57.83	F	spd07	20	Br5228|spd07	V13M06-344	8.3	141	20	6.32159438380522	0.575712724302977
Br5276	V13M06-343_A1	NTC	59.86	M	spd02	215	Br5276|spd02	V13M06-343	7.4	827	215	5.96820525729529	0.0418074631245101
Br5276	V13M06-343_A1	NTC	59.86	M	spd03	68	Br5276|spd03	V13M06-343	7.4	200	68	6.49343245877066	0.83532810409949
Br5276	V13M06-343_A1	NTC	59.86	M	spd05	82	Br5276|spd05	V13M06-343	7.4	215	82	6.17815302390684	0.358999500903374
Br5276	V13M06-343_A1	NTC	59.86	M	spd06	62	Br5276|spd06	V13M06-343	7.4	320	62	4.6757143129049	-1.9109060288006
Br5276	V13M06-343_A1	NTC	59.86	M	spd07	61	Br5276|spd07	V13M06-343	7.4	581	61	6.22052513960081	0.423015889069288
Br5314	V13F27-294_C1	NTC	48.69	F	spd02	42	Br5314|spd02	V13F27-294	8	792	42	5.91007712026618	-0.0460133436129408
Br5314	V13F27-294_C1	NTC	48.69	F	spd03	37	Br5314|spd03	V13F27-294	8	329	37	6.53968344663923	0.905204746885877
Br5314	V13F27-294_C1	NTC	48.69	F	spd05	25	Br5314|spd05	V13F27-294	8	203	25	6.02638562511278	0.129707180871436
Br5314	V13F27-294_C1	NTC	48.69	F	spd06	14	Br5314|spd06	V13F27-294	8	287	14	5.30874947313651	-0.954507607896954
Br5314	V13F27-294_C1	NTC	48.69	F	spd07	54	Br5314|spd07	V13F27-294	8	470	54	6.66774763661862	1.09868592576034
Br5367	V12F14-053_D1	NTC	31.31	F	spd02	10	Br5367|spd02	V12F14-053	6.6	715	10	4.91842831885691	-1.54421029591465
Br5367	V12F14-053_D1	NTC	31.31	F	spd07	55	Br5367|spd07	V12F14-053	6.6	398	55	5.61807399179544	-0.487175775832608
Br5373	V12D07-334_A1	SCZ	47.75	M	spd02	75	Br5373|spd02	V12D07-334	8.5	825	75	5.60967202796966	-0.499869580916867
Br5373	V12D07-334_A1	SCZ	47.75	M	spd03	26	Br5373|spd03	V12D07-334	8.5	349	26	6.10845869022329	0.253704321633252
Br5373	V12D07-334_A1	SCZ	47.75	M	spd05	29	Br5373|spd05	V12D07-334	8.5	233	29	5.30038226125223	-0.967148909259354
Br5373	V12D07-334_A1	SCZ	47.75	M	spd06	33	Br5373|spd06	V12D07-334	8.5	275	33	4.82722434928019	-1.68200253552959
Br5373	V12D07-334_A1	SCZ	47.75	M	spd07	69	Br5373|spd07	V12D07-334	8.5	430	69	6.28977236594204	0.527635572280061
Br5395	V13M06-281_B1	NTC	51.61	M	spd02	64	Br5395|spd02	V13M06-281	8.9	522	64	5.76857076706676	-0.259803131684496
Br5395	V13M06-281_B1	NTC	51.61	M	spd03	62	Br5395|spd03	V13M06-281	8.9	345	62	6.18428964001086	0.368270786797545
Br5395	V13M06-281_B1	NTC	51.61	M	spd05	55	Br5395|spd05	V13M06-281	8.9	229	55	5.77334818718738	-0.252585338193082
Br5395	V13M06-281_B1	NTC	51.61	M	spd06	21	Br5395|spd06	V13M06-281	8.9	184	21	5.20791520518091	-1.10684943771005
Br5395	V13M06-281_B1	NTC	51.61	M	spd07	35	Br5395|spd07	V13M06-281	8.9	218	35	5.39151037781055	-0.829471269451156
Br5400	V13M06-281_A1	NTC	52.69	F	spd02	101	Br5400|spd02	V13M06-281	8.4	922	101	5.11329069917083	-1.24980947186316
Br5400	V13M06-281_A1	NTC	52.69	F	spd03	53	Br5400|spd03	V13M06-281	8.4	309	53	5.88891936706022	-0.0779787746462584
Br5400	V13M06-281_A1	NTC	52.69	F	spd05	53	Br5400|spd05	V13M06-281	8.4	337	53	5.55555294552717	-0.581633451615326
Br5400	V13M06-281_A1	NTC	52.69	F	spd06	49	Br5400|spd06	V13M06-281	8.4	443	49	4.30538875420703	-2.47039908986425
Br5400	V13M06-281_A1	NTC	52.69	F	spd07	80	Br5400|spd07	V13M06-281	8.4	481	80	6.21962118990042	0.421650189151906
Br5436	V13M06-282_D1	NTC	50.17	M	spd02	190	Br5436|spd02	V13M06-282	7.9	1114	190	5.8404545899594	-0.15120004133185
Br5436	V13M06-282_D1	NTC	50.17	M	spd03	35	Br5436|spd03	V13M06-282	7.9	166	35	6.05292119981448	0.169797500235675
Br5436	V13M06-282_D1	NTC	50.17	M	spd05	100	Br5436|spd05	V13M06-282	7.9	291	100	5.55149943174109	-0.58775755723798
Br5436	V13M06-282_D1	NTC	50.17	M	spd06	45	Br5436|spd06	V13M06-282	7.9	364	45	5.4933706863099	-0.675579283157861
Br5436	V13M06-282_D1	NTC	50.17	M	spd07	79	Br5436|spd07	V13M06-282	7.9	527	79	7.11461403587645	1.77381796494869
Br5472	V12D07-334_B1	NTC	49.23	M	spd02	84	Br5472|spd02	V12D07-334	7.4	419	84	5.94134153123109	0.00122136806780705
Br5472	V12D07-334_B1	NTC	49.23	M	spd03	57	Br5472|spd03	V12D07-334	7.4	254	57	6.41223737850454	0.712657435185533
Br5472	V12D07-334_B1	NTC	49.23	M	spd05	45	Br5472|spd05	V12D07-334	7.4	113	45	6.26697766225677	0.493197013446162
Br5472	V12D07-334_B1	NTC	49.23	M	spd06	30	Br5472|spd06	V12D07-334	7.4	114	30	5.65649909475361	-0.429122590005121
Br5472	V12D07-334_B1	NTC	49.23	M	spd07	39	Br5472|spd07	V12D07-334	7.4	273	39	7.30680022254319	2.06417555800926
Br5573	V13M06-343_C1	SCZ	43.99	M	spd02	166	Br5573|spd02	V13M06-343	6.8	913	166	5.41066746035129	-0.80052847978939
Br5573	V13M06-343_C1	SCZ	43.99	M	spd03	77	Br5573|spd03	V13M06-343	6.8	269	77	6.04969790654655	0.1649277034452
Br5573	V13M06-343_C1	SCZ	43.99	M	spd05	105	Br5573|spd05	V13M06-343	6.8	389	105	5.49221159702322	-0.677330451549607
Br5573	V13M06-343_C1	SCZ	43.99	M	spd06	59	Br5573|spd06	V13M06-343	6.8	322	59	5.07384735587505	-1.30940102950971
Br5573	V13M06-343_C1	SCZ	43.99	M	spd07	101	Br5573|spd07	V13M06-343	6.8	435	101	6.72126000982561	1.17953317161514
Br5588	V13F27-293_C1	SCZ	40.43	F	spd02	159	Br5588|spd02	V13F27-293	8.5	1406	159	6.2240138493097	0.428286680750676
Br5588	V13F27-293_C1	SCZ	40.43	F	spd03	33	Br5588|spd03	V13F27-293	8.5	231	33	6.72069568541923	1.17868058236726
Br5588	V13F27-293_C1	SCZ	40.43	F	spd05	33	Br5588|spd05	V13F27-293	8.5	247	33	6.11590313234308	0.264951489460809
Br5588	V13F27-293_C1	SCZ	40.43	F	spd06	45	Br5588|spd06	V13F27-293	8.5	472	45	6.21407060855465	0.413264292810463
Br5588	V13F27-293_C1	SCZ	40.43	F	spd07	101	Br5588|spd07	V13F27-293	8.5	598	101	7.09642052398537	1.74633095137277
Br5590	V13M06-280_A1	SCZ	51.95	F	spd02	123	Br5590|spd02	V13M06-280	8.8	1061	123	5.57708499746102	-0.549102524801055
Br5590	V13M06-280_A1	SCZ	51.95	F	spd03	22	Br5590|spd03	V13M06-280	8.8	218	22	6.10982360779947	0.255766458298837
Br5590	V13M06-280_A1	SCZ	51.95	F	spd05	35	Br5590|spd05	V13M06-280	8.8	292	35	5.62020388923553	-0.483957896832581
Br5590	V13M06-280_A1	SCZ	51.95	F	spd06	35	Br5590|spd06	V13M06-280	8.8	362	35	4.75818835894012	-1.78630308041972
Br5590	V13M06-280_A1	SCZ	51.95	F	spd07	102	Br5590|spd07	V13M06-280	8.8	540	102	5.75254754672673	-0.28401123826959
Br5599	V13F27-293_B1	NTC	55.88	M	spd02	220	Br5599|spd02	V13F27-293	8.5	1489	220	5.47438502632679	-0.704263085209253
Br5599	V13F27-293_B1	NTC	55.88	M	spd03	24	Br5599|spd03	V13F27-293	8.5	127	24	5.67805314841807	-0.396558422666903
Br5599	V13F27-293_B1	NTC	55.88	M	spd05	43	Br5599|spd05	V13F27-293	8.5	245	43	5.59545481397849	-0.521349147716647
Br5599	V13F27-293_B1	NTC	55.88	M	spd06	38	Br5599|spd06	V13F27-293	8.5	418	38	4.74240691108875	-1.81014591372949
Br5599	V13F27-293_B1	NTC	55.88	M	spd07	77	Br5599|spd07	V13F27-293	8.5	645	77	6.01724436370559	0.115896434606249
Br5622	V13F27-293_A1	NTC	23.16	F	spd02	290	Br5622|spd02	V13F27-293	8.5	1222	290	4.95344221701229	-1.49131080626666
Br5622	V13F27-293_A1	NTC	23.16	F	spd03	25	Br5622|spd03	V13F27-293	8.5	165	25	5.81738888378528	-0.186048034536336
Br5622	V13F27-293_A1	NTC	23.16	F	spd05	48	Br5622|spd05	V13F27-293	8.5	162	48	5.36512029396139	-0.869341779189689
Br5622	V13F27-293_A1	NTC	23.16	F	spd06	60	Br5622|spd06	V13F27-293	8.5	436	60	4.82613137004904	-1.68365382391991
Br5622	V13F27-293_A1	NTC	23.16	F	spd07	69	Br5622|spd07	V13F27-293	8.5	357	69	6.16014479716927	0.33179241874258
Br5636	V13M06-280_B1	SCZ	33.59	M	spd02	149	Br5636|spd02	V13M06-280	9.6	838	149	5.51720051488446	-0.63957684308679
Br5636	V13M06-280_B1	SCZ	33.59	M	spd03	41	Br5636|spd03	V13M06-280	9.6	410	41	5.8580411630035	-0.124629999499837
Br5636	V13M06-280_B1	SCZ	33.59	M	spd05	109	Br5636|spd05	V13M06-280	9.6	491	109	5.49178982786571	-0.677967666323088
Br5636	V13M06-280_B1	SCZ	33.59	M	spd06	27	Br5636|spd06	V13M06-280	9.6	301	27	4.72126331448129	-1.84208995677474
Br5636	V13M06-280_B1	SCZ	33.59	M	spd07	75	Br5636|spd07	V13M06-280	9.6	830	75	6.73539461332134	1.20088792931685
Br5639	V13F27-294_D1	NTC	54.26	M	spd02	23	Br5639|spd02	V13F27-294	8.6	668	23	6.25301932206657	0.472108556824794
Br5639	V13F27-294_D1	NTC	54.26	M	spd03	10	Br5639|spd03	V13F27-294	8.6	152	10	7.20621519458935	1.91221028349527
Br5639	V13F27-294_D1	NTC	54.26	M	spd07	69	Br5639|spd07	V13F27-294	8.6	555	69	6.94184739195299	1.51279969011422
Br5746	V13F27-294_A1	SCZ	51.99	F	spd02	72	Br5746|spd02	V13F27-294	7.9	509	72	5.776369421483	-0.248020814939035
Br5746	V13F27-294_A1	SCZ	51.99	F	spd03	51	Br5746|spd03	V13F27-294	7.9	497	51	6.41685441603071	0.719632920398183
Br5746	V13F27-294_A1	SCZ	51.99	F	spd05	30	Br5746|spd05	V13F27-294	7.9	242	30	6.25029432085614	0.46799158668105
Br5746	V13F27-294_A1	SCZ	51.99	F	spd06	26	Br5746|spd06	V13F27-294	7.9	259	26	4.89941003638456	-1.57294338448148
Br5746	V13F27-294_A1	SCZ	51.99	F	spd07	33	Br5746|spd07	V13F27-294	7.9	266	33	6.19808155547284	0.389107806599499
Br5789	V12D07-334_C1	SCZ	47.8	M	spd02	38	Br5789|spd02	V12D07-334	8.1	885	38	5.72295567903761	-0.328719048052397
Br5789	V12D07-334_C1	SCZ	47.8	M	spd05	16	Br5789|spd05	V12D07-334	8.1	189	16	5.95689573716947	0.0247208811002901
Br5789	V12D07-334_C1	SCZ	47.8	M	spd06	18	Br5789|spd06	V12D07-334	8.1	390	18	4.93556903702565	-1.5183138578973
Br5789	V12D07-334_C1	SCZ	47.8	M	spd07	66	Br5789|spd07	V12D07-334	8.1	744	66	6.73082953367824	1.19399094280451
Br5888	V13M06-281_D1	SCZ	53.65	M	spd02	139	Br5888|spd02	V13M06-281	8.1	1165	139	6.10845659017826	0.253701148855694
Br5888	V13M06-281_D1	SCZ	53.65	M	spd03	16	Br5888|spd03	V13M06-281	8.1	102	16	6.92549350758128	1.48809201166074
Br5888	V13M06-281_D1	SCZ	53.65	M	spd05	19	Br5888|spd05	V13M06-281	8.1	118	19	6.91676644794051	1.47490704724817
Br5888	V13M06-281_D1	SCZ	53.65	M	spd06	35	Br5888|spd06	V13M06-281	8.1	364	35	5.65254461889297	-0.435097067737507
Br5888	V13M06-281_D1	SCZ	53.65	M	spd07	44	Br5888|spd07	V13M06-281	8.1	547	44	6.75309223678518	1.22762574768444
Br5928	V13F27-294_B1	SCZ	58.81	M	spd02	300	Br5928|spd02	V13F27-294	7.1	2250	300	6.29947498775259	0.542294429735691
Br5928	V13F27-294_B1	SCZ	58.81	M	spd03	16	Br5928|spd03	V13F27-294	7.1	88	16	7.05319577470358	1.68102639239387
Br5928	V13F27-294_B1	SCZ	58.81	M	spd07	16	Br5928|spd07	V13F27-294	7.1	34	16	6.31333248287063	0.563230528204085
Br5931	V13M06-340_A1	NTC	49.03	F	spd02	157	Br5931|spd02	V13M06-340	8.8	859	157	5.87242995465759	-0.102891210754446
Br5931	V13M06-340_A1	NTC	49.03	F	spd03	103	Br5931|spd03	V13M06-340	8.8	509	103	6.40108064349031	0.695801683056141
Br5931	V13M06-340_A1	NTC	49.03	F	spd05	84	Br5931|spd05	V13M06-340	8.8	399	84	6.1469053688817	0.311790104332012
Br5931	V13M06-340_A1	NTC	49.03	F	spd06	41	Br5931|spd06	V13M06-340	8.8	278	41	5.62203852029379	-0.481186110433836
Br5931	V13M06-340_A1	NTC	49.03	F	spd07	73	Br5931|spd07	V13M06-340	8.8	583	73	6.9211260350448	1.48149357274353
Br5973	V13M06-343_D1	SCZ	61.39	F	spd02	187	Br5973|spd02	V13M06-343	8.5	697	187	5.97554900034835	0.0529024933861695
Br5973	V13M06-343_D1	SCZ	61.39	F	spd03	145	Br5973|spd03	V13M06-343	8.5	472	145	6.45670316950073	0.779836977436283
Br5973	V13M06-343_D1	SCZ	61.39	F	spd05	104	Br5973|spd05	V13M06-343	8.5	313	104	6.09552570196771	0.234164981131729
Br5973	V13M06-343_D1	SCZ	61.39	F	spd06	56	Br5973|spd06	V13M06-343	8.5	253	56	5.41763981946546	-0.789994541604458
Br5973	V13M06-343_D1	SCZ	61.39	F	spd07	64	Br5973|spd07	V13M06-343	8.5	397	64	6.91651755941522	1.47453102296464
Br6032	V13F27-293_D1	SCZ	57.03	M	spd02	61	Br6032|spd02	V13F27-293	7.5	1025	61	5.86366445759405	-0.116134246965805
Br6032	V13F27-293_D1	SCZ	57.03	M	spd03	20	Br6032|spd03	V13F27-293	7.5	526	20	5.83821252037891	-0.154587391578798
Br6032	V13F27-293_D1	SCZ	57.03	M	spd05	23	Br6032|spd05	V13F27-293	7.5	313	23	5.85083467840058	-0.135517657765105
Br6032	V13F27-293_D1	SCZ	57.03	M	spd06	11	Br6032|spd06	V13F27-293	7.5	376	11	4.97364410082874	-1.46078951614706
Br6032	V13F27-293_D1	SCZ	57.03	M	spd07	37	Br6032|spd07	V13F27-293	7.5	400	37	6.45554191037384	0.778082530819428
Br6257	V13M06-280_D1	NTC	45.44	M	spd02	158	Br6257|spd02	V13M06-280	7.7	1235	158	6.17591766689562	0.355622292100456
Br6257	V13M06-280_D1	NTC	45.44	M	spd03	55	Br6257|spd03	V13M06-280	7.7	334	55	6.29972732642417	0.542675666548732
Br6257	V13M06-280_D1	NTC	45.44	M	spd05	35	Br6257|spd05	V13M06-280	7.7	195	35	5.76632397810702	-0.263197612035974
Br6257	V13M06-280_D1	NTC	45.44	M	spd06	29	Br6257|spd06	V13M06-280	7.7	219	29	5.25906252691442	-1.02957534487533
Br6257	V13M06-280_D1	NTC	45.44	M	spd07	70	Br6257|spd07	V13M06-280	7.7	325	70	6.16657528499835	0.341507690170988
Br6297	V13M06-282_C1	NTC	36.67	F	spd02	141	Br6297|spd02	V13M06-282	7.5	686	141	5.64117947174795	-0.452267691844485
Br6297	V13M06-282_C1	NTC	36.67	F	spd03	95	Br6297|spd03	V13M06-282	7.5	398	95	6.86269241624917	1.39321123985798
Br6297	V13M06-282_C1	NTC	36.67	F	spd05	63	Br6297|spd05	V13M06-282	7.5	213	63	5.92337024226498	-0.0259299079884779
Br6297	V13M06-282_C1	NTC	36.67	F	spd06	43	Br6297|spd06	V13M06-282	7.5	237	43	5.45220498157507	-0.737773008683902
Br6297	V13M06-282_C1	NTC	36.67	F	spd07	41	Br6297|spd07	V13M06-282	7.5	131	41	6.32820762197828	0.585704097520637
Br6369	V13M06-344_B1	SCZ	57.1	F	spd02	299	Br6369|spd02	V13M06-344	7	870	299	5.82629242519102	-0.172596438991808
Br6369	V13M06-344_B1	SCZ	57.1	F	spd03	46	Br6369|spd03	V13M06-344	7	114	46	6.58086779841188	0.967426644618843
Br6369	V13M06-344_B1	SCZ	57.1	F	spd05	116	Br6369|spd05	V13M06-344	7	219	116	6.28839400461912	0.525553124612859
Br6369	V13M06-344_B1	SCZ	57.1	F	spd06	128	Br6369|spd06	V13M06-344	7	381	128	5.61109680741465	-0.497717004098187
Br6369	V13M06-344_B1	SCZ	57.1	F	spd07	120	Br6369|spd07	V13M06-344	7	566	120	7.31460720813343	2.07597046160954
Br6389	V13F27-296_D1	NTC	58.81	M	spd02	75	Br6389|spd02	V13F27-296	7.1	1254	75	5.58893333615589	-0.531201888106634
Br6389	V13F27-296_D1	NTC	58.81	M	spd03	20	Br6389|spd03	V13F27-296	7.1	247	20	5.77786800032128	-0.245756740959312
Br6389	V13F27-296_D1	NTC	58.81	M	spd05	15	Br6389|spd05	V13F27-296	7.1	226	15	6.13606579041751	0.295413516777822
Br6389	V13F27-296_D1	NTC	58.81	M	spd07	61	Br6389|spd07	V13F27-296	7.1	919	61	6.67035748900636	1.10262892744371
Br6432	V12D07-334_D1	NTC	48.88	M	spd07	51	Br6432|spd07	V12D07-334	7.4	576	51	6.95371435309323	1.53072846186095
Br6437	V13M06-282_B1	SCZ	40.76	M	spd02	138	Br6437|spd02	V13M06-282	7.1	796	138	5.30318581821884	-0.962913255974641
Br6437	V13M06-282_B1	SCZ	40.76	M	spd03	70	Br6437|spd03	V13M06-282	7.1	306	70	5.67442122881058	-0.402045577876704
Br6437	V13M06-282_B1	SCZ	40.76	M	spd05	57	Br6437|spd05	V13M06-282	7.1	215	57	5.64359955579771	-0.44861139483438
Br6437	V13M06-282_B1	SCZ	40.76	M	spd06	57	Br6437|spd06	V13M06-282	7.1	375	57	4.69657937402095	-1.87938280109212
Br6437	V13M06-282_B1	SCZ	40.76	M	spd07	62	Br6437|spd07	V13M06-282	7.1	429	62	6.01209884445415	0.108122511772304
Br6496	V13M06-344_A1	SCZ	38.1	M	spd02	116	Br6496|spd02	V13M06-344	7.1	705	116	5.34087016275251	-0.905979218390374
Br6496	V13M06-344_A1	SCZ	38.1	M	spd03	57	Br6496|spd03	V13M06-344	7.1	364	57	6.21563871946727	0.415633416825759
Br6496	V13M06-344_A1	SCZ	38.1	M	spd05	63	Br6496|spd05	V13M06-344	7.1	241	63	6.24090090990594	0.453799889340916
Br6496	V13M06-344_A1	SCZ	38.1	M	spd06	55	Br6496|spd06	V13M06-344	7.1	531	55	4.5812514997083	-2.0536217751776
Br6496	V13M06-344_A1	SCZ	38.1	M	spd07	71	Br6496|spd07	V13M06-344	7.1	704	71	7.17316429148385	1.86227651436944
Br6560	V13M06-282_A1	SCZ	48.58	F	spd02	138	Br6560|spd02	V13M06-282	7.4	1135	138	5.24624175394738	-1.04894514894111
Br6560	V13M06-282_A1	SCZ	48.58	F	spd03	34	Br6560|spd03	V13M06-282	7.4	286	34	6.2925607021216	0.531848229785688
Br6560	V13M06-282_A1	SCZ	48.58	F	spd05	62	Br6560|spd05	V13M06-282	7.4	452	62	5.54918982577419	-0.591246942407117
Br6560	V13M06-282_A1	SCZ	48.58	F	spd06	32	Br6560|spd06	V13M06-282	7.4	414	32	4.7302470880656	-1.82851714532672
Br6560	V13M06-282_A1	SCZ	48.58	F	spd07	49	Br6560|spd07	V13M06-282	7.4	278	49	6.76911598708016	1.25183465493292
Br8042	V13M06-279_B1	NTC	54.28	F	spd02	184	Br8042|spd02	V13M06-279	8.4	1321	184	6.02035094503904	0.120589901365079
Br8042	V13M06-279_B1	NTC	54.28	F	spd03	85	Br8042|spd03	V13M06-279	8.4	495	85	6.54434879559447	0.912253221684861
Br8042	V13M06-279_B1	NTC	54.28	F	spd05	59	Br8042|spd05	V13M06-279	8.4	263	59	6.09092009972162	0.227206772501013
Br8042	V13M06-279_B1	NTC	54.28	F	spd06	27	Br8042|spd06	V13M06-279	8.4	334	27	4.90363415625444	-1.56656152478859
Br8042	V13M06-279_B1	NTC	54.28	F	spd07	35	Br8042|spd07	V13M06-279	8.4	262	35	6.99412011255409	1.59177405138182
Br8207	V13M06-342_B1	SCZ	35.26	F	spd02	111	Br8207|spd02	V13M06-342	6.9	615	111	5.47227104078154	-0.707456924294826
Br8207	V13M06-342_B1	SCZ	35.26	F	spd03	100	Br8207|spd03	V13M06-342	6.9	452	100	6.04464027807128	0.157286567231684
Br8207	V13M06-342_B1	SCZ	35.26	F	spd05	71	Br8207|spd05	V13M06-342	6.9	280	71	5.46871723070082	-0.712826070533328
Br8207	V13M06-342_B1	SCZ	35.26	F	spd06	25	Br8207|spd06	V13M06-342	6.9	158	25	5.19103168788113	-1.13235729303818
Br8207	V13M06-342_B1	SCZ	35.26	F	spd07	68	Br8207|spd07	V13M06-342	6.9	234	68	6.74333879090714	1.21289010451302
Br8218	V13F27-336_A1	NTC	29.21	M	spd02	312	Br8218|spd02	V13F27-336	6.6	1401	312	6.44471532200445	0.761725568883107
Br8218	V13F27-336_A1	NTC	29.21	M	spd05	24	Br8218|spd05	V13F27-336	6.6	58	24	6.1843183850855	0.368314215260496
Br8218	V13F27-336_A1	NTC	29.21	M	spd06	36	Br8218|spd06	V13F27-336	6.6	161	36	6.02708778776837	0.130768018084299
Br8218	V13F27-336_A1	NTC	29.21	M	spd07	100	Br8218|spd07	V13F27-336	6.6	681	100	6.97356470840861	1.56071865777844
Br8325	V13F27-295_B1	NTC	57.62	F	spd02	170	Br8325|spd02	V13F27-295	7.3	852	170	5.25450017358285	-1.03646821243789
Br8325	V13F27-295_B1	NTC	57.62	F	spd03	51	Br8325|spd03	V13F27-295	7.3	171	51	5.91317500127244	-0.0413330214307549
Br8325	V13F27-295_B1	NTC	57.62	F	spd05	58	Br8325|spd05	V13F27-295	7.3	185	58	5.40392230834958	-0.81071915027415
Br8325	V13F27-295_B1	NTC	57.62	F	spd06	69	Br8325|spd06	V13F27-295	7.3	410	69	5.02972565451576	-1.37606071629895
Br8325	V13F27-295_B1	NTC	57.62	F	spd07	80	Br8325|spd07	V13F27-295	7.3	411	80	6.01404668096143	0.111065330555177
Br8406	V13M06-340_B1	NTC	30.95	M	spd02	355	Br8406|spd02	V13M06-340	6.8	1726	355	5.41032913318095	-0.80103962923541
Br8406	V13M06-340_B1	NTC	30.95	M	spd03	19	Br8406|spd03	V13M06-340	6.8	114	19	6.40702207524775	0.704778081695119
Br8406	V13M06-340_B1	NTC	30.95	M	spd05	41	Br8406|spd05	V13M06-340	6.8	105	41	5.77927390579682	-0.243632679199059
Br8406	V13M06-340_B1	NTC	30.95	M	spd06	79	Br8406|spd06	V13M06-340	6.8	554	79	4.86411365963041	-1.6262696467683
Br8406	V13M06-340_B1	NTC	30.95	M	spd07	85	Br8406|spd07	V13M06-340	6.8	475	85	6.94946865171783	1.52431399652608
Br8433	V13M06-342_C1	NTC	47.95	M	spd02	136	Br8433|spd02	V13M06-342	6.8	1058	136	5.51716819690386	-0.639625669546291
Br8433	V13M06-342_C1	NTC	47.95	M	spd03	53	Br8433|spd03	V13M06-342	6.8	256	53	6.19463419691823	0.383899488823412
Br8433	V13M06-342_C1	NTC	47.95	M	spd05	45	Br8433|spd05	V13M06-342	6.8	172	45	5.9753486960446	0.0525998708276787
Br8433	V13M06-342_C1	NTC	47.95	M	spd06	36	Br8433|spd06	V13M06-342	6.8	311	36	4.87647824133559	-1.60758906287523
Br8433	V13M06-342_C1	NTC	47.95	M	spd07	94	Br8433|spd07	V13M06-342	6.8	569	94	7.11978767301195	1.7816343686772
Br8492	V13M06-343_B1	NTC	53.4	F	spd02	115	Br8492|spd02	V13M06-343	6.9	658	115	5.41915827548041	-0.787700436906732
Br8492	V13M06-343_B1	NTC	53.4	F	spd03	78	Br8492|spd03	V13M06-343	6.9	331	78	6.47045133981838	0.800607906459086
Br8492	V13M06-343_B1	NTC	53.4	F	spd05	59	Br8492|spd05	V13M06-343	6.9	181	59	5.83819775045591	-0.154609706186136
Br8492	V13M06-343_B1	NTC	53.4	F	spd06	49	Br8492|spd06	V13M06-343	6.9	340	49	4.5367466890876	-2.1208602688257
Br8492	V13M06-343_B1	NTC	53.4	F	spd07	44	Br8492|spd07	V13M06-343	6.9	358	44	6.47487656499906	0.807293598883184
Br8514	V13M06-279_D1	SCZ	43.45	F	spd02	191	Br8514|spd02	V13M06-279	6.3	1341	191	5.87217885046965	-0.103270582492248
Br8514	V13M06-279_D1	SCZ	43.45	F	spd03	29	Br8514|spd03	V13M06-279	6.3	204	29	6.10527999896751	0.248901910189852
Br8514	V13M06-279_D1	SCZ	43.45	F	spd05	42	Br8514|spd05	V13M06-279	6.3	219	42	5.65609096491992	-0.429739198296399
Br8514	V13M06-279_D1	SCZ	43.45	F	spd06	74	Br8514|spd06	V13M06-279	6.3	551	74	5.25864078737616	-1.03021251489961
Br8514	V13M06-279_D1	SCZ	43.45	F	spd07	101	Br8514|spd07	V13M06-279	6.3	604	101	6.86679862998032	1.39941496529866
Br8537	V13M06-279_C1	SCZ	55.35	F	spd02	156	Br8537|spd02	V13M06-279	7.2	1468	156	6.31786179470533	0.5700734762086
Br8537	V13M06-279_C1	SCZ	55.35	F	spd05	22	Br8537|spd05	V13M06-279	7.2	132	22	6.02553041874332	0.128415123063783
Br8537	V13M06-279_C1	SCZ	55.35	F	spd06	14	Br8537|spd06	V13M06-279	7.2	279	14	5.6973399423526	-0.367419663207594
Br8537	V13M06-279_C1	SCZ	55.35	F	spd07	10	Br8537|spd07	V13M06-279	7.2	244	10	6.39881683442233	0.692381488485828
Br8667	V13M06-342_D1	NTC	37.33	F	spd02	68	Br8667|spd02	V13M06-342	6.9	871	68	5.45926736570582	-0.727103059438116
Br8667	V13M06-342_D1	NTC	37.33	F	spd03	38	Br8667|spd03	V13M06-342	6.9	365	38	6.09706751817734	0.236494378740024
Br8667	V13M06-342_D1	NTC	37.33	F	spd05	36	Br8667|spd05	V13M06-342	6.9	274	36	5.78088271538733	-0.241202067048951
Br8667	V13M06-342_D1	NTC	37.33	F	spd06	29	Br8667|spd06	V13M06-342	6.9	394	29	4.77339993756385	-1.76332121355174
Br8667	V13M06-342_D1	NTC	37.33	F	spd07	61	Br8667|spd07	V13M06-342	6.9	556	61	6.59123325451585	0.983086921444797
Br8772	V13F27-295_D1	SCZ	57.8	F	spd02	121	Br8772|spd02	V13F27-295	7.8	967	121	5.54100904746086	-0.603606577309192
Br8772	V13F27-295_D1	SCZ	57.8	F	spd03	53	Br8772|spd03	V13F27-295	7.8	304	53	6.03146634383098	0.137383202148621
Br8772	V13F27-295_D1	SCZ	57.8	F	spd05	44	Br8772|spd05	V13F27-295	7.8	250	44	5.71480853400326	-0.341027869323671
Br8772	V13F27-295_D1	SCZ	57.8	F	spd06	34	Br8772|spd06	V13F27-295	7.8	325	34	5.39037187675772	-0.831191332849722
Br8772	V13F27-295_D1	SCZ	57.8	F	spd07	58	Br8772|spd07	V13F27-295	7.8	463	58	6.97180151926152	1.5580548068236
