screen_id	model	column	column_index	rank	observations
ptn_vasc_neuropil	primary_baseline	DxNTC	1	8	272
ptn_vasc_neuropil	primary_baseline	DxSCZ	2	8	272
ptn_vasc_neuropil	primary_baseline	age	3	8	272
ptn_vasc_neuropil	primary_baseline	sexM	4	8	272
ptn_vasc_neuropil	primary_baseline	SpDspd03	5	8	272
ptn_vasc_neuropil	primary_baseline	SpDspd05	6	8	272
ptn_vasc_neuropil	primary_baseline	SpDspd06	7	8	272
ptn_vasc_neuropil	primary_baseline	SpDspd07	8	8	272
ptn_vasc_neuropil	primary_adjusted	DxNTC	1	9	272
ptn_vasc_neuropil	primary_adjusted	DxSCZ	2	9	272
ptn_vasc_neuropil	primary_adjusted	age	3	9	272
ptn_vasc_neuropil	primary_adjusted	sexM	4	9	272
ptn_vasc_neuropil	primary_adjusted	SpDspd03	5	9	272
ptn_vasc_neuropil	primary_adjusted	SpDspd05	6	9	272
ptn_vasc_neuropil	primary_adjusted	SpDspd06	7	9	272
ptn_vasc_neuropil	primary_adjusted	SpDspd07	8	9	272
ptn_vasc_neuropil	primary_adjusted	M	9	9	272
ptn_vasc_neuropil	slide_rin_baseline	DxNTC	1	24	272
ptn_vasc_neuropil	slide_rin_baseline	DxSCZ	2	24	272
ptn_vasc_neuropil	slide_rin_baseline	age	3	24	272
ptn_vasc_neuropil	slide_rin_baseline	sexM	4	24	272
ptn_vasc_neuropil	slide_rin_baseline	SpDspd03	5	24	272
ptn_vasc_neuropil	slide_rin_baseline	SpDspd05	6	24	272
ptn_vasc_neuropil	slide_rin_baseline	SpDspd06	7	24	272
ptn_vasc_neuropil	slide_rin_baseline	SpDspd07	8	24	272
ptn_vasc_neuropil	slide_rin_baseline	slide_idV12F14-053	9	24	272
ptn_vasc_neuropil	slide_rin_baseline	slide_idV12F14-057	10	24	272
ptn_vasc_neuropil	slide_rin_baseline	slide_idV13F27-293	11	24	272
ptn_vasc_neuropil	slide_rin_baseline	slide_idV13F27-294	12	24	272
ptn_vasc_neuropil	slide_rin_baseline	slide_idV13F27-295	13	24	272
ptn_vasc_neuropil	slide_rin_baseline	slide_idV13F27-296	14	24	272
ptn_vasc_neuropil	slide_rin_baseline	slide_idV13F27-336	15	24	272
ptn_vasc_neuropil	slide_rin_baseline	slide_idV13M06-279	16	24	272
ptn_vasc_neuropil	slide_rin_baseline	slide_idV13M06-280	17	24	272
ptn_vasc_neuropil	slide_rin_baseline	slide_idV13M06-281	18	24	272
ptn_vasc_neuropil	slide_rin_baseline	slide_idV13M06-282	19	24	272
ptn_vasc_neuropil	slide_rin_baseline	slide_idV13M06-340	20	24	272
ptn_vasc_neuropil	slide_rin_baseline	slide_idV13M06-342	21	24	272
ptn_vasc_neuropil	slide_rin_baseline	slide_idV13M06-343	22	24	272
ptn_vasc_neuropil	slide_rin_baseline	slide_idV13M06-344	23	24	272
ptn_vasc_neuropil	slide_rin_baseline	rin	24	24	272
ptn_vasc_neuropil	slide_rin_adjusted	DxNTC	1	25	272
ptn_vasc_neuropil	slide_rin_adjusted	DxSCZ	2	25	272
ptn_vasc_neuropil	slide_rin_adjusted	age	3	25	272
ptn_vasc_neuropil	slide_rin_adjusted	sexM	4	25	272
ptn_vasc_neuropil	slide_rin_adjusted	SpDspd03	5	25	272
ptn_vasc_neuropil	slide_rin_adjusted	SpDspd05	6	25	272
ptn_vasc_neuropil	slide_rin_adjusted	SpDspd06	7	25	272
ptn_vasc_neuropil	slide_rin_adjusted	SpDspd07	8	25	272
ptn_vasc_neuropil	slide_rin_adjusted	slide_idV12F14-053	9	25	272
ptn_vasc_neuropil	slide_rin_adjusted	slide_idV12F14-057	10	25	272
ptn_vasc_neuropil	slide_rin_adjusted	slide_idV13F27-293	11	25	272
ptn_vasc_neuropil	slide_rin_adjusted	slide_idV13F27-294	12	25	272
ptn_vasc_neuropil	slide_rin_adjusted	slide_idV13F27-295	13	25	272
ptn_vasc_neuropil	slide_rin_adjusted	slide_idV13F27-296	14	25	272
ptn_vasc_neuropil	slide_rin_adjusted	slide_idV13F27-336	15	25	272
ptn_vasc_neuropil	slide_rin_adjusted	slide_idV13M06-279	16	25	272
ptn_vasc_neuropil	slide_rin_adjusted	slide_idV13M06-280	17	25	272
ptn_vasc_neuropil	slide_rin_adjusted	slide_idV13M06-281	18	25	272
ptn_vasc_neuropil	slide_rin_adjusted	slide_idV13M06-282	19	25	272
ptn_vasc_neuropil	slide_rin_adjusted	slide_idV13M06-340	20	25	272
ptn_vasc_neuropil	slide_rin_adjusted	slide_idV13M06-342	21	25	272
ptn_vasc_neuropil	slide_rin_adjusted	slide_idV13M06-343	22	25	272
ptn_vasc_neuropil	slide_rin_adjusted	slide_idV13M06-344	23	25	272
ptn_vasc_neuropil	slide_rin_adjusted	rin	24	25	272
ptn_vasc_neuropil	slide_rin_adjusted	M	25	25	272
ptn_vasc_neun	primary_baseline	DxNTC	1	8	220
ptn_vasc_neun	primary_baseline	DxSCZ	2	8	220
ptn_vasc_neun	primary_baseline	age	3	8	220
ptn_vasc_neun	primary_baseline	sexM	4	8	220
ptn_vasc_neun	primary_baseline	SpDspd03	5	8	220
ptn_vasc_neun	primary_baseline	SpDspd05	6	8	220
ptn_vasc_neun	primary_baseline	SpDspd06	7	8	220
ptn_vasc_neun	primary_baseline	SpDspd07	8	8	220
ptn_vasc_neun	primary_adjusted	DxNTC	1	9	220
ptn_vasc_neun	primary_adjusted	DxSCZ	2	9	220
ptn_vasc_neun	primary_adjusted	age	3	9	220
ptn_vasc_neun	primary_adjusted	sexM	4	9	220
ptn_vasc_neun	primary_adjusted	SpDspd03	5	9	220
ptn_vasc_neun	primary_adjusted	SpDspd05	6	9	220
ptn_vasc_neun	primary_adjusted	SpDspd06	7	9	220
ptn_vasc_neun	primary_adjusted	SpDspd07	8	9	220
ptn_vasc_neun	primary_adjusted	M	9	9	220
ptn_vasc_neun	slide_rin_baseline	DxNTC	1	24	220
ptn_vasc_neun	slide_rin_baseline	DxSCZ	2	24	220
ptn_vasc_neun	slide_rin_baseline	age	3	24	220
ptn_vasc_neun	slide_rin_baseline	sexM	4	24	220
ptn_vasc_neun	slide_rin_baseline	SpDspd03	5	24	220
ptn_vasc_neun	slide_rin_baseline	SpDspd05	6	24	220
ptn_vasc_neun	slide_rin_baseline	SpDspd06	7	24	220
ptn_vasc_neun	slide_rin_baseline	SpDspd07	8	24	220
ptn_vasc_neun	slide_rin_baseline	slide_idV12F14-053	9	24	220
ptn_vasc_neun	slide_rin_baseline	slide_idV12F14-057	10	24	220
ptn_vasc_neun	slide_rin_baseline	slide_idV13F27-293	11	24	220
ptn_vasc_neun	slide_rin_baseline	slide_idV13F27-294	12	24	220
ptn_vasc_neun	slide_rin_baseline	slide_idV13F27-295	13	24	220
ptn_vasc_neun	slide_rin_baseline	slide_idV13F27-296	14	24	220
ptn_vasc_neun	slide_rin_baseline	slide_idV13F27-336	15	24	220
ptn_vasc_neun	slide_rin_baseline	slide_idV13M06-279	16	24	220
ptn_vasc_neun	slide_rin_baseline	slide_idV13M06-280	17	24	220
ptn_vasc_neun	slide_rin_baseline	slide_idV13M06-281	18	24	220
ptn_vasc_neun	slide_rin_baseline	slide_idV13M06-282	19	24	220
ptn_vasc_neun	slide_rin_baseline	slide_idV13M06-340	20	24	220
ptn_vasc_neun	slide_rin_baseline	slide_idV13M06-342	21	24	220
ptn_vasc_neun	slide_rin_baseline	slide_idV13M06-343	22	24	220
ptn_vasc_neun	slide_rin_baseline	slide_idV13M06-344	23	24	220
ptn_vasc_neun	slide_rin_baseline	rin	24	24	220
ptn_vasc_neun	slide_rin_adjusted	DxNTC	1	25	220
ptn_vasc_neun	slide_rin_adjusted	DxSCZ	2	25	220
ptn_vasc_neun	slide_rin_adjusted	age	3	25	220
ptn_vasc_neun	slide_rin_adjusted	sexM	4	25	220
ptn_vasc_neun	slide_rin_adjusted	SpDspd03	5	25	220
ptn_vasc_neun	slide_rin_adjusted	SpDspd05	6	25	220
ptn_vasc_neun	slide_rin_adjusted	SpDspd06	7	25	220
ptn_vasc_neun	slide_rin_adjusted	SpDspd07	8	25	220
ptn_vasc_neun	slide_rin_adjusted	slide_idV12F14-053	9	25	220
ptn_vasc_neun	slide_rin_adjusted	slide_idV12F14-057	10	25	220
ptn_vasc_neun	slide_rin_adjusted	slide_idV13F27-293	11	25	220
ptn_vasc_neun	slide_rin_adjusted	slide_idV13F27-294	12	25	220
ptn_vasc_neun	slide_rin_adjusted	slide_idV13F27-295	13	25	220
ptn_vasc_neun	slide_rin_adjusted	slide_idV13F27-296	14	25	220
ptn_vasc_neun	slide_rin_adjusted	slide_idV13F27-336	15	25	220
ptn_vasc_neun	slide_rin_adjusted	slide_idV13M06-279	16	25	220
ptn_vasc_neun	slide_rin_adjusted	slide_idV13M06-280	17	25	220
ptn_vasc_neun	slide_rin_adjusted	slide_idV13M06-281	18	25	220
ptn_vasc_neun	slide_rin_adjusted	slide_idV13M06-282	19	25	220
ptn_vasc_neun	slide_rin_adjusted	slide_idV13M06-340	20	25	220
ptn_vasc_neun	slide_rin_adjusted	slide_idV13M06-342	21	25	220
ptn_vasc_neun	slide_rin_adjusted	slide_idV13M06-343	22	25	220
ptn_vasc_neun	slide_rin_adjusted	slide_idV13M06-344	23	25	220
ptn_vasc_neun	slide_rin_adjusted	rin	24	25	220
ptn_vasc_neun	slide_rin_adjusted	M	25	25	220
fgf1_neuropil_vasc	primary_baseline	DxNTC	1	8	272
fgf1_neuropil_vasc	primary_baseline	DxSCZ	2	8	272
fgf1_neuropil_vasc	primary_baseline	age	3	8	272
fgf1_neuropil_vasc	primary_baseline	sexM	4	8	272
fgf1_neuropil_vasc	primary_baseline	SpDspd03	5	8	272
fgf1_neuropil_vasc	primary_baseline	SpDspd05	6	8	272
fgf1_neuropil_vasc	primary_baseline	SpDspd06	7	8	272
fgf1_neuropil_vasc	primary_baseline	SpDspd07	8	8	272
fgf1_neuropil_vasc	primary_adjusted	DxNTC	1	9	272
fgf1_neuropil_vasc	primary_adjusted	DxSCZ	2	9	272
fgf1_neuropil_vasc	primary_adjusted	age	3	9	272
fgf1_neuropil_vasc	primary_adjusted	sexM	4	9	272
fgf1_neuropil_vasc	primary_adjusted	SpDspd03	5	9	272
fgf1_neuropil_vasc	primary_adjusted	SpDspd05	6	9	272
fgf1_neuropil_vasc	primary_adjusted	SpDspd06	7	9	272
fgf1_neuropil_vasc	primary_adjusted	SpDspd07	8	9	272
fgf1_neuropil_vasc	primary_adjusted	M	9	9	272
fgf1_neuropil_vasc	slide_rin_baseline	DxNTC	1	24	272
fgf1_neuropil_vasc	slide_rin_baseline	DxSCZ	2	24	272
fgf1_neuropil_vasc	slide_rin_baseline	age	3	24	272
fgf1_neuropil_vasc	slide_rin_baseline	sexM	4	24	272
fgf1_neuropil_vasc	slide_rin_baseline	SpDspd03	5	24	272
fgf1_neuropil_vasc	slide_rin_baseline	SpDspd05	6	24	272
fgf1_neuropil_vasc	slide_rin_baseline	SpDspd06	7	24	272
fgf1_neuropil_vasc	slide_rin_baseline	SpDspd07	8	24	272
fgf1_neuropil_vasc	slide_rin_baseline	slide_idV12F14-053	9	24	272
fgf1_neuropil_vasc	slide_rin_baseline	slide_idV12F14-057	10	24	272
fgf1_neuropil_vasc	slide_rin_baseline	slide_idV13F27-293	11	24	272
fgf1_neuropil_vasc	slide_rin_baseline	slide_idV13F27-294	12	24	272
fgf1_neuropil_vasc	slide_rin_baseline	slide_idV13F27-295	13	24	272
fgf1_neuropil_vasc	slide_rin_baseline	slide_idV13F27-296	14	24	272
fgf1_neuropil_vasc	slide_rin_baseline	slide_idV13F27-336	15	24	272
fgf1_neuropil_vasc	slide_rin_baseline	slide_idV13M06-279	16	24	272
fgf1_neuropil_vasc	slide_rin_baseline	slide_idV13M06-280	17	24	272
fgf1_neuropil_vasc	slide_rin_baseline	slide_idV13M06-281	18	24	272
fgf1_neuropil_vasc	slide_rin_baseline	slide_idV13M06-282	19	24	272
fgf1_neuropil_vasc	slide_rin_baseline	slide_idV13M06-340	20	24	272
fgf1_neuropil_vasc	slide_rin_baseline	slide_idV13M06-342	21	24	272
fgf1_neuropil_vasc	slide_rin_baseline	slide_idV13M06-343	22	24	272
fgf1_neuropil_vasc	slide_rin_baseline	slide_idV13M06-344	23	24	272
fgf1_neuropil_vasc	slide_rin_baseline	rin	24	24	272
fgf1_neuropil_vasc	slide_rin_adjusted	DxNTC	1	25	272
fgf1_neuropil_vasc	slide_rin_adjusted	DxSCZ	2	25	272
fgf1_neuropil_vasc	slide_rin_adjusted	age	3	25	272
fgf1_neuropil_vasc	slide_rin_adjusted	sexM	4	25	272
fgf1_neuropil_vasc	slide_rin_adjusted	SpDspd03	5	25	272
fgf1_neuropil_vasc	slide_rin_adjusted	SpDspd05	6	25	272
fgf1_neuropil_vasc	slide_rin_adjusted	SpDspd06	7	25	272
fgf1_neuropil_vasc	slide_rin_adjusted	SpDspd07	8	25	272
fgf1_neuropil_vasc	slide_rin_adjusted	slide_idV12F14-053	9	25	272
fgf1_neuropil_vasc	slide_rin_adjusted	slide_idV12F14-057	10	25	272
fgf1_neuropil_vasc	slide_rin_adjusted	slide_idV13F27-293	11	25	272
fgf1_neuropil_vasc	slide_rin_adjusted	slide_idV13F27-294	12	25	272
fgf1_neuropil_vasc	slide_rin_adjusted	slide_idV13F27-295	13	25	272
fgf1_neuropil_vasc	slide_rin_adjusted	slide_idV13F27-296	14	25	272
fgf1_neuropil_vasc	slide_rin_adjusted	slide_idV13F27-336	15	25	272
fgf1_neuropil_vasc	slide_rin_adjusted	slide_idV13M06-279	16	25	272
fgf1_neuropil_vasc	slide_rin_adjusted	slide_idV13M06-280	17	25	272
fgf1_neuropil_vasc	slide_rin_adjusted	slide_idV13M06-281	18	25	272
fgf1_neuropil_vasc	slide_rin_adjusted	slide_idV13M06-282	19	25	272
fgf1_neuropil_vasc	slide_rin_adjusted	slide_idV13M06-340	20	25	272
fgf1_neuropil_vasc	slide_rin_adjusted	slide_idV13M06-342	21	25	272
fgf1_neuropil_vasc	slide_rin_adjusted	slide_idV13M06-343	22	25	272
fgf1_neuropil_vasc	slide_rin_adjusted	slide_idV13M06-344	23	25	272
fgf1_neuropil_vasc	slide_rin_adjusted	rin	24	25	272
fgf1_neuropil_vasc	slide_rin_adjusted	M	25	25	272
fgf2_neuropil_vasc	primary_baseline	DxNTC	1	8	272
fgf2_neuropil_vasc	primary_baseline	DxSCZ	2	8	272
fgf2_neuropil_vasc	primary_baseline	age	3	8	272
fgf2_neuropil_vasc	primary_baseline	sexM	4	8	272
fgf2_neuropil_vasc	primary_baseline	SpDspd03	5	8	272
fgf2_neuropil_vasc	primary_baseline	SpDspd05	6	8	272
fgf2_neuropil_vasc	primary_baseline	SpDspd06	7	8	272
fgf2_neuropil_vasc	primary_baseline	SpDspd07	8	8	272
fgf2_neuropil_vasc	primary_adjusted	DxNTC	1	9	272
fgf2_neuropil_vasc	primary_adjusted	DxSCZ	2	9	272
fgf2_neuropil_vasc	primary_adjusted	age	3	9	272
fgf2_neuropil_vasc	primary_adjusted	sexM	4	9	272
fgf2_neuropil_vasc	primary_adjusted	SpDspd03	5	9	272
fgf2_neuropil_vasc	primary_adjusted	SpDspd05	6	9	272
fgf2_neuropil_vasc	primary_adjusted	SpDspd06	7	9	272
fgf2_neuropil_vasc	primary_adjusted	SpDspd07	8	9	272
fgf2_neuropil_vasc	primary_adjusted	M	9	9	272
fgf2_neuropil_vasc	slide_rin_baseline	DxNTC	1	24	272
fgf2_neuropil_vasc	slide_rin_baseline	DxSCZ	2	24	272
fgf2_neuropil_vasc	slide_rin_baseline	age	3	24	272
fgf2_neuropil_vasc	slide_rin_baseline	sexM	4	24	272
fgf2_neuropil_vasc	slide_rin_baseline	SpDspd03	5	24	272
fgf2_neuropil_vasc	slide_rin_baseline	SpDspd05	6	24	272
fgf2_neuropil_vasc	slide_rin_baseline	SpDspd06	7	24	272
fgf2_neuropil_vasc	slide_rin_baseline	SpDspd07	8	24	272
fgf2_neuropil_vasc	slide_rin_baseline	slide_idV12F14-053	9	24	272
fgf2_neuropil_vasc	slide_rin_baseline	slide_idV12F14-057	10	24	272
fgf2_neuropil_vasc	slide_rin_baseline	slide_idV13F27-293	11	24	272
fgf2_neuropil_vasc	slide_rin_baseline	slide_idV13F27-294	12	24	272
fgf2_neuropil_vasc	slide_rin_baseline	slide_idV13F27-295	13	24	272
fgf2_neuropil_vasc	slide_rin_baseline	slide_idV13F27-296	14	24	272
fgf2_neuropil_vasc	slide_rin_baseline	slide_idV13F27-336	15	24	272
fgf2_neuropil_vasc	slide_rin_baseline	slide_idV13M06-279	16	24	272
fgf2_neuropil_vasc	slide_rin_baseline	slide_idV13M06-280	17	24	272
fgf2_neuropil_vasc	slide_rin_baseline	slide_idV13M06-281	18	24	272
fgf2_neuropil_vasc	slide_rin_baseline	slide_idV13M06-282	19	24	272
fgf2_neuropil_vasc	slide_rin_baseline	slide_idV13M06-340	20	24	272
fgf2_neuropil_vasc	slide_rin_baseline	slide_idV13M06-342	21	24	272
fgf2_neuropil_vasc	slide_rin_baseline	slide_idV13M06-343	22	24	272
fgf2_neuropil_vasc	slide_rin_baseline	slide_idV13M06-344	23	24	272
fgf2_neuropil_vasc	slide_rin_baseline	rin	24	24	272
fgf2_neuropil_vasc	slide_rin_adjusted	DxNTC	1	25	272
fgf2_neuropil_vasc	slide_rin_adjusted	DxSCZ	2	25	272
fgf2_neuropil_vasc	slide_rin_adjusted	age	3	25	272
fgf2_neuropil_vasc	slide_rin_adjusted	sexM	4	25	272
fgf2_neuropil_vasc	slide_rin_adjusted	SpDspd03	5	25	272
fgf2_neuropil_vasc	slide_rin_adjusted	SpDspd05	6	25	272
fgf2_neuropil_vasc	slide_rin_adjusted	SpDspd06	7	25	272
fgf2_neuropil_vasc	slide_rin_adjusted	SpDspd07	8	25	272
fgf2_neuropil_vasc	slide_rin_adjusted	slide_idV12F14-053	9	25	272
fgf2_neuropil_vasc	slide_rin_adjusted	slide_idV12F14-057	10	25	272
fgf2_neuropil_vasc	slide_rin_adjusted	slide_idV13F27-293	11	25	272
fgf2_neuropil_vasc	slide_rin_adjusted	slide_idV13F27-294	12	25	272
fgf2_neuropil_vasc	slide_rin_adjusted	slide_idV13F27-295	13	25	272
fgf2_neuropil_vasc	slide_rin_adjusted	slide_idV13F27-296	14	25	272
fgf2_neuropil_vasc	slide_rin_adjusted	slide_idV13F27-336	15	25	272
fgf2_neuropil_vasc	slide_rin_adjusted	slide_idV13M06-279	16	25	272
fgf2_neuropil_vasc	slide_rin_adjusted	slide_idV13M06-280	17	25	272
fgf2_neuropil_vasc	slide_rin_adjusted	slide_idV13M06-281	18	25	272
fgf2_neuropil_vasc	slide_rin_adjusted	slide_idV13M06-282	19	25	272
fgf2_neuropil_vasc	slide_rin_adjusted	slide_idV13M06-340	20	25	272
fgf2_neuropil_vasc	slide_rin_adjusted	slide_idV13M06-342	21	25	272
fgf2_neuropil_vasc	slide_rin_adjusted	slide_idV13M06-343	22	25	272
fgf2_neuropil_vasc	slide_rin_adjusted	slide_idV13M06-344	23	25	272
fgf2_neuropil_vasc	slide_rin_adjusted	rin	24	25	272
fgf2_neuropil_vasc	slide_rin_adjusted	M	25	25	272
fgf1_neun_vasc	primary_baseline	DxNTC	1	8	220
fgf1_neun_vasc	primary_baseline	DxSCZ	2	8	220
fgf1_neun_vasc	primary_baseline	age	3	8	220
fgf1_neun_vasc	primary_baseline	sexM	4	8	220
fgf1_neun_vasc	primary_baseline	SpDspd03	5	8	220
fgf1_neun_vasc	primary_baseline	SpDspd05	6	8	220
fgf1_neun_vasc	primary_baseline	SpDspd06	7	8	220
fgf1_neun_vasc	primary_baseline	SpDspd07	8	8	220
fgf1_neun_vasc	primary_adjusted	DxNTC	1	9	220
fgf1_neun_vasc	primary_adjusted	DxSCZ	2	9	220
fgf1_neun_vasc	primary_adjusted	age	3	9	220
fgf1_neun_vasc	primary_adjusted	sexM	4	9	220
fgf1_neun_vasc	primary_adjusted	SpDspd03	5	9	220
fgf1_neun_vasc	primary_adjusted	SpDspd05	6	9	220
fgf1_neun_vasc	primary_adjusted	SpDspd06	7	9	220
fgf1_neun_vasc	primary_adjusted	SpDspd07	8	9	220
fgf1_neun_vasc	primary_adjusted	M	9	9	220
fgf1_neun_vasc	slide_rin_baseline	DxNTC	1	24	220
fgf1_neun_vasc	slide_rin_baseline	DxSCZ	2	24	220
fgf1_neun_vasc	slide_rin_baseline	age	3	24	220
fgf1_neun_vasc	slide_rin_baseline	sexM	4	24	220
fgf1_neun_vasc	slide_rin_baseline	SpDspd03	5	24	220
fgf1_neun_vasc	slide_rin_baseline	SpDspd05	6	24	220
fgf1_neun_vasc	slide_rin_baseline	SpDspd06	7	24	220
fgf1_neun_vasc	slide_rin_baseline	SpDspd07	8	24	220
fgf1_neun_vasc	slide_rin_baseline	slide_idV12F14-053	9	24	220
fgf1_neun_vasc	slide_rin_baseline	slide_idV12F14-057	10	24	220
fgf1_neun_vasc	slide_rin_baseline	slide_idV13F27-293	11	24	220
fgf1_neun_vasc	slide_rin_baseline	slide_idV13F27-294	12	24	220
fgf1_neun_vasc	slide_rin_baseline	slide_idV13F27-295	13	24	220
fgf1_neun_vasc	slide_rin_baseline	slide_idV13F27-296	14	24	220
fgf1_neun_vasc	slide_rin_baseline	slide_idV13F27-336	15	24	220
fgf1_neun_vasc	slide_rin_baseline	slide_idV13M06-279	16	24	220
fgf1_neun_vasc	slide_rin_baseline	slide_idV13M06-280	17	24	220
fgf1_neun_vasc	slide_rin_baseline	slide_idV13M06-281	18	24	220
fgf1_neun_vasc	slide_rin_baseline	slide_idV13M06-282	19	24	220
fgf1_neun_vasc	slide_rin_baseline	slide_idV13M06-340	20	24	220
fgf1_neun_vasc	slide_rin_baseline	slide_idV13M06-342	21	24	220
fgf1_neun_vasc	slide_rin_baseline	slide_idV13M06-343	22	24	220
fgf1_neun_vasc	slide_rin_baseline	slide_idV13M06-344	23	24	220
fgf1_neun_vasc	slide_rin_baseline	rin	24	24	220
fgf1_neun_vasc	slide_rin_adjusted	DxNTC	1	25	220
fgf1_neun_vasc	slide_rin_adjusted	DxSCZ	2	25	220
fgf1_neun_vasc	slide_rin_adjusted	age	3	25	220
fgf1_neun_vasc	slide_rin_adjusted	sexM	4	25	220
fgf1_neun_vasc	slide_rin_adjusted	SpDspd03	5	25	220
fgf1_neun_vasc	slide_rin_adjusted	SpDspd05	6	25	220
fgf1_neun_vasc	slide_rin_adjusted	SpDspd06	7	25	220
fgf1_neun_vasc	slide_rin_adjusted	SpDspd07	8	25	220
fgf1_neun_vasc	slide_rin_adjusted	slide_idV12F14-053	9	25	220
fgf1_neun_vasc	slide_rin_adjusted	slide_idV12F14-057	10	25	220
fgf1_neun_vasc	slide_rin_adjusted	slide_idV13F27-293	11	25	220
fgf1_neun_vasc	slide_rin_adjusted	slide_idV13F27-294	12	25	220
fgf1_neun_vasc	slide_rin_adjusted	slide_idV13F27-295	13	25	220
fgf1_neun_vasc	slide_rin_adjusted	slide_idV13F27-296	14	25	220
fgf1_neun_vasc	slide_rin_adjusted	slide_idV13F27-336	15	25	220
fgf1_neun_vasc	slide_rin_adjusted	slide_idV13M06-279	16	25	220
fgf1_neun_vasc	slide_rin_adjusted	slide_idV13M06-280	17	25	220
fgf1_neun_vasc	slide_rin_adjusted	slide_idV13M06-281	18	25	220
fgf1_neun_vasc	slide_rin_adjusted	slide_idV13M06-282	19	25	220
fgf1_neun_vasc	slide_rin_adjusted	slide_idV13M06-340	20	25	220
fgf1_neun_vasc	slide_rin_adjusted	slide_idV13M06-342	21	25	220
fgf1_neun_vasc	slide_rin_adjusted	slide_idV13M06-343	22	25	220
fgf1_neun_vasc	slide_rin_adjusted	slide_idV13M06-344	23	25	220
fgf1_neun_vasc	slide_rin_adjusted	rin	24	25	220
fgf1_neun_vasc	slide_rin_adjusted	M	25	25	220
