screen_id	analysis	n_samples	n_donors	a_beta	a_p	a_q	tested_genes	screening_hits	run_signature
fgf1_neun_vasc	fixed_weights	220	58	0.06322907618038	0.343271828615724	0.762488079132507	5158	0	d7fb6893ce5cf7afaa6a2d627eb7359ca2bfb80766e0ec811c96cb589953be8b
fgf1_neun_vasc	matched_logcounts	220	58	0.142381766131085	0.24951725473241	0.790946344554933	5158	0	d7fb6893ce5cf7afaa6a2d627eb7359ca2bfb80766e0ec811c96cb589953be8b
fgf1_neun_vasc	slide_rin	220	58	0.0787353627116358	0.203609495755732	0.615593119837901	5158	0	d7fb6893ce5cf7afaa6a2d627eb7359ca2bfb80766e0ec811c96cb589953be8b
fgf1_neun_vasc	without_spd07	210	58	0.0521992681223482	0.431996195386845	0.830819530747188	5097	0	d7fb6893ce5cf7afaa6a2d627eb7359ca2bfb80766e0ec811c96cb589953be8b
fgf1_neuropil_vasc	fixed_weights	272	61	0.0673371332018666	0.257877226251763	0.706140460257018	5103	0	d7fb6893ce5cf7afaa6a2d627eb7359ca2bfb80766e0ec811c96cb589953be8b
fgf1_neuropil_vasc	matched_logcounts	272	61	0.0882137702768429	0.176221975441048	0.77061733394204	5103	0	d7fb6893ce5cf7afaa6a2d627eb7359ca2bfb80766e0ec811c96cb589953be8b
fgf1_neuropil_vasc	slide_rin	272	61	0.0634073049478436	0.234927579995442	0.642879103916764	5103	0	d7fb6893ce5cf7afaa6a2d627eb7359ca2bfb80766e0ec811c96cb589953be8b
fgf2_neuropil_vasc	fixed_weights	272	61	0.0822447921844614	0.384778354028139	0.796103839715082	5103	0	d7fb6893ce5cf7afaa6a2d627eb7359ca2bfb80766e0ec811c96cb589953be8b
fgf2_neuropil_vasc	matched_logcounts	272	61	0.154822532577707	0.154332524966475	0.751899363243214	5103	0	d7fb6893ce5cf7afaa6a2d627eb7359ca2bfb80766e0ec811c96cb589953be8b
fgf2_neuropil_vasc	slide_rin	272	61	0.0833029352671035	0.346452163105175	0.734025755910002	5103	0	d7fb6893ce5cf7afaa6a2d627eb7359ca2bfb80766e0ec811c96cb589953be8b
ptn_vasc_neun	fixed_weights	220	58	0.00057555761893191	0.992974992759365	0.996711903007649	13209	0	d7fb6893ce5cf7afaa6a2d627eb7359ca2bfb80766e0ec811c96cb589953be8b
ptn_vasc_neun	matched_logcounts	220	58	-0.062011103052054	0.405448851032539	0.949222091481555	13209	0	d7fb6893ce5cf7afaa6a2d627eb7359ca2bfb80766e0ec811c96cb589953be8b
ptn_vasc_neun	slide_rin	220	58	-0.0228426001784179	0.687545722746747	0.902155243475923	13209	0	d7fb6893ce5cf7afaa6a2d627eb7359ca2bfb80766e0ec811c96cb589953be8b
ptn_vasc_neun	without_spd07	210	58	-0.0041946733851308	0.949805793833977	0.984904903137697	12509	0	d7fb6893ce5cf7afaa6a2d627eb7359ca2bfb80766e0ec811c96cb589953be8b
ptn_vasc_neuropil	fixed_weights	272	61	-0.0337604832296297	0.574631720387146	0.856659558613966	11756	0	d7fb6893ce5cf7afaa6a2d627eb7359ca2bfb80766e0ec811c96cb589953be8b
ptn_vasc_neuropil	matched_logcounts	272	61	-0.121869776693718	0.0775106264577432	0.791721091537699	11756	0	d7fb6893ce5cf7afaa6a2d627eb7359ca2bfb80766e0ec811c96cb589953be8b
ptn_vasc_neuropil	slide_rin	272	61	-0.0507017859016106	0.339710787628206	0.733620037776867	11756	0	d7fb6893ce5cf7afaa6a2d627eb7359ca2bfb80766e0ec811c96cb589953be8b
