key	reason
Br6432|spd02	missing_target
Br2719|spd02	missing_target
Br1526|spd02	missing_target
Br1958|spd02	missing_target
Br2039|spd02	missing_target
Br2378|spd02	missing_target
Br5789|spd03	missing_target
Br6432|spd03	missing_target
Br2719|spd03	missing_target
Br5182|spd03	missing_target
Br5367|spd03	missing_target
Br1526|spd03	missing_target
Br1958|spd03	missing_target
Br2039|spd03	missing_target
Br1753|spd03	missing_target
Br8218|spd03	missing_target
Br8537|spd03	missing_target
Br6432|spd05	missing_target
Br2719|spd05	missing_target
Br5182|spd05	missing_target
Br5367|spd05	missing_target
Br1526|spd05	missing_target
Br1958|spd05	missing_target
Br2039|spd05	missing_target
Br2378|spd05	missing_target
Br5928|spd05	missing_target
Br5639|spd05	missing_target
Br1753|spd05	missing_target
Br6432|spd06	missing_target
Br2719|spd06	missing_target
Br5182|spd06	missing_target
Br5367|spd06	missing_target
Br1526|spd06	missing_target
Br1958|spd06	missing_target
Br2039|spd06	missing_target
Br2378|spd06	missing_target
Br5928|spd06	missing_target
Br5639|spd06	missing_target
Br1753|spd06	missing_target
Br6389|spd06	missing_target
Br1214|spd06	missing_target
Br1526|spd07	missing_target
Br1958|spd07	missing_target
