donor	section	Dx	age	sex	SpD	ncells	key	slide_id	rin
Br5373	V12D07-334_A1	SCZ	47.75	M	spd01	177	Br5373|spd01	V12D07-334	8.5
Br5472	V12D07-334_B1	NTC	49.23	M	spd01	95	Br5472|spd01	V12D07-334	7.4
Br5789	V12D07-334_C1	SCZ	47.8	M	spd01	282	Br5789|spd01	V12D07-334	8.1
Br6432	V12D07-334_D1	NTC	48.88	M	spd01	125	Br6432|spd01	V12D07-334	7.4
Br2719	V12F14-053_A1	NTC	36.6	F	spd01	228	Br2719|spd01	V12F14-053	7.8
Br5182	V12F14-053_C1	NTC	42.05	M	spd01	62	Br5182|spd01	V12F14-053	7.5
Br5367	V12F14-053_D1	NTC	31.31	F	spd01	116	Br5367|spd01	V12F14-053	6.6
Br1526	V12F14-057_A1	SCZ	47.47	M	spd01	144	Br1526|spd01	V12F14-057	8.4
Br1958	V12F14-057_B1	SCZ	41.09	F	spd01	210	Br1958|spd01	V12F14-057	8.5
Br2039	V12F14-057_C1	SCZ	40.96	M	spd01	231	Br2039|spd01	V12F14-057	7.7
Br2378	V12F14-057_D1	SCZ	38.41	M	spd01	83	Br2378|spd01	V12F14-057	7.7
Br5622	V13F27-293_A1	NTC	23.16	F	spd01	76	Br5622|spd01	V13F27-293	8.5
Br5599	V13F27-293_B1	NTC	55.88	M	spd01	62	Br5599|spd01	V13F27-293	8.5
Br5588	V13F27-293_C1	SCZ	40.43	F	spd01	45	Br5588|spd01	V13F27-293	8.5
Br6032	V13F27-293_D1	SCZ	57.03	M	spd01	118	Br6032|spd01	V13F27-293	7.5
Br5746	V13F27-294_A1	SCZ	51.99	F	spd01	260	Br5746|spd01	V13F27-294	7.9
Br5928	V13F27-294_B1	SCZ	58.81	M	spd01	92	Br5928|spd01	V13F27-294	7.1
Br5314	V13F27-294_C1	NTC	48.69	F	spd01	113	Br5314|spd01	V13F27-294	8
Br5639	V13F27-294_D1	NTC	54.26	M	spd01	54	Br5639|spd01	V13F27-294	8.6
Br1092	V13F27-295_A1	NTC	48.95	M	spd01	124	Br1092|spd01	V13F27-295	8.8
Br8325	V13F27-295_B1	NTC	57.62	F	spd01	66	Br8325|spd01	V13F27-295	7.3
Br2627	V13F27-295_C1	SCZ	40.08	M	spd01	173	Br2627|spd01	V13F27-295	8.4
Br8772	V13F27-295_D1	SCZ	57.8	F	spd01	166	Br8772|spd01	V13F27-295	7.8
Br1139	V13F27-296_A1	SCZ	44.86	F	spd01	135	Br1139|spd01	V13F27-296	8.7
Br1578	V13F27-296_B1	SCZ	42.06	M	spd01	88	Br1578|spd01	V13F27-296	7.8
Br1753	V13F27-296_C1	NTC	48.99	F	spd01	198	Br1753|spd01	V13F27-296	8.8
Br6389	V13F27-296_D1	NTC	58.81	M	spd01	146	Br6389|spd01	V13F27-296	7.1
Br8218	V13F27-336_A1	NTC	29.21	M	spd01	86	Br8218|spd01	V13F27-336	6.6
Br1204	V13F27-336_B1	NTC	27.48	M	spd01	123	Br1204|spd01	V13F27-336	8.6
Br1923	V13F27-336_C1	SCZ	50.17	M	spd01	158	Br1923|spd01	V13F27-336	8.2
Br2421	V13F27-336_D1	SCZ	57.58	M	spd01	114	Br2421|spd01	V13F27-336	8.4
Br1113	V13M06-279_A1	NTC	51.91	F	spd01	93	Br1113|spd01	V13M06-279	8.8
Br8042	V13M06-279_B1	NTC	54.28	F	spd01	188	Br8042|spd01	V13M06-279	8.4
Br8537	V13M06-279_C1	SCZ	55.35	F	spd01	159	Br8537|spd01	V13M06-279	7.2
Br8514	V13M06-279_D1	SCZ	43.45	F	spd01	83	Br8514|spd01	V13M06-279	6.3
Br5590	V13M06-280_A1	SCZ	51.95	F	spd01	79	Br5590|spd01	V13M06-280	8.8
Br5636	V13M06-280_B1	SCZ	33.59	M	spd01	17	Br5636|spd01	V13M06-280	9.6
Br2720	V13M06-280_C1	NTC	48.23	F	spd01	164	Br2720|spd01	V13M06-280	7.5
Br6257	V13M06-280_D1	NTC	45.44	M	spd01	249	Br6257|spd01	V13M06-280	7.7
Br5395	V13M06-281_B1	NTC	51.61	M	spd01	90	Br5395|spd01	V13M06-281	8.9
Br2242	V13M06-281_C1	SCZ	50.73	F	spd01	102	Br2242|spd01	V13M06-281	8.8
Br5888	V13M06-281_D1	SCZ	53.65	M	spd01	64	Br5888|spd01	V13M06-281	8.1
Br6560	V13M06-282_A1	SCZ	48.58	F	spd01	33	Br6560|spd01	V13M06-282	7.4
Br6437	V13M06-282_B1	SCZ	40.76	M	spd01	124	Br6437|spd01	V13M06-282	7.1
Br6297	V13M06-282_C1	NTC	36.67	F	spd01	166	Br6297|spd01	V13M06-282	7.5
Br5436	V13M06-282_D1	NTC	50.17	M	spd01	34	Br5436|spd01	V13M06-282	7.9
Br5931	V13M06-340_A1	NTC	49.03	F	spd01	149	Br5931|spd01	V13M06-340	8.8
Br8406	V13M06-340_B1	NTC	30.95	M	spd01	202	Br8406|spd01	V13M06-340	6.8
Br1682	V13M06-340_C1	SCZ	41.33	M	spd01	120	Br1682|spd01	V13M06-340	9.1
Br2470	V13M06-340_D1	SCZ	47.56	F	spd01	102	Br2470|spd01	V13M06-340	7.2
Br5224	V13M06-342_A1	SCZ	46.06	M	spd01	81	Br5224|spd01	V13M06-342	6.7
Br8207	V13M06-342_B1	SCZ	35.26	F	spd01	123	Br8207|spd01	V13M06-342	6.9
Br8433	V13M06-342_C1	NTC	47.95	M	spd01	104	Br8433|spd01	V13M06-342	6.8
Br8667	V13M06-342_D1	NTC	37.33	F	spd01	97	Br8667|spd01	V13M06-342	6.9
Br5276	V13M06-343_A1	NTC	59.86	M	spd01	124	Br5276|spd01	V13M06-343	7.4
Br8492	V13M06-343_B1	NTC	53.4	F	spd01	249	Br8492|spd01	V13M06-343	6.9
Br5573	V13M06-343_C1	SCZ	43.99	M	spd01	113	Br5573|spd01	V13M06-343	6.8
Br5973	V13M06-343_D1	SCZ	61.39	F	spd01	87	Br5973|spd01	V13M06-343	8.5
Br6496	V13M06-344_A1	SCZ	38.1	M	spd01	118	Br6496|spd01	V13M06-344	7.1
Br6369	V13M06-344_B1	SCZ	57.1	F	spd01	32	Br6369|spd01	V13M06-344	7
Br1214	V13M06-344_C1	NTC	61.13	M	spd01	186	Br1214|spd01	V13M06-344	9
Br5228	V13M06-344_D1	NTC	57.83	F	spd01	192	Br5228|spd01	V13M06-344	8.3
Br5373	V12D07-334_A1	SCZ	47.75	M	spd02	825	Br5373|spd02	V12D07-334	8.5
Br5472	V12D07-334_B1	NTC	49.23	M	spd02	419	Br5472|spd02	V12D07-334	7.4
Br5789	V12D07-334_C1	SCZ	47.8	M	spd02	885	Br5789|spd02	V12D07-334	8.1
Br6432	V12D07-334_D1	NTC	48.88	M	spd02	1214	Br6432|spd02	V12D07-334	7.4
Br2719	V12F14-053_A1	NTC	36.6	F	spd02	1150	Br2719|spd02	V12F14-053	7.8
Br5182	V12F14-053_C1	NTC	42.05	M	spd02	586	Br5182|spd02	V12F14-053	7.5
Br5367	V12F14-053_D1	NTC	31.31	F	spd02	715	Br5367|spd02	V12F14-053	6.6
Br1526	V12F14-057_A1	SCZ	47.47	M	spd02	496	Br1526|spd02	V12F14-057	8.4
Br1958	V12F14-057_B1	SCZ	41.09	F	spd02	398	Br1958|spd02	V12F14-057	8.5
Br2039	V12F14-057_C1	SCZ	40.96	M	spd02	493	Br2039|spd02	V12F14-057	7.7
Br2378	V12F14-057_D1	SCZ	38.41	M	spd02	559	Br2378|spd02	V12F14-057	7.7
Br5622	V13F27-293_A1	NTC	23.16	F	spd02	1222	Br5622|spd02	V13F27-293	8.5
Br5599	V13F27-293_B1	NTC	55.88	M	spd02	1489	Br5599|spd02	V13F27-293	8.5
Br5588	V13F27-293_C1	SCZ	40.43	F	spd02	1406	Br5588|spd02	V13F27-293	8.5
Br6032	V13F27-293_D1	SCZ	57.03	M	spd02	1025	Br6032|spd02	V13F27-293	7.5
Br5746	V13F27-294_A1	SCZ	51.99	F	spd02	509	Br5746|spd02	V13F27-294	7.9
Br5928	V13F27-294_B1	SCZ	58.81	M	spd02	2250	Br5928|spd02	V13F27-294	7.1
Br5314	V13F27-294_C1	NTC	48.69	F	spd02	792	Br5314|spd02	V13F27-294	8
Br5639	V13F27-294_D1	NTC	54.26	M	spd02	668	Br5639|spd02	V13F27-294	8.6
Br1092	V13F27-295_A1	NTC	48.95	M	spd02	349	Br1092|spd02	V13F27-295	8.8
Br8325	V13F27-295_B1	NTC	57.62	F	spd02	852	Br8325|spd02	V13F27-295	7.3
Br2627	V13F27-295_C1	SCZ	40.08	M	spd02	796	Br2627|spd02	V13F27-295	8.4
Br8772	V13F27-295_D1	SCZ	57.8	F	spd02	967	Br8772|spd02	V13F27-295	7.8
Br1139	V13F27-296_A1	SCZ	44.86	F	spd02	1193	Br1139|spd02	V13F27-296	8.7
Br1578	V13F27-296_B1	SCZ	42.06	M	spd02	1262	Br1578|spd02	V13F27-296	7.8
Br1753	V13F27-296_C1	NTC	48.99	F	spd02	991	Br1753|spd02	V13F27-296	8.8
Br6389	V13F27-296_D1	NTC	58.81	M	spd02	1254	Br6389|spd02	V13F27-296	7.1
Br8218	V13F27-336_A1	NTC	29.21	M	spd02	1401	Br8218|spd02	V13F27-336	6.6
Br1204	V13F27-336_B1	NTC	27.48	M	spd02	458	Br1204|spd02	V13F27-336	8.6
Br1923	V13F27-336_C1	SCZ	50.17	M	spd02	1319	Br1923|spd02	V13F27-336	8.2
Br2421	V13F27-336_D1	SCZ	57.58	M	spd02	861	Br2421|spd02	V13F27-336	8.4
Br1113	V13M06-279_A1	NTC	51.91	F	spd02	722	Br1113|spd02	V13M06-279	8.8
Br8042	V13M06-279_B1	NTC	54.28	F	spd02	1321	Br8042|spd02	V13M06-279	8.4
Br8537	V13M06-279_C1	SCZ	55.35	F	spd02	1468	Br8537|spd02	V13M06-279	7.2
Br8514	V13M06-279_D1	SCZ	43.45	F	spd02	1341	Br8514|spd02	V13M06-279	6.3
Br5590	V13M06-280_A1	SCZ	51.95	F	spd02	1061	Br5590|spd02	V13M06-280	8.8
Br5636	V13M06-280_B1	SCZ	33.59	M	spd02	838	Br5636|spd02	V13M06-280	9.6
Br2720	V13M06-280_C1	NTC	48.23	F	spd02	485	Br2720|spd02	V13M06-280	7.5
Br6257	V13M06-280_D1	NTC	45.44	M	spd02	1235	Br6257|spd02	V13M06-280	7.7
Br5400	V13M06-281_A1	NTC	52.69	F	spd02	922	Br5400|spd02	V13M06-281	8.4
Br5395	V13M06-281_B1	NTC	51.61	M	spd02	522	Br5395|spd02	V13M06-281	8.9
Br2242	V13M06-281_C1	SCZ	50.73	F	spd02	712	Br2242|spd02	V13M06-281	8.8
Br5888	V13M06-281_D1	SCZ	53.65	M	spd02	1165	Br5888|spd02	V13M06-281	8.1
Br6560	V13M06-282_A1	SCZ	48.58	F	spd02	1135	Br6560|spd02	V13M06-282	7.4
Br6437	V13M06-282_B1	SCZ	40.76	M	spd02	796	Br6437|spd02	V13M06-282	7.1
Br6297	V13M06-282_C1	NTC	36.67	F	spd02	686	Br6297|spd02	V13M06-282	7.5
Br5436	V13M06-282_D1	NTC	50.17	M	spd02	1114	Br5436|spd02	V13M06-282	7.9
Br5931	V13M06-340_A1	NTC	49.03	F	spd02	859	Br5931|spd02	V13M06-340	8.8
Br8406	V13M06-340_B1	NTC	30.95	M	spd02	1726	Br8406|spd02	V13M06-340	6.8
Br1682	V13M06-340_C1	SCZ	41.33	M	spd02	597	Br1682|spd02	V13M06-340	9.1
Br2470	V13M06-340_D1	SCZ	47.56	F	spd02	811	Br2470|spd02	V13M06-340	7.2
Br5224	V13M06-342_A1	SCZ	46.06	M	spd02	1013	Br5224|spd02	V13M06-342	6.7
Br8207	V13M06-342_B1	SCZ	35.26	F	spd02	615	Br8207|spd02	V13M06-342	6.9
Br8433	V13M06-342_C1	NTC	47.95	M	spd02	1058	Br8433|spd02	V13M06-342	6.8
Br8667	V13M06-342_D1	NTC	37.33	F	spd02	871	Br8667|spd02	V13M06-342	6.9
Br5276	V13M06-343_A1	NTC	59.86	M	spd02	827	Br5276|spd02	V13M06-343	7.4
Br8492	V13M06-343_B1	NTC	53.4	F	spd02	658	Br8492|spd02	V13M06-343	6.9
Br5573	V13M06-343_C1	SCZ	43.99	M	spd02	913	Br5573|spd02	V13M06-343	6.8
Br5973	V13M06-343_D1	SCZ	61.39	F	spd02	697	Br5973|spd02	V13M06-343	8.5
Br6496	V13M06-344_A1	SCZ	38.1	M	spd02	705	Br6496|spd02	V13M06-344	7.1
Br6369	V13M06-344_B1	SCZ	57.1	F	spd02	870	Br6369|spd02	V13M06-344	7
Br1214	V13M06-344_C1	NTC	61.13	M	spd02	526	Br1214|spd02	V13M06-344	9
Br5228	V13M06-344_D1	NTC	57.83	F	spd02	586	Br5228|spd02	V13M06-344	8.3
Br5373	V12D07-334_A1	SCZ	47.75	M	spd03	349	Br5373|spd03	V12D07-334	8.5
Br5472	V12D07-334_B1	NTC	49.23	M	spd03	254	Br5472|spd03	V12D07-334	7.4
Br5789	V12D07-334_C1	SCZ	47.8	M	spd03	104	Br5789|spd03	V12D07-334	8.1
Br6432	V12D07-334_D1	NTC	48.88	M	spd03	315	Br6432|spd03	V12D07-334	7.4
Br2719	V12F14-053_A1	NTC	36.6	F	spd03	462	Br2719|spd03	V12F14-053	7.8
Br5182	V12F14-053_C1	NTC	42.05	M	spd03	358	Br5182|spd03	V12F14-053	7.5
Br5367	V12F14-053_D1	NTC	31.31	F	spd03	135	Br5367|spd03	V12F14-053	6.6
Br1526	V12F14-057_A1	SCZ	47.47	M	spd03	216	Br1526|spd03	V12F14-057	8.4
Br1958	V12F14-057_B1	SCZ	41.09	F	spd03	375	Br1958|spd03	V12F14-057	8.5
Br2039	V12F14-057_C1	SCZ	40.96	M	spd03	351	Br2039|spd03	V12F14-057	7.7
Br2378	V12F14-057_D1	SCZ	38.41	M	spd03	778	Br2378|spd03	V12F14-057	7.7
Br5622	V13F27-293_A1	NTC	23.16	F	spd03	165	Br5622|spd03	V13F27-293	8.5
Br5599	V13F27-293_B1	NTC	55.88	M	spd03	127	Br5599|spd03	V13F27-293	8.5
Br5588	V13F27-293_C1	SCZ	40.43	F	spd03	231	Br5588|spd03	V13F27-293	8.5
Br6032	V13F27-293_D1	SCZ	57.03	M	spd03	526	Br6032|spd03	V13F27-293	7.5
Br5746	V13F27-294_A1	SCZ	51.99	F	spd03	497	Br5746|spd03	V13F27-294	7.9
Br5928	V13F27-294_B1	SCZ	58.81	M	spd03	88	Br5928|spd03	V13F27-294	7.1
Br5314	V13F27-294_C1	NTC	48.69	F	spd03	329	Br5314|spd03	V13F27-294	8
Br5639	V13F27-294_D1	NTC	54.26	M	spd03	152	Br5639|spd03	V13F27-294	8.6
Br1092	V13F27-295_A1	NTC	48.95	M	spd03	228	Br1092|spd03	V13F27-295	8.8
Br8325	V13F27-295_B1	NTC	57.62	F	spd03	171	Br8325|spd03	V13F27-295	7.3
Br2627	V13F27-295_C1	SCZ	40.08	M	spd03	349	Br2627|spd03	V13F27-295	8.4
Br8772	V13F27-295_D1	SCZ	57.8	F	spd03	304	Br8772|spd03	V13F27-295	7.8
Br1139	V13F27-296_A1	SCZ	44.86	F	spd03	482	Br1139|spd03	V13F27-296	8.7
Br1578	V13F27-296_B1	SCZ	42.06	M	spd03	160	Br1578|spd03	V13F27-296	7.8
Br1753	V13F27-296_C1	NTC	48.99	F	spd03	352	Br1753|spd03	V13F27-296	8.8
Br6389	V13F27-296_D1	NTC	58.81	M	spd03	247	Br6389|spd03	V13F27-296	7.1
Br8218	V13F27-336_A1	NTC	29.21	M	spd03	31	Br8218|spd03	V13F27-336	6.6
Br1204	V13F27-336_B1	NTC	27.48	M	spd03	384	Br1204|spd03	V13F27-336	8.6
Br1923	V13F27-336_C1	SCZ	50.17	M	spd03	128	Br1923|spd03	V13F27-336	8.2
Br2421	V13F27-336_D1	SCZ	57.58	M	spd03	350	Br2421|spd03	V13F27-336	8.4
Br1113	V13M06-279_A1	NTC	51.91	F	spd03	198	Br1113|spd03	V13M06-279	8.8
Br8042	V13M06-279_B1	NTC	54.28	F	spd03	495	Br8042|spd03	V13M06-279	8.4
Br8537	V13M06-279_C1	SCZ	55.35	F	spd03	113	Br8537|spd03	V13M06-279	7.2
Br8514	V13M06-279_D1	SCZ	43.45	F	spd03	204	Br8514|spd03	V13M06-279	6.3
Br5590	V13M06-280_A1	SCZ	51.95	F	spd03	218	Br5590|spd03	V13M06-280	8.8
Br5636	V13M06-280_B1	SCZ	33.59	M	spd03	410	Br5636|spd03	V13M06-280	9.6
Br2720	V13M06-280_C1	NTC	48.23	F	spd03	72	Br2720|spd03	V13M06-280	7.5
Br6257	V13M06-280_D1	NTC	45.44	M	spd03	334	Br6257|spd03	V13M06-280	7.7
Br5400	V13M06-281_A1	NTC	52.69	F	spd03	309	Br5400|spd03	V13M06-281	8.4
Br5395	V13M06-281_B1	NTC	51.61	M	spd03	345	Br5395|spd03	V13M06-281	8.9
Br2242	V13M06-281_C1	SCZ	50.73	F	spd03	303	Br2242|spd03	V13M06-281	8.8
Br5888	V13M06-281_D1	SCZ	53.65	M	spd03	102	Br5888|spd03	V13M06-281	8.1
Br6560	V13M06-282_A1	SCZ	48.58	F	spd03	286	Br6560|spd03	V13M06-282	7.4
Br6437	V13M06-282_B1	SCZ	40.76	M	spd03	306	Br6437|spd03	V13M06-282	7.1
Br6297	V13M06-282_C1	NTC	36.67	F	spd03	398	Br6297|spd03	V13M06-282	7.5
Br5436	V13M06-282_D1	NTC	50.17	M	spd03	166	Br5436|spd03	V13M06-282	7.9
Br5931	V13M06-340_A1	NTC	49.03	F	spd03	509	Br5931|spd03	V13M06-340	8.8
Br8406	V13M06-340_B1	NTC	30.95	M	spd03	114	Br8406|spd03	V13M06-340	6.8
Br1682	V13M06-340_C1	SCZ	41.33	M	spd03	344	Br1682|spd03	V13M06-340	9.1
Br2470	V13M06-340_D1	SCZ	47.56	F	spd03	335	Br2470|spd03	V13M06-340	7.2
Br5224	V13M06-342_A1	SCZ	46.06	M	spd03	276	Br5224|spd03	V13M06-342	6.7
Br8207	V13M06-342_B1	SCZ	35.26	F	spd03	452	Br8207|spd03	V13M06-342	6.9
Br8433	V13M06-342_C1	NTC	47.95	M	spd03	256	Br8433|spd03	V13M06-342	6.8
Br8667	V13M06-342_D1	NTC	37.33	F	spd03	365	Br8667|spd03	V13M06-342	6.9
Br5276	V13M06-343_A1	NTC	59.86	M	spd03	200	Br5276|spd03	V13M06-343	7.4
Br8492	V13M06-343_B1	NTC	53.4	F	spd03	331	Br8492|spd03	V13M06-343	6.9
Br5573	V13M06-343_C1	SCZ	43.99	M	spd03	269	Br5573|spd03	V13M06-343	6.8
Br5973	V13M06-343_D1	SCZ	61.39	F	spd03	472	Br5973|spd03	V13M06-343	8.5
Br6496	V13M06-344_A1	SCZ	38.1	M	spd03	364	Br6496|spd03	V13M06-344	7.1
Br6369	V13M06-344_B1	SCZ	57.1	F	spd03	114	Br6369|spd03	V13M06-344	7
Br1214	V13M06-344_C1	NTC	61.13	M	spd03	440	Br1214|spd03	V13M06-344	9
Br5228	V13M06-344_D1	NTC	57.83	F	spd03	798	Br5228|spd03	V13M06-344	8.3
Br5373	V12D07-334_A1	SCZ	47.75	M	spd04	150	Br5373|spd04	V12D07-334	8.5
Br5472	V12D07-334_B1	NTC	49.23	M	spd04	25	Br5472|spd04	V12D07-334	7.4
Br6432	V12D07-334_D1	NTC	48.88	M	spd04	83	Br6432|spd04	V12D07-334	7.4
Br2719	V12F14-053_A1	NTC	36.6	F	spd04	160	Br2719|spd04	V12F14-053	7.8
Br1526	V12F14-057_A1	SCZ	47.47	M	spd04	274	Br1526|spd04	V12F14-057	8.4
Br1958	V12F14-057_B1	SCZ	41.09	F	spd04	222	Br1958|spd04	V12F14-057	8.5
Br2039	V12F14-057_C1	SCZ	40.96	M	spd04	45	Br2039|spd04	V12F14-057	7.7
Br2378	V12F14-057_D1	SCZ	38.41	M	spd04	44	Br2378|spd04	V12F14-057	7.7
Br5622	V13F27-293_A1	NTC	23.16	F	spd04	60	Br5622|spd04	V13F27-293	8.5
Br5599	V13F27-293_B1	NTC	55.88	M	spd04	10	Br5599|spd04	V13F27-293	8.5
Br5746	V13F27-294_A1	SCZ	51.99	F	spd04	126	Br5746|spd04	V13F27-294	7.9
Br5928	V13F27-294_B1	SCZ	58.81	M	spd04	19	Br5928|spd04	V13F27-294	7.1
Br5314	V13F27-294_C1	NTC	48.69	F	spd04	140	Br5314|spd04	V13F27-294	8
Br5639	V13F27-294_D1	NTC	54.26	M	spd04	19	Br5639|spd04	V13F27-294	8.6
Br1092	V13F27-295_A1	NTC	48.95	M	spd04	108	Br1092|spd04	V13F27-295	8.8
Br8325	V13F27-295_B1	NTC	57.62	F	spd04	74	Br8325|spd04	V13F27-295	7.3
Br2627	V13F27-295_C1	SCZ	40.08	M	spd04	107	Br2627|spd04	V13F27-295	8.4
Br8772	V13F27-295_D1	SCZ	57.8	F	spd04	49	Br8772|spd04	V13F27-295	7.8
Br1139	V13F27-296_A1	SCZ	44.86	F	spd04	32	Br1139|spd04	V13F27-296	8.7
Br1578	V13F27-296_B1	SCZ	42.06	M	spd04	14	Br1578|spd04	V13F27-296	7.8
Br1753	V13F27-296_C1	NTC	48.99	F	spd04	97	Br1753|spd04	V13F27-296	8.8
Br6389	V13F27-296_D1	NTC	58.81	M	spd04	65	Br6389|spd04	V13F27-296	7.1
Br1204	V13F27-336_B1	NTC	27.48	M	spd04	74	Br1204|spd04	V13F27-336	8.6
Br1923	V13F27-336_C1	SCZ	50.17	M	spd04	19	Br1923|spd04	V13F27-336	8.2
Br2421	V13F27-336_D1	SCZ	57.58	M	spd04	25	Br2421|spd04	V13F27-336	8.4
Br1113	V13M06-279_A1	NTC	51.91	F	spd04	23	Br1113|spd04	V13M06-279	8.8
Br8042	V13M06-279_B1	NTC	54.28	F	spd04	70	Br8042|spd04	V13M06-279	8.4
Br8537	V13M06-279_C1	SCZ	55.35	F	spd04	41	Br8537|spd04	V13M06-279	7.2
Br8514	V13M06-279_D1	SCZ	43.45	F	spd04	27	Br8514|spd04	V13M06-279	6.3
Br5590	V13M06-280_A1	SCZ	51.95	F	spd04	34	Br5590|spd04	V13M06-280	8.8
Br2720	V13M06-280_C1	NTC	48.23	F	spd04	24	Br2720|spd04	V13M06-280	7.5
Br5395	V13M06-281_B1	NTC	51.61	M	spd04	39	Br5395|spd04	V13M06-281	8.9
Br2242	V13M06-281_C1	SCZ	50.73	F	spd04	83	Br2242|spd04	V13M06-281	8.8
Br5888	V13M06-281_D1	SCZ	53.65	M	spd04	41	Br5888|spd04	V13M06-281	8.1
Br6437	V13M06-282_B1	SCZ	40.76	M	spd04	38	Br6437|spd04	V13M06-282	7.1
Br6297	V13M06-282_C1	NTC	36.67	F	spd04	231	Br6297|spd04	V13M06-282	7.5
Br5931	V13M06-340_A1	NTC	49.03	F	spd04	75	Br5931|spd04	V13M06-340	8.8
Br1682	V13M06-340_C1	SCZ	41.33	M	spd04	497	Br1682|spd04	V13M06-340	9.1
Br2470	V13M06-340_D1	SCZ	47.56	F	spd04	139	Br2470|spd04	V13M06-340	7.2
Br5224	V13M06-342_A1	SCZ	46.06	M	spd04	29	Br5224|spd04	V13M06-342	6.7
Br8207	V13M06-342_B1	SCZ	35.26	F	spd04	98	Br8207|spd04	V13M06-342	6.9
Br8433	V13M06-342_C1	NTC	47.95	M	spd04	34	Br8433|spd04	V13M06-342	6.8
Br8667	V13M06-342_D1	NTC	37.33	F	spd04	33	Br8667|spd04	V13M06-342	6.9
Br5276	V13M06-343_A1	NTC	59.86	M	spd04	24	Br5276|spd04	V13M06-343	7.4
Br8492	V13M06-343_B1	NTC	53.4	F	spd04	83	Br8492|spd04	V13M06-343	6.9
Br5573	V13M06-343_C1	SCZ	43.99	M	spd04	13	Br5573|spd04	V13M06-343	6.8
Br5973	V13M06-343_D1	SCZ	61.39	F	spd04	52	Br5973|spd04	V13M06-343	8.5
Br6496	V13M06-344_A1	SCZ	38.1	M	spd04	66	Br6496|spd04	V13M06-344	7.1
Br1214	V13M06-344_C1	NTC	61.13	M	spd04	326	Br1214|spd04	V13M06-344	9
Br5228	V13M06-344_D1	NTC	57.83	F	spd04	23	Br5228|spd04	V13M06-344	8.3
Br5373	V12D07-334_A1	SCZ	47.75	M	spd05	233	Br5373|spd05	V12D07-334	8.5
Br5472	V12D07-334_B1	NTC	49.23	M	spd05	113	Br5472|spd05	V12D07-334	7.4
Br5789	V12D07-334_C1	SCZ	47.8	M	spd05	189	Br5789|spd05	V12D07-334	8.1
Br6432	V12D07-334_D1	NTC	48.88	M	spd05	309	Br6432|spd05	V12D07-334	7.4
Br2719	V12F14-053_A1	NTC	36.6	F	spd05	252	Br2719|spd05	V12F14-053	7.8
Br5182	V12F14-053_C1	NTC	42.05	M	spd05	228	Br5182|spd05	V12F14-053	7.5
Br5367	V12F14-053_D1	NTC	31.31	F	spd05	160	Br5367|spd05	V12F14-053	6.6
Br1526	V12F14-057_A1	SCZ	47.47	M	spd05	99	Br1526|spd05	V12F14-057	8.4
Br1958	V12F14-057_B1	SCZ	41.09	F	spd05	210	Br1958|spd05	V12F14-057	8.5
Br2039	V12F14-057_C1	SCZ	40.96	M	spd05	205	Br2039|spd05	V12F14-057	7.7
Br2378	V12F14-057_D1	SCZ	38.41	M	spd05	378	Br2378|spd05	V12F14-057	7.7
Br5622	V13F27-293_A1	NTC	23.16	F	spd05	162	Br5622|spd05	V13F27-293	8.5
Br5599	V13F27-293_B1	NTC	55.88	M	spd05	245	Br5599|spd05	V13F27-293	8.5
Br5588	V13F27-293_C1	SCZ	40.43	F	spd05	247	Br5588|spd05	V13F27-293	8.5
Br6032	V13F27-293_D1	SCZ	57.03	M	spd05	313	Br6032|spd05	V13F27-293	7.5
Br5746	V13F27-294_A1	SCZ	51.99	F	spd05	242	Br5746|spd05	V13F27-294	7.9
Br5928	V13F27-294_B1	SCZ	58.81	M	spd05	20	Br5928|spd05	V13F27-294	7.1
Br5314	V13F27-294_C1	NTC	48.69	F	spd05	203	Br5314|spd05	V13F27-294	8
Br5639	V13F27-294_D1	NTC	54.26	M	spd05	84	Br5639|spd05	V13F27-294	8.6
Br1092	V13F27-295_A1	NTC	48.95	M	spd05	151	Br1092|spd05	V13F27-295	8.8
Br8325	V13F27-295_B1	NTC	57.62	F	spd05	185	Br8325|spd05	V13F27-295	7.3
Br2627	V13F27-295_C1	SCZ	40.08	M	spd05	128	Br2627|spd05	V13F27-295	8.4
Br8772	V13F27-295_D1	SCZ	57.8	F	spd05	250	Br8772|spd05	V13F27-295	7.8
Br1139	V13F27-296_A1	SCZ	44.86	F	spd05	314	Br1139|spd05	V13F27-296	8.7
Br1578	V13F27-296_B1	SCZ	42.06	M	spd05	212	Br1578|spd05	V13F27-296	7.8
Br1753	V13F27-296_C1	NTC	48.99	F	spd05	268	Br1753|spd05	V13F27-296	8.8
Br6389	V13F27-296_D1	NTC	58.81	M	spd05	226	Br6389|spd05	V13F27-296	7.1
Br8218	V13F27-336_A1	NTC	29.21	M	spd05	58	Br8218|spd05	V13F27-336	6.6
Br1204	V13F27-336_B1	NTC	27.48	M	spd05	170	Br1204|spd05	V13F27-336	8.6
Br1923	V13F27-336_C1	SCZ	50.17	M	spd05	50	Br1923|spd05	V13F27-336	8.2
Br2421	V13F27-336_D1	SCZ	57.58	M	spd05	245	Br2421|spd05	V13F27-336	8.4
Br1113	V13M06-279_A1	NTC	51.91	F	spd05	182	Br1113|spd05	V13M06-279	8.8
Br8042	V13M06-279_B1	NTC	54.28	F	spd05	263	Br8042|spd05	V13M06-279	8.4
Br8537	V13M06-279_C1	SCZ	55.35	F	spd05	132	Br8537|spd05	V13M06-279	7.2
Br8514	V13M06-279_D1	SCZ	43.45	F	spd05	219	Br8514|spd05	V13M06-279	6.3
Br5590	V13M06-280_A1	SCZ	51.95	F	spd05	292	Br5590|spd05	V13M06-280	8.8
Br5636	V13M06-280_B1	SCZ	33.59	M	spd05	491	Br5636|spd05	V13M06-280	9.6
Br2720	V13M06-280_C1	NTC	48.23	F	spd05	55	Br2720|spd05	V13M06-280	7.5
Br6257	V13M06-280_D1	NTC	45.44	M	spd05	195	Br6257|spd05	V13M06-280	7.7
Br5400	V13M06-281_A1	NTC	52.69	F	spd05	337	Br5400|spd05	V13M06-281	8.4
Br5395	V13M06-281_B1	NTC	51.61	M	spd05	229	Br5395|spd05	V13M06-281	8.9
Br2242	V13M06-281_C1	SCZ	50.73	F	spd05	232	Br2242|spd05	V13M06-281	8.8
Br5888	V13M06-281_D1	SCZ	53.65	M	spd05	118	Br5888|spd05	V13M06-281	8.1
Br6560	V13M06-282_A1	SCZ	48.58	F	spd05	452	Br6560|spd05	V13M06-282	7.4
Br6437	V13M06-282_B1	SCZ	40.76	M	spd05	215	Br6437|spd05	V13M06-282	7.1
Br6297	V13M06-282_C1	NTC	36.67	F	spd05	213	Br6297|spd05	V13M06-282	7.5
Br5436	V13M06-282_D1	NTC	50.17	M	spd05	291	Br5436|spd05	V13M06-282	7.9
Br5931	V13M06-340_A1	NTC	49.03	F	spd05	399	Br5931|spd05	V13M06-340	8.8
Br8406	V13M06-340_B1	NTC	30.95	M	spd05	105	Br8406|spd05	V13M06-340	6.8
Br1682	V13M06-340_C1	SCZ	41.33	M	spd05	176	Br1682|spd05	V13M06-340	9.1
Br2470	V13M06-340_D1	SCZ	47.56	F	spd05	170	Br2470|spd05	V13M06-340	7.2
Br5224	V13M06-342_A1	SCZ	46.06	M	spd05	204	Br5224|spd05	V13M06-342	6.7
Br8207	V13M06-342_B1	SCZ	35.26	F	spd05	280	Br8207|spd05	V13M06-342	6.9
Br8433	V13M06-342_C1	NTC	47.95	M	spd05	172	Br8433|spd05	V13M06-342	6.8
Br8667	V13M06-342_D1	NTC	37.33	F	spd05	274	Br8667|spd05	V13M06-342	6.9
Br5276	V13M06-343_A1	NTC	59.86	M	spd05	215	Br5276|spd05	V13M06-343	7.4
Br8492	V13M06-343_B1	NTC	53.4	F	spd05	181	Br8492|spd05	V13M06-343	6.9
Br5573	V13M06-343_C1	SCZ	43.99	M	spd05	389	Br5573|spd05	V13M06-343	6.8
Br5973	V13M06-343_D1	SCZ	61.39	F	spd05	313	Br5973|spd05	V13M06-343	8.5
Br6496	V13M06-344_A1	SCZ	38.1	M	spd05	241	Br6496|spd05	V13M06-344	7.1
Br6369	V13M06-344_B1	SCZ	57.1	F	spd05	219	Br6369|spd05	V13M06-344	7
Br1214	V13M06-344_C1	NTC	61.13	M	spd05	233	Br1214|spd05	V13M06-344	9
Br5228	V13M06-344_D1	NTC	57.83	F	spd05	292	Br5228|spd05	V13M06-344	8.3
Br5373	V12D07-334_A1	SCZ	47.75	M	spd06	275	Br5373|spd06	V12D07-334	8.5
Br5472	V12D07-334_B1	NTC	49.23	M	spd06	114	Br5472|spd06	V12D07-334	7.4
Br5789	V12D07-334_C1	SCZ	47.8	M	spd06	390	Br5789|spd06	V12D07-334	8.1
Br6432	V12D07-334_D1	NTC	48.88	M	spd06	506	Br6432|spd06	V12D07-334	7.4
Br2719	V12F14-053_A1	NTC	36.6	F	spd06	600	Br2719|spd06	V12F14-053	7.8
Br5182	V12F14-053_C1	NTC	42.05	M	spd06	296	Br5182|spd06	V12F14-053	7.5
Br5367	V12F14-053_D1	NTC	31.31	F	spd06	354	Br5367|spd06	V12F14-053	6.6
Br1526	V12F14-057_A1	SCZ	47.47	M	spd06	232	Br1526|spd06	V12F14-057	8.4
Br1958	V12F14-057_B1	SCZ	41.09	F	spd06	195	Br1958|spd06	V12F14-057	8.5
Br2039	V12F14-057_C1	SCZ	40.96	M	spd06	179	Br2039|spd06	V12F14-057	7.7
Br2378	V12F14-057_D1	SCZ	38.41	M	spd06	221	Br2378|spd06	V12F14-057	7.7
Br5622	V13F27-293_A1	NTC	23.16	F	spd06	436	Br5622|spd06	V13F27-293	8.5
Br5599	V13F27-293_B1	NTC	55.88	M	spd06	418	Br5599|spd06	V13F27-293	8.5
Br5588	V13F27-293_C1	SCZ	40.43	F	spd06	472	Br5588|spd06	V13F27-293	8.5
Br6032	V13F27-293_D1	SCZ	57.03	M	spd06	376	Br6032|spd06	V13F27-293	7.5
Br5746	V13F27-294_A1	SCZ	51.99	F	spd06	259	Br5746|spd06	V13F27-294	7.9
Br5928	V13F27-294_B1	SCZ	58.81	M	spd06	11	Br5928|spd06	V13F27-294	7.1
Br5314	V13F27-294_C1	NTC	48.69	F	spd06	287	Br5314|spd06	V13F27-294	8
Br5639	V13F27-294_D1	NTC	54.26	M	spd06	312	Br5639|spd06	V13F27-294	8.6
Br1092	V13F27-295_A1	NTC	48.95	M	spd06	162	Br1092|spd06	V13F27-295	8.8
Br8325	V13F27-295_B1	NTC	57.62	F	spd06	410	Br8325|spd06	V13F27-295	7.3
Br2627	V13F27-295_C1	SCZ	40.08	M	spd06	314	Br2627|spd06	V13F27-295	8.4
Br8772	V13F27-295_D1	SCZ	57.8	F	spd06	325	Br8772|spd06	V13F27-295	7.8
Br1139	V13F27-296_A1	SCZ	44.86	F	spd06	373	Br1139|spd06	V13F27-296	8.7
Br1578	V13F27-296_B1	SCZ	42.06	M	spd06	339	Br1578|spd06	V13F27-296	7.8
Br1753	V13F27-296_C1	NTC	48.99	F	spd06	326	Br1753|spd06	V13F27-296	8.8
Br6389	V13F27-296_D1	NTC	58.81	M	spd06	354	Br6389|spd06	V13F27-296	7.1
Br8218	V13F27-336_A1	NTC	29.21	M	spd06	161	Br8218|spd06	V13F27-336	6.6
Br1204	V13F27-336_B1	NTC	27.48	M	spd06	216	Br1204|spd06	V13F27-336	8.6
Br1923	V13F27-336_C1	SCZ	50.17	M	spd06	186	Br1923|spd06	V13F27-336	8.2
Br2421	V13F27-336_D1	SCZ	57.58	M	spd06	370	Br2421|spd06	V13F27-336	8.4
Br1113	V13M06-279_A1	NTC	51.91	F	spd06	291	Br1113|spd06	V13M06-279	8.8
Br8042	V13M06-279_B1	NTC	54.28	F	spd06	334	Br8042|spd06	V13M06-279	8.4
Br8537	V13M06-279_C1	SCZ	55.35	F	spd06	279	Br8537|spd06	V13M06-279	7.2
Br8514	V13M06-279_D1	SCZ	43.45	F	spd06	551	Br8514|spd06	V13M06-279	6.3
Br5590	V13M06-280_A1	SCZ	51.95	F	spd06	362	Br5590|spd06	V13M06-280	8.8
Br5636	V13M06-280_B1	SCZ	33.59	M	spd06	301	Br5636|spd06	V13M06-280	9.6
Br2720	V13M06-280_C1	NTC	48.23	F	spd06	241	Br2720|spd06	V13M06-280	7.5
Br6257	V13M06-280_D1	NTC	45.44	M	spd06	219	Br6257|spd06	V13M06-280	7.7
Br5400	V13M06-281_A1	NTC	52.69	F	spd06	443	Br5400|spd06	V13M06-281	8.4
Br5395	V13M06-281_B1	NTC	51.61	M	spd06	184	Br5395|spd06	V13M06-281	8.9
Br2242	V13M06-281_C1	SCZ	50.73	F	spd06	386	Br2242|spd06	V13M06-281	8.8
Br5888	V13M06-281_D1	SCZ	53.65	M	spd06	364	Br5888|spd06	V13M06-281	8.1
Br6560	V13M06-282_A1	SCZ	48.58	F	spd06	414	Br6560|spd06	V13M06-282	7.4
Br6437	V13M06-282_B1	SCZ	40.76	M	spd06	375	Br6437|spd06	V13M06-282	7.1
Br6297	V13M06-282_C1	NTC	36.67	F	spd06	237	Br6297|spd06	V13M06-282	7.5
Br5436	V13M06-282_D1	NTC	50.17	M	spd06	364	Br5436|spd06	V13M06-282	7.9
Br5931	V13M06-340_A1	NTC	49.03	F	spd06	278	Br5931|spd06	V13M06-340	8.8
Br8406	V13M06-340_B1	NTC	30.95	M	spd06	554	Br8406|spd06	V13M06-340	6.8
Br1682	V13M06-340_C1	SCZ	41.33	M	spd06	282	Br1682|spd06	V13M06-340	9.1
Br2470	V13M06-340_D1	SCZ	47.56	F	spd06	80	Br2470|spd06	V13M06-340	7.2
Br5224	V13M06-342_A1	SCZ	46.06	M	spd06	265	Br5224|spd06	V13M06-342	6.7
Br8207	V13M06-342_B1	SCZ	35.26	F	spd06	158	Br8207|spd06	V13M06-342	6.9
Br8433	V13M06-342_C1	NTC	47.95	M	spd06	311	Br8433|spd06	V13M06-342	6.8
Br8667	V13M06-342_D1	NTC	37.33	F	spd06	394	Br8667|spd06	V13M06-342	6.9
Br5276	V13M06-343_A1	NTC	59.86	M	spd06	320	Br5276|spd06	V13M06-343	7.4
Br8492	V13M06-343_B1	NTC	53.4	F	spd06	340	Br8492|spd06	V13M06-343	6.9
Br5573	V13M06-343_C1	SCZ	43.99	M	spd06	322	Br5573|spd06	V13M06-343	6.8
Br5973	V13M06-343_D1	SCZ	61.39	F	spd06	253	Br5973|spd06	V13M06-343	8.5
Br6496	V13M06-344_A1	SCZ	38.1	M	spd06	531	Br6496|spd06	V13M06-344	7.1
Br6369	V13M06-344_B1	SCZ	57.1	F	spd06	381	Br6369|spd06	V13M06-344	7
Br1214	V13M06-344_C1	NTC	61.13	M	spd06	143	Br1214|spd06	V13M06-344	9
Br5228	V13M06-344_D1	NTC	57.83	F	spd06	234	Br5228|spd06	V13M06-344	8.3
Br5373	V12D07-334_A1	SCZ	47.75	M	spd07	430	Br5373|spd07	V12D07-334	8.5
Br5472	V12D07-334_B1	NTC	49.23	M	spd07	273	Br5472|spd07	V12D07-334	7.4
Br5789	V12D07-334_C1	SCZ	47.8	M	spd07	744	Br5789|spd07	V12D07-334	8.1
Br6432	V12D07-334_D1	NTC	48.88	M	spd07	576	Br6432|spd07	V12D07-334	7.4
Br2719	V12F14-053_A1	NTC	36.6	F	spd07	440	Br2719|spd07	V12F14-053	7.8
Br5182	V12F14-053_C1	NTC	42.05	M	spd07	323	Br5182|spd07	V12F14-053	7.5
Br5367	V12F14-053_D1	NTC	31.31	F	spd07	398	Br5367|spd07	V12F14-053	6.6
Br1526	V12F14-057_A1	SCZ	47.47	M	spd07	183	Br1526|spd07	V12F14-057	8.4
Br1958	V12F14-057_B1	SCZ	41.09	F	spd07	180	Br1958|spd07	V12F14-057	8.5
Br2039	V12F14-057_C1	SCZ	40.96	M	spd07	192	Br2039|spd07	V12F14-057	7.7
Br2378	V12F14-057_D1	SCZ	38.41	M	spd07	279	Br2378|spd07	V12F14-057	7.7
Br5622	V13F27-293_A1	NTC	23.16	F	spd07	357	Br5622|spd07	V13F27-293	8.5
Br5599	V13F27-293_B1	NTC	55.88	M	spd07	645	Br5599|spd07	V13F27-293	8.5
Br5588	V13F27-293_C1	SCZ	40.43	F	spd07	598	Br5588|spd07	V13F27-293	8.5
Br6032	V13F27-293_D1	SCZ	57.03	M	spd07	400	Br6032|spd07	V13F27-293	7.5
Br5746	V13F27-294_A1	SCZ	51.99	F	spd07	266	Br5746|spd07	V13F27-294	7.9
Br5928	V13F27-294_B1	SCZ	58.81	M	spd07	34	Br5928|spd07	V13F27-294	7.1
Br5314	V13F27-294_C1	NTC	48.69	F	spd07	470	Br5314|spd07	V13F27-294	8
Br5639	V13F27-294_D1	NTC	54.26	M	spd07	555	Br5639|spd07	V13F27-294	8.6
Br1092	V13F27-295_A1	NTC	48.95	M	spd07	198	Br1092|spd07	V13F27-295	8.8
Br8325	V13F27-295_B1	NTC	57.62	F	spd07	411	Br8325|spd07	V13F27-295	7.3
Br2627	V13F27-295_C1	SCZ	40.08	M	spd07	262	Br2627|spd07	V13F27-295	8.4
Br8772	V13F27-295_D1	SCZ	57.8	F	spd07	463	Br8772|spd07	V13F27-295	7.8
Br1139	V13F27-296_A1	SCZ	44.86	F	spd07	292	Br1139|spd07	V13F27-296	8.7
Br1578	V13F27-296_B1	SCZ	42.06	M	spd07	494	Br1578|spd07	V13F27-296	7.8
Br1753	V13F27-296_C1	NTC	48.99	F	spd07	602	Br1753|spd07	V13F27-296	8.8
Br6389	V13F27-296_D1	NTC	58.81	M	spd07	919	Br6389|spd07	V13F27-296	7.1
Br8218	V13F27-336_A1	NTC	29.21	M	spd07	681	Br8218|spd07	V13F27-336	6.6
Br1204	V13F27-336_B1	NTC	27.48	M	spd07	233	Br1204|spd07	V13F27-336	8.6
Br1923	V13F27-336_C1	SCZ	50.17	M	spd07	125	Br1923|spd07	V13F27-336	8.2
Br2421	V13F27-336_D1	SCZ	57.58	M	spd07	626	Br2421|spd07	V13F27-336	8.4
Br1113	V13M06-279_A1	NTC	51.91	F	spd07	226	Br1113|spd07	V13M06-279	8.8
Br8042	V13M06-279_B1	NTC	54.28	F	spd07	262	Br8042|spd07	V13M06-279	8.4
Br8537	V13M06-279_C1	SCZ	55.35	F	spd07	244	Br8537|spd07	V13M06-279	7.2
Br8514	V13M06-279_D1	SCZ	43.45	F	spd07	604	Br8514|spd07	V13M06-279	6.3
Br5590	V13M06-280_A1	SCZ	51.95	F	spd07	540	Br5590|spd07	V13M06-280	8.8
Br5636	V13M06-280_B1	SCZ	33.59	M	spd07	830	Br5636|spd07	V13M06-280	9.6
Br2720	V13M06-280_C1	NTC	48.23	F	spd07	305	Br2720|spd07	V13M06-280	7.5
Br6257	V13M06-280_D1	NTC	45.44	M	spd07	325	Br6257|spd07	V13M06-280	7.7
Br5400	V13M06-281_A1	NTC	52.69	F	spd07	481	Br5400|spd07	V13M06-281	8.4
Br5395	V13M06-281_B1	NTC	51.61	M	spd07	218	Br5395|spd07	V13M06-281	8.9
Br2242	V13M06-281_C1	SCZ	50.73	F	spd07	711	Br2242|spd07	V13M06-281	8.8
Br5888	V13M06-281_D1	SCZ	53.65	M	spd07	547	Br5888|spd07	V13M06-281	8.1
Br6560	V13M06-282_A1	SCZ	48.58	F	spd07	278	Br6560|spd07	V13M06-282	7.4
Br6437	V13M06-282_B1	SCZ	40.76	M	spd07	429	Br6437|spd07	V13M06-282	7.1
Br6297	V13M06-282_C1	NTC	36.67	F	spd07	131	Br6297|spd07	V13M06-282	7.5
Br5436	V13M06-282_D1	NTC	50.17	M	spd07	527	Br5436|spd07	V13M06-282	7.9
Br5931	V13M06-340_A1	NTC	49.03	F	spd07	583	Br5931|spd07	V13M06-340	8.8
Br8406	V13M06-340_B1	NTC	30.95	M	spd07	475	Br8406|spd07	V13M06-340	6.8
Br1682	V13M06-340_C1	SCZ	41.33	M	spd07	105	Br1682|spd07	V13M06-340	9.1
Br2470	V13M06-340_D1	SCZ	47.56	F	spd07	229	Br2470|spd07	V13M06-340	7.2
Br5224	V13M06-342_A1	SCZ	46.06	M	spd07	401	Br5224|spd07	V13M06-342	6.7
Br8207	V13M06-342_B1	SCZ	35.26	F	spd07	234	Br8207|spd07	V13M06-342	6.9
Br8433	V13M06-342_C1	NTC	47.95	M	spd07	569	Br8433|spd07	V13M06-342	6.8
Br8667	V13M06-342_D1	NTC	37.33	F	spd07	556	Br8667|spd07	V13M06-342	6.9
Br5276	V13M06-343_A1	NTC	59.86	M	spd07	581	Br5276|spd07	V13M06-343	7.4
Br8492	V13M06-343_B1	NTC	53.4	F	spd07	358	Br8492|spd07	V13M06-343	6.9
Br5573	V13M06-343_C1	SCZ	43.99	M	spd07	435	Br5573|spd07	V13M06-343	6.8
Br5973	V13M06-343_D1	SCZ	61.39	F	spd07	397	Br5973|spd07	V13M06-343	8.5
Br6496	V13M06-344_A1	SCZ	38.1	M	spd07	704	Br6496|spd07	V13M06-344	7.1
Br6369	V13M06-344_B1	SCZ	57.1	F	spd07	566	Br6369|spd07	V13M06-344	7
Br1214	V13M06-344_C1	NTC	61.13	M	spd07	92	Br1214|spd07	V13M06-344	9
Br5228	V13M06-344_D1	NTC	57.83	F	spd07	141	Br5228|spd07	V13M06-344	8.3
