donor	section	Dx	age	sex	SpD	ncells	key	slide_id	rin	source_ncells	target_ncells
Br1092	V13F27-295_A1	NTC	48.95	M	spd02	221	Br1092|spd02	V13F27-295	8.8	162	221
Br1092	V13F27-295_A1	NTC	48.95	M	spd03	229	Br1092|spd03	V13F27-295	8.8	114	229
Br1092	V13F27-295_A1	NTC	48.95	M	spd05	177	Br1092|spd05	V13F27-295	8.8	76	177
Br1092	V13F27-295_A1	NTC	48.95	M	spd06	98	Br1092|spd06	V13F27-295	8.8	89	98
Br1092	V13F27-295_A1	NTC	48.95	M	spd07	10	Br1092|spd07	V13F27-295	8.8	46	10
Br1113	V13M06-279_A1	NTC	51.91	F	spd02	373	Br1113|spd02	V13M06-279	8.8	112	373
Br1113	V13M06-279_A1	NTC	51.91	F	spd03	164	Br1113|spd03	V13M06-279	8.8	44	164
Br1113	V13M06-279_A1	NTC	51.91	F	spd05	282	Br1113|spd05	V13M06-279	8.8	46	282
Br1113	V13M06-279_A1	NTC	51.91	F	spd06	127	Br1113|spd06	V13M06-279	8.8	36	127
Br1139	V13F27-296_A1	SCZ	44.86	F	spd02	51	Br1139|spd02	V13F27-296	8.7	130	51
Br1139	V13F27-296_A1	SCZ	44.86	F	spd03	112	Br1139|spd03	V13F27-296	8.7	77	112
Br1139	V13F27-296_A1	SCZ	44.86	F	spd05	120	Br1139|spd05	V13F27-296	8.7	47	120
Br1204	V13F27-336_B1	NTC	27.48	M	spd02	333	Br1204|spd02	V13F27-336	8.6	150	333
Br1204	V13F27-336_B1	NTC	27.48	M	spd03	245	Br1204|spd03	V13F27-336	8.6	95	245
Br1204	V13F27-336_B1	NTC	27.48	M	spd05	272	Br1204|spd05	V13F27-336	8.6	81	272
Br1204	V13F27-336_B1	NTC	27.48	M	spd06	140	Br1204|spd06	V13F27-336	8.6	47	140
Br1204	V13F27-336_B1	NTC	27.48	M	spd07	20	Br1204|spd07	V13F27-336	8.6	31	20
Br1214	V13M06-344_C1	NTC	61.13	M	spd02	214	Br1214|spd02	V13M06-344	9	33	214
Br1214	V13M06-344_C1	NTC	61.13	M	spd03	255	Br1214|spd03	V13M06-344	9	39	255
Br1214	V13M06-344_C1	NTC	61.13	M	spd05	196	Br1214|spd05	V13M06-344	9	20	196
Br1578	V13F27-296_B1	SCZ	42.06	M	spd02	453	Br1578|spd02	V13F27-296	7.8	89	453
Br1578	V13F27-296_B1	SCZ	42.06	M	spd03	64	Br1578|spd03	V13F27-296	7.8	13	64
Br1578	V13F27-296_B1	SCZ	42.06	M	spd05	172	Br1578|spd05	V13F27-296	7.8	10	172
Br1578	V13F27-296_B1	SCZ	42.06	M	spd06	86	Br1578|spd06	V13F27-296	7.8	19	86
Br1682	V13M06-340_C1	SCZ	41.33	M	spd02	163	Br1682|spd02	V13M06-340	9.1	125	163
Br1682	V13M06-340_C1	SCZ	41.33	M	spd03	109	Br1682|spd03	V13M06-340	9.1	71	109
Br1682	V13M06-340_C1	SCZ	41.33	M	spd05	131	Br1682|spd05	V13M06-340	9.1	51	131
Br1682	V13M06-340_C1	SCZ	41.33	M	spd06	25	Br1682|spd06	V13M06-340	9.1	22	25
Br1753	V13F27-296_C1	NTC	48.99	F	spd02	258	Br1753|spd02	V13F27-296	8.8	21	258
Br1923	V13F27-336_C1	SCZ	50.17	M	spd02	546	Br1923|spd02	V13F27-336	8.2	246	546
Br1923	V13F27-336_C1	SCZ	50.17	M	spd03	98	Br1923|spd03	V13F27-336	8.2	37	98
Br1923	V13F27-336_C1	SCZ	50.17	M	spd05	75	Br1923|spd05	V13F27-336	8.2	16	75
Br1923	V13F27-336_C1	SCZ	50.17	M	spd06	32	Br1923|spd06	V13F27-336	8.2	27	32
Br2242	V13M06-281_C1	SCZ	50.73	F	spd02	332	Br2242|spd02	V13M06-281	8.8	94	332
Br2242	V13M06-281_C1	SCZ	50.73	F	spd03	227	Br2242|spd03	V13M06-281	8.8	52	227
Br2242	V13M06-281_C1	SCZ	50.73	F	spd05	223	Br2242|spd05	V13M06-281	8.8	45	223
Br2242	V13M06-281_C1	SCZ	50.73	F	spd06	142	Br2242|spd06	V13M06-281	8.8	32	142
Br2378	V12F14-057_D1	SCZ	38.41	M	spd03	585	Br2378|spd03	V12F14-057	7.7	18	585
Br2421	V13F27-336_D1	SCZ	57.58	M	spd02	91	Br2421|spd02	V13F27-336	8.4	98	91
Br2421	V13F27-336_D1	SCZ	57.58	M	spd03	175	Br2421|spd03	V13F27-336	8.4	98	175
Br2421	V13F27-336_D1	SCZ	57.58	M	spd05	155	Br2421|spd05	V13F27-336	8.4	49	155
Br2421	V13F27-336_D1	SCZ	57.58	M	spd06	10	Br2421|spd06	V13F27-336	8.4	43	10
Br2470	V13M06-340_D1	SCZ	47.56	F	spd02	384	Br2470|spd02	V13M06-340	7.2	210	384
Br2470	V13M06-340_D1	SCZ	47.56	F	spd03	164	Br2470|spd03	V13M06-340	7.2	59	164
Br2470	V13M06-340_D1	SCZ	47.56	F	spd05	163	Br2470|spd05	V13M06-340	7.2	34	163
Br2470	V13M06-340_D1	SCZ	47.56	F	spd06	32	Br2470|spd06	V13M06-340	7.2	23	32
Br2627	V13F27-295_C1	SCZ	40.08	M	spd02	296	Br2627|spd02	V13F27-295	8.4	120	296
Br2627	V13F27-295_C1	SCZ	40.08	M	spd03	179	Br2627|spd03	V13F27-295	8.4	63	179
Br2627	V13F27-295_C1	SCZ	40.08	M	spd05	134	Br2627|spd05	V13F27-295	8.4	23	134
Br2627	V13F27-295_C1	SCZ	40.08	M	spd06	108	Br2627|spd06	V13F27-295	8.4	22	108
Br2627	V13F27-295_C1	SCZ	40.08	M	spd07	14	Br2627|spd07	V13F27-295	8.4	42	14
Br2720	V13M06-280_C1	NTC	48.23	F	spd02	251	Br2720|spd02	V13M06-280	7.5	83	251
Br2720	V13M06-280_C1	NTC	48.23	F	spd03	48	Br2720|spd03	V13M06-280	7.5	10	48
Br2720	V13M06-280_C1	NTC	48.23	F	spd05	82	Br2720|spd05	V13M06-280	7.5	16	82
Br2720	V13M06-280_C1	NTC	48.23	F	spd06	41	Br2720|spd06	V13M06-280	7.5	23	41
Br5182	V12F14-053_C1	NTC	42.05	M	spd02	345	Br5182|spd02	V12F14-053	7.5	18	345
Br5224	V13M06-342_A1	SCZ	46.06	M	spd02	653	Br5224|spd02	V13M06-342	6.7	227	653
Br5224	V13M06-342_A1	SCZ	46.06	M	spd03	295	Br5224|spd03	V13M06-342	6.7	68	295
Br5224	V13M06-342_A1	SCZ	46.06	M	spd05	312	Br5224|spd05	V13M06-342	6.7	69	312
Br5224	V13M06-342_A1	SCZ	46.06	M	spd06	129	Br5224|spd06	V13M06-342	6.7	58	129
Br5224	V13M06-342_A1	SCZ	46.06	M	spd07	10	Br5224|spd07	V13M06-342	6.7	73	10
Br5228	V13M06-344_D1	NTC	57.83	F	spd02	221	Br5228|spd02	V13M06-344	8.3	40	221
Br5228	V13M06-344_D1	NTC	57.83	F	spd03	520	Br5228|spd03	V13M06-344	8.3	96	520
Br5228	V13M06-344_D1	NTC	57.83	F	spd05	256	Br5228|spd05	V13M06-344	8.3	26	256
Br5228	V13M06-344_D1	NTC	57.83	F	spd06	54	Br5228|spd06	V13M06-344	8.3	10	54
Br5276	V13M06-343_A1	NTC	59.86	M	spd02	320	Br5276|spd02	V13M06-343	7.4	215	320
Br5276	V13M06-343_A1	NTC	59.86	M	spd03	147	Br5276|spd03	V13M06-343	7.4	68	147
Br5276	V13M06-343_A1	NTC	59.86	M	spd05	195	Br5276|spd05	V13M06-343	7.4	82	195
Br5276	V13M06-343_A1	NTC	59.86	M	spd06	142	Br5276|spd06	V13M06-343	7.4	62	142
Br5314	V13F27-294_C1	NTC	48.69	F	spd02	274	Br5314|spd02	V13F27-294	8	42	274
Br5314	V13F27-294_C1	NTC	48.69	F	spd03	208	Br5314|spd03	V13F27-294	8	37	208
Br5314	V13F27-294_C1	NTC	48.69	F	spd05	206	Br5314|spd05	V13F27-294	8	25	206
Br5314	V13F27-294_C1	NTC	48.69	F	spd06	55	Br5314|spd06	V13F27-294	8	14	55
Br5367	V12F14-053_D1	NTC	31.31	F	spd02	326	Br5367|spd02	V12F14-053	6.6	10	326
Br5373	V12D07-334_A1	SCZ	47.75	M	spd02	243	Br5373|spd02	V12D07-334	8.5	75	243
Br5373	V12D07-334_A1	SCZ	47.75	M	spd03	137	Br5373|spd03	V12D07-334	8.5	26	137
Br5373	V12D07-334_A1	SCZ	47.75	M	spd05	143	Br5373|spd05	V12D07-334	8.5	29	143
Br5373	V12D07-334_A1	SCZ	47.75	M	spd06	102	Br5373|spd06	V12D07-334	8.5	33	102
Br5395	V13M06-281_B1	NTC	51.61	M	spd02	212	Br5395|spd02	V13M06-281	8.9	64	212
Br5395	V13M06-281_B1	NTC	51.61	M	spd03	260	Br5395|spd03	V13M06-281	8.9	62	260
Br5395	V13M06-281_B1	NTC	51.61	M	spd05	242	Br5395|spd05	V13M06-281	8.9	55	242
Br5395	V13M06-281_B1	NTC	51.61	M	spd06	65	Br5395|spd06	V13M06-281	8.9	21	65
Br5400	V13M06-281_A1	NTC	52.69	F	spd02	516	Br5400|spd02	V13M06-281	8.4	101	516
Br5400	V13M06-281_A1	NTC	52.69	F	spd03	257	Br5400|spd03	V13M06-281	8.4	53	257
Br5400	V13M06-281_A1	NTC	52.69	F	spd05	375	Br5400|spd05	V13M06-281	8.4	53	375
Br5400	V13M06-281_A1	NTC	52.69	F	spd06	169	Br5400|spd06	V13M06-281	8.4	49	169
Br5400	V13M06-281_A1	NTC	52.69	F	spd07	10	Br5400|spd07	V13M06-281	8.4	80	10
Br5436	V13M06-282_D1	NTC	50.17	M	spd02	576	Br5436|spd02	V13M06-282	7.9	190	576
Br5436	V13M06-282_D1	NTC	50.17	M	spd03	133	Br5436|spd03	V13M06-282	7.9	35	133
Br5436	V13M06-282_D1	NTC	50.17	M	spd05	526	Br5436|spd05	V13M06-282	7.9	100	526
Br5436	V13M06-282_D1	NTC	50.17	M	spd06	189	Br5436|spd06	V13M06-282	7.9	45	189
Br5472	V12D07-334_B1	NTC	49.23	M	spd02	343	Br5472|spd02	V12D07-334	7.4	84	343
Br5472	V12D07-334_B1	NTC	49.23	M	spd03	315	Br5472|spd03	V12D07-334	7.4	57	315
Br5472	V12D07-334_B1	NTC	49.23	M	spd05	251	Br5472|spd05	V12D07-334	7.4	45	251
Br5472	V12D07-334_B1	NTC	49.23	M	spd06	127	Br5472|spd06	V12D07-334	7.4	30	127
Br5573	V13M06-343_C1	SCZ	43.99	M	spd02	446	Br5573|spd02	V13M06-343	6.8	166	446
Br5573	V13M06-343_C1	SCZ	43.99	M	spd03	163	Br5573|spd03	V13M06-343	6.8	77	163
Br5573	V13M06-343_C1	SCZ	43.99	M	spd05	356	Br5573|spd05	V13M06-343	6.8	105	356
Br5573	V13M06-343_C1	SCZ	43.99	M	spd06	149	Br5573|spd06	V13M06-343	6.8	59	149
Br5588	V13F27-293_C1	SCZ	40.43	F	spd02	365	Br5588|spd02	V13F27-293	8.5	159	365
Br5588	V13F27-293_C1	SCZ	40.43	F	spd03	93	Br5588|spd03	V13F27-293	8.5	33	93
Br5588	V13F27-293_C1	SCZ	40.43	F	spd05	168	Br5588|spd05	V13F27-293	8.5	33	168
Br5588	V13F27-293_C1	SCZ	40.43	F	spd06	48	Br5588|spd06	V13F27-293	8.5	45	48
Br5590	V13M06-280_A1	SCZ	51.95	F	spd02	421	Br5590|spd02	V13M06-280	8.8	123	421
Br5590	V13M06-280_A1	SCZ	51.95	F	spd03	108	Br5590|spd03	V13M06-280	8.8	22	108
Br5590	V13M06-280_A1	SCZ	51.95	F	spd05	212	Br5590|spd05	V13M06-280	8.8	35	212
Br5590	V13M06-280_A1	SCZ	51.95	F	spd06	230	Br5590|spd06	V13M06-280	8.8	35	230
Br5599	V13F27-293_B1	NTC	55.88	M	spd02	425	Br5599|spd02	V13F27-293	8.5	220	425
Br5599	V13F27-293_B1	NTC	55.88	M	spd03	63	Br5599|spd03	V13F27-293	8.5	24	63
Br5599	V13F27-293_B1	NTC	55.88	M	spd05	175	Br5599|spd05	V13F27-293	8.5	43	175
Br5599	V13F27-293_B1	NTC	55.88	M	spd06	66	Br5599|spd06	V13F27-293	8.5	38	66
Br5622	V13F27-293_A1	NTC	23.16	F	spd02	716	Br5622|spd02	V13F27-293	8.5	290	716
Br5622	V13F27-293_A1	NTC	23.16	F	spd03	112	Br5622|spd03	V13F27-293	8.5	25	112
Br5622	V13F27-293_A1	NTC	23.16	F	spd05	206	Br5622|spd05	V13F27-293	8.5	48	206
Br5622	V13F27-293_A1	NTC	23.16	F	spd06	219	Br5622|spd06	V13F27-293	8.5	60	219
Br5636	V13M06-280_B1	SCZ	33.59	M	spd02	282	Br5636|spd02	V13M06-280	9.6	149	282
Br5636	V13M06-280_B1	SCZ	33.59	M	spd03	206	Br5636|spd03	V13M06-280	9.6	41	206
Br5636	V13M06-280_B1	SCZ	33.59	M	spd05	360	Br5636|spd05	V13M06-280	9.6	109	360
Br5636	V13M06-280_B1	SCZ	33.59	M	spd06	75	Br5636|spd06	V13M06-280	9.6	27	75
Br5639	V13F27-294_D1	NTC	54.26	M	spd02	304	Br5639|spd02	V13F27-294	8.6	23	304
Br5639	V13F27-294_D1	NTC	54.26	M	spd03	151	Br5639|spd03	V13F27-294	8.6	10	151
Br5639	V13F27-294_D1	NTC	54.26	M	spd07	10	Br5639|spd07	V13F27-294	8.6	69	10
Br5746	V13F27-294_A1	SCZ	51.99	F	spd02	118	Br5746|spd02	V13F27-294	7.9	72	118
Br5746	V13F27-294_A1	SCZ	51.99	F	spd03	203	Br5746|spd03	V13F27-294	7.9	51	203
Br5746	V13F27-294_A1	SCZ	51.99	F	spd05	141	Br5746|spd05	V13F27-294	7.9	30	141
Br5746	V13F27-294_A1	SCZ	51.99	F	spd06	16	Br5746|spd06	V13F27-294	7.9	26	16
Br5789	V12D07-334_C1	SCZ	47.8	M	spd02	339	Br5789|spd02	V12D07-334	8.1	38	339
Br5789	V12D07-334_C1	SCZ	47.8	M	spd05	158	Br5789|spd05	V12D07-334	8.1	16	158
Br5789	V12D07-334_C1	SCZ	47.8	M	spd06	117	Br5789|spd06	V12D07-334	8.1	18	117
Br5888	V13M06-281_D1	SCZ	53.65	M	spd02	344	Br5888|spd02	V13M06-281	8.1	139	344
Br5888	V13M06-281_D1	SCZ	53.65	M	spd03	71	Br5888|spd03	V13M06-281	8.1	16	71
Br5888	V13M06-281_D1	SCZ	53.65	M	spd05	88	Br5888|spd05	V13M06-281	8.1	19	88
Br5888	V13M06-281_D1	SCZ	53.65	M	spd06	60	Br5888|spd06	V13M06-281	8.1	35	60
Br5928	V13F27-294_B1	SCZ	58.81	M	spd02	312	Br5928|spd02	V13F27-294	7.1	300	312
Br5928	V13F27-294_B1	SCZ	58.81	M	spd03	48	Br5928|spd03	V13F27-294	7.1	16	48
Br5931	V13M06-340_A1	NTC	49.03	F	spd02	307	Br5931|spd02	V13M06-340	8.8	157	307
Br5931	V13M06-340_A1	NTC	49.03	F	spd03	221	Br5931|spd03	V13M06-340	8.8	103	221
Br5931	V13M06-340_A1	NTC	49.03	F	spd05	247	Br5931|spd05	V13M06-340	8.8	84	247
Br5931	V13M06-340_A1	NTC	49.03	F	spd06	100	Br5931|spd06	V13M06-340	8.8	41	100
Br5973	V13M06-343_D1	SCZ	61.39	F	spd02	295	Br5973|spd02	V13M06-343	8.5	187	295
Br5973	V13M06-343_D1	SCZ	61.39	F	spd03	353	Br5973|spd03	V13M06-343	8.5	145	353
Br5973	V13M06-343_D1	SCZ	61.39	F	spd05	317	Br5973|spd05	V13M06-343	8.5	104	317
Br5973	V13M06-343_D1	SCZ	61.39	F	spd06	72	Br5973|spd06	V13M06-343	8.5	56	72
Br6032	V13F27-293_D1	SCZ	57.03	M	spd02	302	Br6032|spd02	V13F27-293	7.5	61	302
Br6032	V13F27-293_D1	SCZ	57.03	M	spd03	285	Br6032|spd03	V13F27-293	7.5	20	285
Br6032	V13F27-293_D1	SCZ	57.03	M	spd05	283	Br6032|spd05	V13F27-293	7.5	23	283
Br6032	V13F27-293_D1	SCZ	57.03	M	spd06	87	Br6032|spd06	V13F27-293	7.5	11	87
Br6257	V13M06-280_D1	NTC	45.44	M	spd02	362	Br6257|spd02	V13M06-280	7.7	158	362
Br6257	V13M06-280_D1	NTC	45.44	M	spd03	163	Br6257|spd03	V13M06-280	7.7	55	163
Br6257	V13M06-280_D1	NTC	45.44	M	spd05	135	Br6257|spd05	V13M06-280	7.7	35	135
Br6257	V13M06-280_D1	NTC	45.44	M	spd06	39	Br6257|spd06	V13M06-280	7.7	29	39
Br6297	V13M06-282_C1	NTC	36.67	F	spd02	246	Br6297|spd02	V13M06-282	7.5	141	246
Br6297	V13M06-282_C1	NTC	36.67	F	spd03	175	Br6297|spd03	V13M06-282	7.5	95	175
Br6297	V13M06-282_C1	NTC	36.67	F	spd05	123	Br6297|spd05	V13M06-282	7.5	63	123
Br6297	V13M06-282_C1	NTC	36.67	F	spd06	146	Br6297|spd06	V13M06-282	7.5	43	146
Br6369	V13M06-344_B1	SCZ	57.1	F	spd02	638	Br6369|spd02	V13M06-344	7	299	638
Br6369	V13M06-344_B1	SCZ	57.1	F	spd03	99	Br6369|spd03	V13M06-344	7	46	99
Br6369	V13M06-344_B1	SCZ	57.1	F	spd05	315	Br6369|spd05	V13M06-344	7	116	315
Br6369	V13M06-344_B1	SCZ	57.1	F	spd06	364	Br6369|spd06	V13M06-344	7	128	364
Br6369	V13M06-344_B1	SCZ	57.1	F	spd07	15	Br6369|spd07	V13M06-344	7	120	15
Br6389	V13F27-296_D1	NTC	58.81	M	spd02	236	Br6389|spd02	V13F27-296	7.1	75	236
Br6389	V13F27-296_D1	NTC	58.81	M	spd03	107	Br6389|spd03	V13F27-296	7.1	20	107
Br6389	V13F27-296_D1	NTC	58.81	M	spd05	134	Br6389|spd05	V13F27-296	7.1	15	134
Br6437	V13M06-282_B1	SCZ	40.76	M	spd02	264	Br6437|spd02	V13M06-282	7.1	138	264
Br6437	V13M06-282_B1	SCZ	40.76	M	spd03	171	Br6437|spd03	V13M06-282	7.1	70	171
Br6437	V13M06-282_B1	SCZ	40.76	M	spd05	212	Br6437|spd05	V13M06-282	7.1	57	212
Br6437	V13M06-282_B1	SCZ	40.76	M	spd06	32	Br6437|spd06	V13M06-282	7.1	57	32
Br6496	V13M06-344_A1	SCZ	38.1	M	spd02	234	Br6496|spd02	V13M06-344	7.1	116	234
Br6496	V13M06-344_A1	SCZ	38.1	M	spd03	150	Br6496|spd03	V13M06-344	7.1	57	150
Br6496	V13M06-344_A1	SCZ	38.1	M	spd05	184	Br6496|spd05	V13M06-344	7.1	63	184
Br6496	V13M06-344_A1	SCZ	38.1	M	spd06	28	Br6496|spd06	V13M06-344	7.1	55	28
Br6560	V13M06-282_A1	SCZ	48.58	F	spd02	392	Br6560|spd02	V13M06-282	7.4	138	392
Br6560	V13M06-282_A1	SCZ	48.58	F	spd03	166	Br6560|spd03	V13M06-282	7.4	34	166
Br6560	V13M06-282_A1	SCZ	48.58	F	spd05	379	Br6560|spd05	V13M06-282	7.4	62	379
Br6560	V13M06-282_A1	SCZ	48.58	F	spd06	37	Br6560|spd06	V13M06-282	7.4	32	37
Br8042	V13M06-279_B1	NTC	54.28	F	spd02	374	Br8042|spd02	V13M06-279	8.4	184	374
Br8042	V13M06-279_B1	NTC	54.28	F	spd03	236	Br8042|spd03	V13M06-279	8.4	85	236
Br8042	V13M06-279_B1	NTC	54.28	F	spd05	184	Br8042|spd05	V13M06-279	8.4	59	184
Br8042	V13M06-279_B1	NTC	54.28	F	spd06	51	Br8042|spd06	V13M06-279	8.4	27	51
Br8207	V13M06-342_B1	SCZ	35.26	F	spd02	398	Br8207|spd02	V13M06-342	6.9	111	398
Br8207	V13M06-342_B1	SCZ	35.26	F	spd03	374	Br8207|spd03	V13M06-342	6.9	100	374
Br8207	V13M06-342_B1	SCZ	35.26	F	spd05	348	Br8207|spd05	V13M06-342	6.9	71	348
Br8207	V13M06-342_B1	SCZ	35.26	F	spd06	114	Br8207|spd06	V13M06-342	6.9	25	114
Br8218	V13F27-336_A1	NTC	29.21	M	spd02	954	Br8218|spd02	V13F27-336	6.6	312	954
Br8218	V13F27-336_A1	NTC	29.21	M	spd05	83	Br8218|spd05	V13F27-336	6.6	24	83
Br8218	V13F27-336_A1	NTC	29.21	M	spd06	128	Br8218|spd06	V13F27-336	6.6	36	128
Br8218	V13F27-336_A1	NTC	29.21	M	spd07	32	Br8218|spd07	V13F27-336	6.6	100	32
Br8325	V13F27-295_B1	NTC	57.62	F	spd02	519	Br8325|spd02	V13F27-295	7.3	170	519
Br8325	V13F27-295_B1	NTC	57.62	F	spd03	141	Br8325|spd03	V13F27-295	7.3	51	141
Br8325	V13F27-295_B1	NTC	57.62	F	spd05	215	Br8325|spd05	V13F27-295	7.3	58	215
Br8325	V13F27-295_B1	NTC	57.62	F	spd06	244	Br8325|spd06	V13F27-295	7.3	69	244
Br8406	V13M06-340_B1	NTC	30.95	M	spd02	687	Br8406|spd02	V13M06-340	6.8	355	687
Br8406	V13M06-340_B1	NTC	30.95	M	spd03	74	Br8406|spd03	V13M06-340	6.8	19	74
Br8406	V13M06-340_B1	NTC	30.95	M	spd05	120	Br8406|spd05	V13M06-340	6.8	41	120
Br8406	V13M06-340_B1	NTC	30.95	M	spd06	264	Br8406|spd06	V13M06-340	6.8	79	264
Br8406	V13M06-340_B1	NTC	30.95	M	spd07	22	Br8406|spd07	V13M06-340	6.8	85	22
Br8433	V13M06-342_C1	NTC	47.95	M	spd02	619	Br8433|spd02	V13M06-342	6.8	136	619
Br8433	V13M06-342_C1	NTC	47.95	M	spd03	257	Br8433|spd03	V13M06-342	6.8	53	257
Br8433	V13M06-342_C1	NTC	47.95	M	spd05	213	Br8433|spd05	V13M06-342	6.8	45	213
Br8433	V13M06-342_C1	NTC	47.95	M	spd06	397	Br8433|spd06	V13M06-342	6.8	36	397
Br8433	V13M06-342_C1	NTC	47.95	M	spd07	10	Br8433|spd07	V13M06-342	6.8	94	10
Br8492	V13M06-343_B1	NTC	53.4	F	spd02	150	Br8492|spd02	V13M06-343	6.9	115	150
Br8492	V13M06-343_B1	NTC	53.4	F	spd03	195	Br8492|spd03	V13M06-343	6.9	78	195
Br8492	V13M06-343_B1	NTC	53.4	F	spd05	166	Br8492|spd05	V13M06-343	6.9	59	166
Br8492	V13M06-343_B1	NTC	53.4	F	spd06	21	Br8492|spd06	V13M06-343	6.9	49	21
Br8514	V13M06-279_D1	SCZ	43.45	F	spd02	281	Br8514|spd02	V13M06-279	6.3	191	281
Br8514	V13M06-279_D1	SCZ	43.45	F	spd03	68	Br8514|spd03	V13M06-279	6.3	29	68
Br8514	V13M06-279_D1	SCZ	43.45	F	spd05	108	Br8514|spd05	V13M06-279	6.3	42	108
Br8514	V13M06-279_D1	SCZ	43.45	F	spd06	120	Br8514|spd06	V13M06-279	6.3	74	120
Br8537	V13M06-279_C1	SCZ	55.35	F	spd02	457	Br8537|spd02	V13M06-279	7.2	156	457
Br8537	V13M06-279_C1	SCZ	55.35	F	spd05	87	Br8537|spd05	V13M06-279	7.2	22	87
Br8537	V13M06-279_C1	SCZ	55.35	F	spd06	80	Br8537|spd06	V13M06-279	7.2	14	80
Br8667	V13M06-342_D1	NTC	37.33	F	spd02	469	Br8667|spd02	V13M06-342	6.9	68	469
Br8667	V13M06-342_D1	NTC	37.33	F	spd03	251	Br8667|spd03	V13M06-342	6.9	38	251
Br8667	V13M06-342_D1	NTC	37.33	F	spd05	286	Br8667|spd05	V13M06-342	6.9	36	286
Br8667	V13M06-342_D1	NTC	37.33	F	spd06	361	Br8667|spd06	V13M06-342	6.9	29	361
Br8772	V13F27-295_D1	SCZ	57.8	F	spd02	311	Br8772|spd02	V13F27-295	7.8	121	311
Br8772	V13F27-295_D1	SCZ	57.8	F	spd03	175	Br8772|spd03	V13F27-295	7.8	53	175
Br8772	V13F27-295_D1	SCZ	57.8	F	spd05	182	Br8772|spd05	V13F27-295	7.8	44	182
Br8772	V13F27-295_D1	SCZ	57.8	F	spd06	158	Br8772|spd06	V13F27-295	7.8	34	158
