top,model_type,test,gene,stat,pval,fdr,ensembl,spatial_domain_resolution
1,enrichment,Sp09D01,CLDN5,26.1024206476852,2.0411312070845694e-75,2.4952829006608796e-71,ENSG00000184113,Sp09
2,enrichment,Sp09D01,TAGLN,25.3401913281202,5.751735634355008e-73,3.5157484064994995e-69,ENSG00000149591,Sp09
3,enrichment,Sp09D01,MYL9,22.9466375357204,4.471171372781709e-65,1.8220023344085496e-61,ENSG00000101335,Sp09
4,enrichment,Sp09D01,ACTA2,21.607700956213,1.5390508946597198e-60,4.7037242968037593e-57,ENSG00000107796,Sp09
5,enrichment,Sp09D01,A2M,20.7532109527258,1.3310413021701197e-57,3.254395983805949e-54,ENSG00000175899,Sp09
6,enrichment,Sp09D01,SLC2A1,20.4543756978723,1.4399188599247196e-56,2.9338346770966295e-53,ENSG00000117394,Sp09
7,enrichment,Sp09D01,EPAS1,20.2732868313387,6.119085399352549e-56,9.36729553196601e-53,ENSG00000116016,Sp09
8,enrichment,Sp09D01,HLA-E,20.2730654745123,6.129927546480828e-56,9.36729553196601e-53,ENSG00000204592,Sp09
9,enrichment,Sp09D01,HLA-B,20.0095365674834,5.05865107120811e-55,6.87133437172435e-52,ENSG00000234745,Sp09
10,enrichment,Sp09D01,HBA1,19.8769867177257,1.4655510304407896e-54,1.7916361347138695e-51,ENSG00000206172,Sp09
11,enrichment,Sp09D01,HBA2,19.7949577404496,2.8326874183673594e-54,3.148145789958269e-51,ENSG00000188536,Sp09
12,enrichment,Sp09D01,IFI27,19.2469728930535,2.3435098575577896e-52,2.3874506673870002e-49,ENSG00000165949,Sp09
13,enrichment,Sp09D01,FLNA,18.8821408819832,4.485019014157709e-51,4.21764288062138e-48,ENSG00000196924,Sp09
14,enrichment,Sp09D01,MYH11,18.5399803018253,7.200785399260069e-50,6.28782867899674e-47,ENSG00000133392,Sp09
15,enrichment,Sp09D01,COL1A2,18.3588863972185,3.1382020613413397e-49,2.5576346799931903e-46,ENSG00000164692,Sp09
16,enrichment,Sp09D01,TPM2,18.2765432550559,6.13237270272408e-49,4.68551601817512e-46,ENSG00000198467,Sp09
17,enrichment,Sp09D01,BGN,17.9476131565918,8.94021034475227e-48,6.4290630273292e-45,ENSG00000182492,Sp09
18,enrichment,Sp09D01,CRIP1,17.8384527368223,2.17788322321391e-47,1.4791456890994498e-44,ENSG00000213145,Sp09
19,enrichment,Sp09D01,VIM,17.7737486944069,3.69272071347858e-47,2.3759742485408196e-44,ENSG00000026025,Sp09
20,enrichment,Sp09D01,IFITM3,17.5917912333741,1.63155864418343e-46,9.972902212571218e-44,ENSG00000142089,Sp09
21,enrichment,Sp09D01,HBB,17.2965779570662,1.8222243450649798e-45,1.0607948865914e-42,ENSG00000244734,Sp09
22,enrichment,Sp09D01,MUSTN1,17.2017938916304,3.95674893428521e-45,2.1986934418925797e-42,ENSG00000272573,Sp09
23,enrichment,Sp09D01,C11orf96,17.1380342921903,6.666794304776149e-45,3.5435461032995e-42,ENSG00000187479,Sp09
24,enrichment,Sp09D01,MGP,17.1118772006513,8.258162803138339e-45,4.20650167784859e-42,ENSG00000111341,Sp09
25,enrichment,Sp09D01,SERPING1,16.9149758634042,4.1393351827915394e-44,2.02413490438506e-41,ENSG00000149131,Sp09
26,enrichment,Sp09D01,ADIRF,16.4234973117447,2.3205193444919598e-42,1.08685808774007e-39,ENSG00000148671,Sp09
27,enrichment,Sp09D01,FRZB,16.4193663895113,2.4004227704688697e-42,1.08685808774007e-39,ENSG00000162998,Sp09
28,enrichment,Sp09D01,B2M,16.1439446762511,2.29410448929072e-41,1.00162240648496e-38,ENSG00000166710,Sp09
29,enrichment,Sp09D01,IGFBP7,15.9370134904571,1.25062285560053e-40,5.272022210247071e-38,ENSG00000163453,Sp09
30,enrichment,Sp09D01,S100A4,15.8841859858594,1.9281028099514e-40,7.80378732461313e-38,ENSG00000196154,Sp09
31,enrichment,Sp09D01,DCN,15.8810140282003,1.97887449540292e-40,7.80378732461313e-38,ENSG00000011465,Sp09
32,enrichment,Sp09D01,COL18A1,15.7144112849042,7.748779787027309e-40,2.96027602801278e-37,ENSG00000182871,Sp09
33,enrichment,Sp09D01,TM4SF1,15.6653604069721,1.15807111865371e-39,4.29012709864898e-37,ENSG00000169908,Sp09
34,enrichment,Sp09D01,MFAP4,15.6308013177688,1.5369886303779e-39,5.52637823716759e-37,ENSG00000166482,Sp09
35,enrichment,Sp09D01,C7,15.6023619252519,1.94012401796296e-39,6.77657603417063e-37,ENSG00000112936,Sp09
36,enrichment,Sp09D01,S100A6,15.5648856229339,2.63707173170415e-39,8.955056088912011e-37,ENSG00000197956,Sp09
37,enrichment,Sp09D01,FBLN5,15.4241224232583,8.34939733713233e-39,2.75868601206602e-36,ENSG00000140092,Sp09
38,enrichment,Sp09D01,CALD1,15.086732927674,1.31938237377383e-37,4.2445919787855596e-35,ENSG00000122786,Sp09
12225,enrichment,Sp09D01,RNF25,-14.7606217264279,1.89331629970206e-36,5.934818400989159e-34,ENSG00000163481,Sp09
39,enrichment,Sp09D01,HLA-C,14.3879034646422,3.94911418026528e-35,1.20694802134358e-32,ENSG00000204525,Sp09
40,enrichment,Sp09D01,TIMP3,14.156178141617,2.59877102470601e-34,7.74877457976366e-32,ENSG00000100234,Sp09
41,enrichment,Sp09D01,NOTCH3,14.0425690872679,6.536000263494e-34,1.9024429338384297e-31,ENSG00000074181,Sp09
42,enrichment,Sp09D01,MRGPRF,13.8738702315959,2.5658866170792398e-33,7.294875324138059e-31,ENSG00000172935,Sp09
12224,enrichment,Sp09D01,GDI1,-13.8240948096062,3.83948824353933e-33,1.0667669040288298e-30,ENSG00000203879,Sp09
43,enrichment,Sp09D01,DUSP1,13.8092711600072,4.32894557403369e-33,1.1760302142791499e-30,ENSG00000120129,Sp09
44,enrichment,Sp09D01,ANXA2,13.7864080925896,5.20875959044097e-33,1.3842844781117598e-30,ENSG00000182718,Sp09
45,enrichment,Sp09D01,LMOD1,13.6963598318407,1.07895211163384e-32,2.8064233116433498e-30,ENSG00000163431,Sp09
12223,enrichment,Sp09D01,PRKACB,-13.6352722346187,1.76750778626587e-32,4.50162139314589e-30,ENSG00000142875,Sp09
46,enrichment,Sp09D01,IFITM2,13.530584361396,4.11469902441929e-32,1.02657541986787e-29,ENSG00000185201,Sp09
12222,enrichment,Sp09D01,PRNP,-13.5069902820494,4.9771160945143e-32,1.21690488510875e-29,ENSG00000171867,Sp09
47,enrichment,Sp09D01,OGN,13.4923853570187,5.59911805150832e-32,1.34214153293508e-29,ENSG00000106809,Sp09
48,enrichment,Sp09D01,FMOD,13.3850725967857,1.32919490682836e-31,3.12488610307244e-29,ENSG00000122176,Sp09
12221,enrichment,Sp09D01,TPST1,-13.3632686563603,1.5841983717392599e-31,3.65411794236084e-29,ENSG00000169902,Sp09
49,enrichment,Sp09D01,COL6A2,13.3193968580763,2.2547750141899e-31,5.1045601015688e-29,ENSG00000142173,Sp09
12220,enrichment,Sp09D01,SYT11,-13.2933928011759,2.7791981010552797e-31,6.177399415527419e-29,ENSG00000132718,Sp09
50,enrichment,Sp09D01,YBX3,13.1304298762608,1.02862637511026e-30,2.24552811352194e-28,ENSG00000060138,Sp09
12218,enrichment,Sp09D01,TSEN15,-13.0144169692145,2.60608112975005e-30,5.49298996744731e-28,ENSG00000198860,Sp09
12219,enrichment,Sp09D01,DOK4,-13.0155851444854,2.5818224001152597e-30,5.49298996744731e-28,ENSG00000125170,Sp09
12217,enrichment,Sp09D01,SARAF,-12.9387629690043,4.7737458640231e-30,9.891363252149559e-28,ENSG00000133872,Sp09
51,enrichment,Sp09D01,ESAM,12.9293983700532,5.14487724757478e-30,1.04826873919336e-27,ENSG00000149564,Sp09
12216,enrichment,Sp09D01,DNAJC30,-12.8799492091378,7.638123498665469e-30,1.53075507821615e-27,ENSG00000176410,Sp09
52,enrichment,Sp09D01,TINAGL1,12.8630646000249,8.740794126082589e-30,1.7234872288928998e-27,ENSG00000142910,Sp09
53,enrichment,Sp09D01,CAVIN1,12.8268788108806,1.16681879941712e-29,2.26418409886893e-27,ENSG00000177469,Sp09
54,enrichment,Sp09D01,JAG1,12.8001297829871,1.44440330198094e-29,2.75903599479952e-27,ENSG00000101384,Sp09
12215,enrichment,Sp09D01,JARID2,-12.7738167421417,1.78163988276975e-29,3.35085347182464e-27,ENSG00000008083,Sp09
55,enrichment,Sp09D01,ITIH2,12.7709263143116,1.8231730681872199e-29,3.37701375130132e-27,ENSG00000151655,Sp09
12214,enrichment,Sp09D01,B3GALT1,-12.7558314595309,2.05629147330667e-29,3.75196466584688e-27,ENSG00000172318,Sp09
56,enrichment,Sp09D01,SRGN,12.6689332880553,4.10806614492533e-29,7.38545715025178e-27,ENSG00000122862,Sp09
12213,enrichment,Sp09D01,ADAMTSL2,-12.6524100667653,4.68523360908048e-29,8.30101172043607e-27,ENSG00000197859,Sp09
12212,enrichment,Sp09D01,TGFBRAP1,-12.6232401891809,5.90854566472641e-29,1.03188529644686e-26,ENSG00000135966,Sp09
12211,enrichment,Sp09D01,SRD5A3,-12.541927469424,1.1272717226053299e-28,1.94097138152819e-26,ENSG00000128039,Sp09
57,enrichment,Sp09D01,CYP1B1,12.5276719688434,1.26231513015228e-28,2.14330589807106e-26,ENSG00000138061,Sp09
58,enrichment,Sp09D01,CNN2,12.4381324101851,2.5674099177464e-28,4.29953236225338e-26,ENSG00000064666,Sp09
59,enrichment,Sp09D01,CFH,12.3990788415058,3.49784344976319e-28,5.77853191531824e-26,ENSG00000000971,Sp09
60,enrichment,Sp09D01,TAGLN2,12.3880788555584,3.8160127008291598e-28,6.22010070235154e-26,ENSG00000158710,Sp09
12210,enrichment,Sp09D01,C17orf97,-12.355108444603,4.95318758656389e-28,7.96746292707152e-26,ENSG00000187624,Sp09
12209,enrichment,Sp09D01,ZNF385B,-12.2881091621553,8.41063549430921e-28,1.3353249210120798e-25,ENSG00000144331,Sp09
61,enrichment,Sp09D01,ZFP36,12.2695911430224,9.73476024923276e-28,1.5257364621393598e-25,ENSG00000128016,Sp09
12208,enrichment,Sp09D01,AC104825.1,-12.2027915114061,1.64877703990936e-27,2.5514302927711397e-25,ENSG00000251615,Sp09
12207,enrichment,Sp09D01,SAC3D1,-12.1282006015626,2.96680364806976e-27,4.5336468247066e-25,ENSG00000168061,Sp09
12206,enrichment,Sp09D01,CSMD2,-12.1247942574504,3.04739980646511e-27,4.59931637457234e-25,ENSG00000121904,Sp09
12205,enrichment,Sp09D01,UBE2S,-12.087318473997,4.09201311420777e-27,6.10059272209634e-25,ENSG00000108106,Sp09
12204,enrichment,Sp09D01,TSEN2,-12.0673654106798,4.78681290063325e-27,7.05045635063151e-25,ENSG00000154743,Sp09
12203,enrichment,Sp09D01,METTL6,-12.040656101814,5.90430458685649e-27,8.59287185408579e-25,ENSG00000206562,Sp09
12202,enrichment,Sp09D01,MANEAL,-11.9826132247779,9.31091134340258e-27,1.33912813144819e-24,ENSG00000185090,Sp09
12201,enrichment,Sp09D01,UBE2M,-11.9781509773228,9.6424912565161e-27,1.3706913443129e-24,ENSG00000130725,Sp09
12200,enrichment,Sp09D01,RTN3,-11.9288381977194,1.41913894321491e-26,1.99413489434508e-24,ENSG00000133318,Sp09
12199,enrichment,Sp09D01,CHERP,-11.9146454922693,1.58596085940944e-26,2.20322403480459e-24,ENSG00000085872,Sp09
12198,enrichment,Sp09D01,PTOV1,-11.9075061847225,1.6771271412171599e-26,2.30369430352582e-24,ENSG00000104960,Sp09
12197,enrichment,Sp09D01,C12orf66,-11.8958555694542,1.8372520485976298e-26,2.49560069934511e-24,ENSG00000174206,Sp09
62,enrichment,Sp09D01,TBX18,11.8917592877754,1.89709952682132e-26,2.5485760126803e-24,ENSG00000112837,Sp09
12196,enrichment,Sp09D01,HAUS2,-11.8819451160545,2.0485107135508299e-26,2.72206994273466e-24,ENSG00000137814,Sp09
12195,enrichment,Sp09D01,SLC8A3,-11.8742091009531,2.17630204582292e-26,2.86078414088012e-24,ENSG00000100678,Sp09
12194,enrichment,Sp09D01,GNAO1,-11.85555825642,2.51802123129749e-26,3.27476697368211e-24,ENSG00000087258,Sp09
12193,enrichment,Sp09D01,PRKCZ,-11.8080643301164,3.64938876219191e-26,4.69618711766275e-24,ENSG00000067606,Sp09
63,enrichment,Sp09D01,CXCL12,11.7937475667497,4.0809675253791597e-26,5.19685708310003e-24,ENSG00000107562,Sp09
12192,enrichment,Sp09D01,BEX4,-11.7903098491413,4.19195460868543e-26,5.28315928775046e-24,ENSG00000102409,Sp09
12191,enrichment,Sp09D01,RASAL1,-11.756678940517,5.44963038872796e-26,6.79813586757136e-24,ENSG00000111344,Sp09
64,enrichment,Sp09D01,FXYD5,11.6979342613382,8.613346057251279e-26,1.0636177328272399e-23,ENSG00000089327,Sp09
12190,enrichment,Sp09D01,CAND2,-11.6767780626959,1.01553333134325e-25,1.24148949756712e-23,ENSG00000144712,Sp09
1,enrichment,Sp09D02,MT-ATP8,14.5289842708756,1.2512947007108198e-35,1.5297077716189798e-31,ENSG00000228253,Sp09
2,enrichment,Sp09D02,MT-ND2,14.1380625023274,3.0094883696616e-34,1.8395497659556497e-30,ENSG00000198763,Sp09
3,enrichment,Sp09D02,MT-ND1,13.8311507824316,3.62496194452206e-33,1.47717199239274e-29,ENSG00000198888,Sp09
4,enrichment,Sp09D02,C1orf61,13.6274953112458,1.88140710032408e-32,5.75005045036548e-29,ENSG00000125462,Sp09
5,enrichment,Sp09D02,CXCL14,13.5514745735582,3.47530994863664e-32,8.49713282441657e-29,ENSG00000145824,Sp09
6,enrichment,Sp09D02,MT-ND6,13.4454487627072,8.170694699046999e-32,1.46302446308756e-28,ENSG00000198695,Sp09
7,enrichment,Sp09D02,MT-ND5,13.442350329573,8.37723618945842e-32,1.46302446308756e-28,ENSG00000198786,Sp09
8,enrichment,Sp09D02,MT-ND4L,12.9877310749246,3.2256195195838e-30,4.92914982836399e-27,ENSG00000212907,Sp09
9,enrichment,Sp09D02,MTRNR2L12,12.7224006905353,2.68311393065176e-29,3.6445630891353096e-26,ENSG00000269028,Sp09
10,enrichment,Sp09D02,MT-ND4,12.7002146436647,3.20164215457828e-29,3.68940742721059e-26,ENSG00000198886,Sp09
11,enrichment,Sp09D02,MT3,12.6956661822138,3.31971220444307e-29,3.68940742721059e-26,ENSG00000087250,Sp09
12,enrichment,Sp09D02,SCG3,12.4657742577047,2.0618128644104e-28,2.10047185561809e-25,ENSG00000104112,Sp09
13,enrichment,Sp09D02,RELN,12.2011780862461,1.66944205566822e-27,1.5699176254264601e-24,ENSG00000189056,Sp09
14,enrichment,Sp09D02,CST3,12.1877777148583,1.85539091610418e-27,1.62015385352669e-24,ENSG00000101439,Sp09
15,enrichment,Sp09D02,MT-CO1,12.1676365342867,2.17442682554576e-27,1.77215786281979e-24,ENSG00000198804,Sp09
16,enrichment,Sp09D02,AHCYL1,11.6750899193392,1.02872685228105e-25,7.86011610570988e-23,ENSG00000168710,Sp09
17,enrichment,Sp09D02,MT1G,11.6289318779045,1.4729914930034e-25,1.05925417658627e-22,ENSG00000125144,Sp09
18,enrichment,Sp09D02,MT-ATP6,11.4484292668007,5.969943652533659e-25,4.0545867306791097e-22,ENSG00000198899,Sp09
19,enrichment,Sp09D02,AL627171.2,11.3881374015839,9.512435949693339e-25,6.12050155184217e-22,ENSG00000282885,Sp09
20,enrichment,Sp09D02,FABP7,11.1959191723246,4.17757932337143e-24,2.55354536141078e-21,ENSG00000164434,Sp09
21,enrichment,Sp09D02,CLU,11.1565020298102,5.65253322796495e-24,3.29058184342245e-21,ENSG00000120885,Sp09
22,enrichment,Sp09D02,MT-CYB,11.1085461135084,8.161887310171199e-24,4.5354123803110405e-21,ENSG00000198727,Sp09
23,enrichment,Sp09D02,ENHO,11.0320167900392,1.4652028790859698e-23,7.78787182470696e-21,ENSG00000168913,Sp09
24,enrichment,Sp09D02,MT-ND3,10.9285187017031,3.22513378737961e-23,1.64280252294649e-20,ENSG00000198840,Sp09
25,enrichment,Sp09D02,ALDH2,10.8804948073887,4.6466480559876696e-23,2.2722108993779698e-20,ENSG00000111275,Sp09
26,enrichment,Sp09D02,AP1S2,10.8430988874495,6.17242564564335e-23,2.9022270583842296e-20,ENSG00000182287,Sp09
27,enrichment,Sp09D02,GSTM5,10.7873343354407,9.41997971978366e-23,4.26515748423538e-20,ENSG00000134201,Sp09
28,enrichment,Sp09D02,LINC00632,10.7316248531685,1.4358421660350798e-22,6.26898945706387e-20,ENSG00000203930,Sp09
29,enrichment,Sp09D02,MT-CO3,10.594025629994,4.05217658963626e-22,1.7082020278725298e-19,ENSG00000198938,Sp09
30,enrichment,Sp09D02,SLC1A2,10.5097406851645,7.63072821659049e-22,3.1095217482606196e-19,ENSG00000110436,Sp09
31,enrichment,Sp09D02,MTRNR2L10,10.4343663032389,1.3416646966607501e-21,5.290919650541189e-19,ENSG00000256045,Sp09
32,enrichment,Sp09D02,AGT,10.3970025613596,1.77365099415295e-21,6.7759010635999495e-19,ENSG00000135744,Sp09
33,enrichment,Sp09D02,MT-CO2,10.3556880027747,2.41381996147572e-21,8.942105766375969e-19,ENSG00000198712,Sp09
34,enrichment,Sp09D02,NTRK2,10.3159994317114,3.24391102678867e-21,1.16637683242622e-18,ENSG00000148053,Sp09
35,enrichment,Sp09D02,SNORC,10.2965759529066,3.74814193034814e-21,1.3091724313858898e-18,ENSG00000182600,Sp09
36,enrichment,Sp09D02,METRN,10.2168547437412,6.77390208972673e-21,2.3003042513030297e-18,ENSG00000103260,Sp09
37,enrichment,Sp09D02,ATP1A2,10.1681804075343,9.71302042686461e-21,3.20923445184919e-18,ENSG00000018625,Sp09
38,enrichment,Sp09D02,MAN1A2,10.0970980631333,1.6419289082529698e-20,5.28225813247173e-18,ENSG00000198162,Sp09
39,enrichment,Sp09D02,FAM107A,9.86683248456108,8.89549094229908e-20,2.7883942761437504e-17,ENSG00000168309,Sp09
40,enrichment,Sp09D02,SPARC,9.85687013061822,9.566423589735039e-20,2.92373820961277e-17,ENSG00000113140,Sp09
41,enrichment,Sp09D02,MT2A,9.71339770916473,2.71610820827654e-19,8.09863971858067e-17,ENSG00000125148,Sp09
42,enrichment,Sp09D02,AL031056.1,9.69168910631636,3.1787496131785296e-19,9.25243190978749e-17,ENSG00000228408,Sp09
43,enrichment,Sp09D02,SLC1A3,9.50059100609583,1.2603978342212699e-18,3.58334035426861e-16,ENSG00000079215,Sp09
44,enrichment,Sp09D02,MSX1,9.4780371700598,1.4816480201653298e-18,4.1166243287548e-16,ENSG00000163132,Sp09
45,enrichment,Sp09D02,S100A13,9.44414596513433,1.8886002565260198e-18,5.10123283268487e-16,ENSG00000189171,Sp09
46,enrichment,Sp09D02,MLC1,9.44187878264472,1.9194822928712e-18,5.10123283268487e-16,ENSG00000100427,Sp09
47,enrichment,Sp09D02,AQP4,9.30245682669606,5.18556009091892e-18,1.34879727896774e-15,ENSG00000171885,Sp09
48,enrichment,Sp09D02,GLUL,9.29000851361632,5.66474646192289e-18,1.44274011452099e-15,ENSG00000135821,Sp09
49,enrichment,Sp09D02,MT1E,9.27254364508439,6.41197152606694e-18,1.5997214674728202e-15,ENSG00000169715,Sp09
50,enrichment,Sp09D02,FAM167A,9.06769534155053,2.7188958163395802e-17,6.647700270950271e-15,ENSG00000154319,Sp09
51,enrichment,Sp09D02,CPE,8.98726820675125,4.77296740948857e-17,1.14410836433329e-14,ENSG00000109472,Sp09
52,enrichment,Sp09D02,ID4,8.97963774717115,5.0340508472269405e-17,1.1834859924490301e-14,ENSG00000172201,Sp09
53,enrichment,Sp09D02,SOX2,8.97169013359049,5.32105029660387e-17,1.22735546935816e-14,ENSG00000181449,Sp09
54,enrichment,Sp09D02,PON2,8.96024441160612,5.76310466674019e-17,1.3047028620536801e-14,ENSG00000105854,Sp09
55,enrichment,Sp09D02,FAT1,8.90891850474719,8.237541885432891e-17,1.7996307632427902e-14,ENSG00000083857,Sp09
56,enrichment,Sp09D02,DBI,8.90881084624965,8.24370738172566e-17,1.7996307632427902e-14,ENSG00000155368,Sp09
57,enrichment,Sp09D02,SLC6A1,8.88810678566696,9.518601256645371e-17,2.0414894800436802e-14,ENSG00000157103,Sp09
58,enrichment,Sp09D02,PLCG2,8.88245142417256,9.89962023749411e-17,2.0866009897132e-14,ENSG00000197943,Sp09
59,enrichment,Sp09D02,SLC25A23,8.77259505926159,2.11642059475554e-16,4.38529521540448e-14,ENSG00000125648,Sp09
60,enrichment,Sp09D02,MALAT1,8.76562803157618,2.22052933679247e-16,4.52432852371465e-14,ENSG00000251562,Sp09
61,enrichment,Sp09D02,MT1F,8.6693844161376,4.30173092056077e-16,8.62109188587793e-14,ENSG00000198417,Sp09
62,enrichment,Sp09D02,MTRNR2L8,8.61452608803993,6.26005947679673e-16,1.23434237264258e-13,ENSG00000255823,Sp09
63,enrichment,Sp09D02,GJA1,8.605642434803,6.651375328498609e-16,1.2906835458872299e-13,ENSG00000152661,Sp09
64,enrichment,Sp09D02,LGALS3,8.59796728242001,7.00890839534925e-16,1.33881101770538e-13,ENSG00000131981,Sp09
65,enrichment,Sp09D02,MT1H,8.54582500468653,9.996300953373901e-16,1.88007352546148e-13,ENSG00000205358,Sp09
66,enrichment,Sp09D02,EMX2,8.47595959440806,1.6055887638110302e-15,2.97398827842271e-13,ENSG00000170370,Sp09
67,enrichment,Sp09D02,ADGRV1,8.46087071723451,1.7781084746506102e-15,3.24438449292593e-13,ENSG00000164199,Sp09
68,enrichment,Sp09D02,GPR37L1,8.43221897529271,2.1577620410777e-15,3.8792119047315996e-13,ENSG00000170075,Sp09
69,enrichment,Sp09D02,RAB31,8.41568697115556,2.41226948379772e-15,4.2739122375981297e-13,ENSG00000168461,Sp09
70,enrichment,Sp09D02,DLGAP1-AS1,8.41113983082327,2.48734012613932e-15,4.34396186315046e-13,ENSG00000177337,Sp09
71,enrichment,Sp09D02,APOE,8.37018074623862,3.27673333776594e-15,5.64198099354769e-13,ENSG00000130203,Sp09
72,enrichment,Sp09D02,RPS24,8.32503761323255,4.436059695451791e-15,7.44611466164049e-13,ENSG00000138326,Sp09
73,enrichment,Sp09D02,SLC39A12,8.32469176661123,4.44635067729862e-15,7.44611466164049e-13,ENSG00000148482,Sp09
74,enrichment,Sp09D02,MTRNR2L1,8.2393678433558,7.86241073705706e-15,1.29889150352057e-12,ENSG00000256618,Sp09
75,enrichment,Sp09D02,ADD3,8.20686472664582,9.7606277451995e-15,1.59098232246752e-12,ENSG00000148700,Sp09
76,enrichment,Sp09D02,MT1M,8.10733426265669,1.88696280109341e-14,3.03527897939038e-12,ENSG00000205364,Sp09
77,enrichment,Sp09D02,PRDX6,8.10369010516476,1.93289009023876e-14,3.0687767991128298e-12,ENSG00000117592,Sp09
78,enrichment,Sp09D02,CDK2AP1,8.09569326122555,2.0375857100369902e-14,3.19352375707721e-12,ENSG00000111328,Sp09
79,enrichment,Sp09D02,EZR,8.08686140454139,2.15974021732277e-14,3.34212964009758e-12,ENSG00000092820,Sp09
80,enrichment,Sp09D02,LINC01411,7.9985374076294,3.85826220760671e-14,5.89590693599901e-12,ENSG00000249306,Sp09
81,enrichment,Sp09D02,FXYD1,7.99264260763945,4.0100734027958904e-14,6.0522404134789795e-12,ENSG00000266964,Sp09
82,enrichment,Sp09D02,RGS12,7.92492254502505,6.239926662245e-14,9.30281749340794e-12,ENSG00000159788,Sp09
83,enrichment,Sp09D02,LRP4,7.88378577478742,8.15373694105249e-14,1.2009570374020099e-11,ENSG00000134569,Sp09
84,enrichment,Sp09D02,GPM6B,7.87733174812404,8.502594904856081e-14,1.2374312227603e-11,ENSG00000046653,Sp09
85,enrichment,Sp09D02,CNR1,7.87294121583287,8.748305811199051e-14,1.2582122181401e-11,ENSG00000118432,Sp09
86,enrichment,Sp09D02,MYBPC1,7.84150217752188,1.07250434614862e-13,1.52457739903103e-11,ENSG00000196091,Sp09
87,enrichment,Sp09D02,METTL7A,7.7747296633132,1.6504706305047e-13,2.3191957997609198e-11,ENSG00000185432,Sp09
88,enrichment,Sp09D02,GFAP,7.74908794854061,1.94645259223151e-13,2.7040207886398002e-11,ENSG00000131095,Sp09
89,enrichment,Sp09D02,SLC3A2,7.74077168567164,2.05327276920344e-13,2.82036624758562e-11,ENSG00000168003,Sp09
90,enrichment,Sp09D02,NDRG2,7.70095161393841,2.6505644989001997e-13,3.6003501110061095e-11,ENSG00000165795,Sp09
91,enrichment,Sp09D02,RPS21,7.67220641196899,3.1854690423617e-13,4.27938011460129e-11,ENSG00000171858,Sp09
92,enrichment,Sp09D02,FADS2,7.64498362676511,3.78977038631784e-13,4.98171429814361e-11,ENSG00000134824,Sp09
12225,enrichment,Sp09D02,AK5,-7.6456798296076,3.77298971123156e-13,4.98171429814361e-11,ENSG00000154027,Sp09
93,enrichment,Sp09D02,RGR,7.64163140592948,3.87160686265117e-13,5.035148286798989e-11,ENSG00000148604,Sp09
12224,enrichment,Sp09D02,SLC24A2,-7.61997854195533,4.44388428693742e-13,5.7185774113484096e-11,ENSG00000155886,Sp09
94,enrichment,Sp09D02,PHYHD1,7.54806996280828,7.01208744866246e-13,8.929455110406101e-11,ENSG00000175287,Sp09
95,enrichment,Sp09D02,ACBD7,7.53286501072638,7.71940874758365e-13,9.7288424679598e-11,ENSG00000176244,Sp09
96,enrichment,Sp09D02,MSI2,7.51953783663481,8.396990359727399e-13,1.04748170558844e-10,ENSG00000153944,Sp09
12223,enrichment,Sp09D02,STMN1,-7.48301100191846,1.05697672401458e-12,1.30520610616952e-10,ENSG00000117632,Sp09
97,enrichment,Sp09D02,ATP1B2,7.47623443448915,1.1029955117936098e-12,1.34841201316769e-10,ENSG00000129244,Sp09
1,enrichment,Sp09D03,HPCAL1,11.2767597470559,2.23838136305646e-24,2.73642121633653e-20,ENSG00000115756,Sp09
12225,enrichment,Sp09D03,LGALS1,-10.0040004355175,3.25181319619353e-20,1.9876708161733e-16,ENSG00000100097,Sp09
2,enrichment,Sp09D03,CAMK2N1,9.84780717059034,1.0202388551214199e-19,4.15747333461978e-16,ENSG00000162545,Sp09
3,enrichment,Sp09D03,ARPP19,9.60567887476972,5.90883510537345e-19,1.80588772907976e-15,ENSG00000128989,Sp09
4,enrichment,Sp09D03,LINC02714,9.44101399609352,1.9284333471077598e-18,4.71501953367847e-15,ENSG00000251226,Sp09
5,enrichment,Sp09D03,RASGRF2,9.30847202339405,4.9613818994006494e-18,1.01088156200288e-14,ENSG00000113319,Sp09
6,enrichment,Sp09D03,GNAL,9.18923807625114,1.15443192978252e-17,2.0161329059416202e-14,ENSG00000141404,Sp09
7,enrichment,Sp09D03,C1QL2,9.1060808861304,2.07381209229716e-17,3.16904410354159e-14,ENSG00000144119,Sp09
8,enrichment,Sp09D03,EGR3,8.34322942182896,3.92273704461613e-15,5.3283844856035795e-12,ENSG00000179388,Sp09
9,enrichment,Sp09D03,LAMP5,8.23264735606872,8.214305343654251e-15,1.00419882826173e-11,ENSG00000125869,Sp09
10,enrichment,Sp09D03,SLCO2A1,8.14882317265563,1.43305242669111e-14,1.5926423560271598e-11,ENSG00000174640,Sp09
11,enrichment,Sp09D03,GPR83,7.95067326121305,5.27107375872115e-14,5.369906391697179e-11,ENSG00000123901,Sp09
12,enrichment,Sp09D03,PENK,7.93359750186549,5.8919963979588e-14,5.5407427665420197e-11,ENSG00000181195,Sp09
13,enrichment,Sp09D03,PCDH8,7.91029478610335,6.85746298510357e-14,5.98803464234936e-11,ENSG00000136099,Sp09
14,enrichment,Sp09D03,ENC1,7.85901822109215,9.566908610247321e-14,7.797030517351569e-11,ENSG00000171617,Sp09
15,enrichment,Sp09D03,CALB1,7.69135152869606,2.81635090239719e-13,2.15186811136285e-10,ENSG00000104327,Sp09
16,enrichment,Sp09D03,LTK,7.64571138336775,3.76938660171954e-13,2.58003067345686e-10,ENSG00000062524,Sp09
17,enrichment,Sp09D03,NEUROD1,7.64449123262026,3.7988181695070297e-13,2.58003067345686e-10,ENSG00000162992,Sp09
18,enrichment,Sp09D03,ITPKA,7.6284733125501,4.20689325296237e-13,2.70680368512974e-10,ENSG00000137825,Sp09
19,enrichment,Sp09D03,HOPX,7.55171799135005,6.84718547399345e-13,4.1853421209784903e-10,ENSG00000171476,Sp09
20,enrichment,Sp09D03,CALB2,7.49346250710902,9.88994879766744e-13,5.75736305007069e-10,ENSG00000172137,Sp09
21,enrichment,Sp09D03,CYP46A1,7.46158825800948,1.20847877829768e-12,6.715296847585971e-10,ENSG00000036530,Sp09
22,enrichment,Sp09D03,LINC00507,7.39439171498597,1.8407179591345097e-12,9.78381610887798e-10,ENSG00000256193,Sp09
23,enrichment,Sp09D03,AC103681.2,7.36485158656684,2.21308047102124e-12,1.1272878649264401e-9,ENSG00000254664,Sp09
24,enrichment,Sp09D03,PPP3CA,7.33987004040631,2.58525274346446e-12,1.26418859155412e-9,ENSG00000138814,Sp09
25,enrichment,Sp09D03,ATP2B1,7.31048373859723,3.1026036478103497e-12,1.44495428370771e-9,ENSG00000070961,Sp09
26,enrichment,Sp09D03,AC122707.1,7.30593589642602,3.1913100744464798e-12,1.44495428370771e-9,ENSG00000248285,Sp09
27,enrichment,Sp09D03,ART3,7.28580914734714,3.61486373907695e-12,1.5782753289362802e-9,ENSG00000156219,Sp09
28,enrichment,Sp09D03,SOWAHA,7.26585287912137,4.0894315805413495e-12,1.7239069335213102e-9,ENSG00000198944,Sp09
29,enrichment,Sp09D03,FREM3,7.23102874112716,5.06899409152332e-12,2.06561509229575e-9,ENSG00000183090,Sp09
30,enrichment,Sp09D03,SERPINE2,7.21154387552594,5.71449062044262e-12,2.2535370269326102e-9,ENSG00000135919,Sp09
31,enrichment,Sp09D03,DDRGK1,7.15849444868639,7.911314308693889e-12,3.02236929449321e-9,ENSG00000198171,Sp09
32,enrichment,Sp09D03,CARTPT,7.1445364849155,8.61603745947184e-12,3.1918502406679803e-9,ENSG00000164326,Sp09
33,enrichment,Sp09D03,NCDN,7.12578682909075,9.66085099314614e-12,3.4736442173885803e-9,ENSG00000020129,Sp09
34,enrichment,Sp09D03,STXBP6,7.09701434228167,1.1511480171939099e-11,4.0207955743416e-9,ENSG00000168952,Sp09
12224,enrichment,Sp09D03,PLP1,-7.04285379263725,1.59907335910041e-11,5.43018661527849e-9,ENSG00000123560,Sp09
12223,enrichment,Sp09D03,SPP1,-6.90644923573935,3.63236338066164e-11,1.20015249536726e-8,ENSG00000118785,Sp09
35,enrichment,Sp09D03,HS6ST1,6.85080268381349,5.0609677329790695e-11,1.62816659304392e-8,ENSG00000136720,Sp09
12222,enrichment,Sp09D03,MBP,-6.83042177645027,5.71212449955109e-11,1.79053133351313e-8,ENSG00000197971,Sp09
12221,enrichment,Sp09D03,RNASE1,-6.79993305510014,6.84284092637124e-11,2.09134325812221e-8,ENSG00000129538,Sp09
36,enrichment,Sp09D03,HS6ST3,6.7884228623799,7.324671683396339e-11,2.18400271535415e-8,ENSG00000185352,Sp09
37,enrichment,Sp09D03,THSD7A,6.67488728068377,1.4272075756406701e-10,4.15419347909696e-8,ENSG00000005108,Sp09
38,enrichment,Sp09D03,RCN1,6.64820291773868,1.6676249034402801e-10,4.7410963824552e-8,ENSG00000049449,Sp09
39,enrichment,Sp09D03,ARNT2,6.64397513112199,1.7092032468100702e-10,4.74886583914844e-8,ENSG00000172379,Sp09
40,enrichment,Sp09D03,KCNIP2,6.57458312642868,2.55670665317456e-10,6.94571974112422e-8,ENSG00000120049,Sp09
41,enrichment,Sp09D03,NGEF,6.44048405636645,5.52198081821707e-10,1.43630245750433e-7,ENSG00000066248,Sp09
12220,enrichment,Sp09D03,SELENOP,-6.44080371927142,5.51192556633878e-10,1.43630245750433e-7,ENSG00000250722,Sp09
12219,enrichment,Sp09D03,APOD,-6.4239539655416404,6.06722160799659e-10,1.54524550328663e-7,ENSG00000189058,Sp09
42,enrichment,Sp09D03,MRTFB,6.41841372185923,6.261524187027551e-10,1.56218639155942e-7,ENSG00000186260,Sp09
12218,enrichment,Sp09D03,BCAS1,-6.41438943849879,6.406475247786161e-10,1.56638319808372e-7,ENSG00000064787,Sp09
43,enrichment,Sp09D03,PTGES,6.33661387612446,9.95085763598999e-10,2.36128440184927e-7,ENSG00000148344,Sp09
44,enrichment,Sp09D03,CBLN2,6.33226183974987,1.01979741625914e-9,2.36128440184927e-7,ENSG00000141668,Sp09
45,enrichment,Sp09D03,CAMKV,6.33158295416757,1.02370612104713e-9,2.36128440184927e-7,ENSG00000164076,Sp09
12217,enrichment,Sp09D03,AIF1L,-6.30735227757317,1.1732549312194901e-9,2.6561188026219e-7,ENSG00000126878,Sp09
46,enrichment,Sp09D03,CUX2,6.30348656680848,1.19901646871231e-9,2.665086605456e-7,ENSG00000111249,Sp09
47,enrichment,Sp09D03,NECAB2,6.29207403355531,1.27834916734025e-9,2.79068188763117e-7,ENSG00000103154,Sp09
48,enrichment,Sp09D03,SLC24A4,6.28655374909815,1.31854703048291e-9,2.82793639432518e-7,ENSG00000140090,Sp09
49,enrichment,Sp09D03,CHRNA2,6.27408148114073,1.4139852282639202e-9,2.9803395544011e-7,ENSG00000120903,Sp09
50,enrichment,Sp09D03,PSD3,6.22786761568092,1.83033915086524e-9,3.79252476598772e-7,ENSG00000156011,Sp09
51,enrichment,Sp09D03,MEG3,6.22156670265468,1.89569651067812e-9,3.86248164050666e-7,ENSG00000214548,Sp09
52,enrichment,Sp09D03,MAN1A1,6.20089713089345,2.1265580608641e-9,4.26183152361699e-7,ENSG00000111885,Sp09
12216,enrichment,Sp09D03,SPOCK1,-6.15527054318789,2.7379978301985104e-9,5.3987134635769e-7,ENSG00000152377,Sp09
53,enrichment,Sp09D03,SHISA8,6.08384233650286,4.05607384435978e-9,7.87071472179339e-7,ENSG00000234965,Sp09
54,enrichment,Sp09D03,PPFIA2,6.07813787897958,4.1848071295800205e-9,7.99363549361183e-7,ENSG00000139220,Sp09
55,enrichment,Sp09D03,YJEFN3,6.06838303453927,4.41427170298988e-9,8.30222639523866e-7,ENSG00000250067,Sp09
56,enrichment,Sp09D03,DACT1,6.05664491736401,4.7067500275273905e-9,8.71818471007915e-7,ENSG00000165617,Sp09
57,enrichment,Sp09D03,DGKB,6.05336262187247,4.79187267405713e-9,8.74337961796245e-7,ENSG00000136267,Sp09
58,enrichment,Sp09D03,LMO3,6.03078673594989,5.419558127131941e-9,9.7432497212041e-7,ENSG00000048540,Sp09
59,enrichment,Sp09D03,FFAR4,6.01712590700822,5.83771671931683e-9,1.02064070220808e-6,ENSG00000186188,Sp09
60,enrichment,Sp09D03,BATF3,6.01520741044196,5.898913823725581e-9,1.02064070220808e-6,ENSG00000123685,Sp09
61,enrichment,Sp09D03,MFSD4A,6.01173937142132,6.011135424047571e-9,1.02064070220808e-6,ENSG00000174514,Sp09
12215,enrichment,Sp09D03,CRYAB,-6.0136784456773,5.94813441303401e-9,1.02064070220808e-6,ENSG00000109846,Sp09
62,enrichment,Sp09D03,KCNH4,6.0078083812097,6.1408636498739606e-9,1.02838435780424e-6,ENSG00000089558,Sp09
63,enrichment,Sp09D03,FKBP1A,5.9706400885153,7.51091594117528e-9,1.23997729320553e-6,ENSG00000088832,Sp09
64,enrichment,Sp09D03,AL583827.1,5.96828314198813,7.60722265770263e-9,1.23997729320553e-6,ENSG00000285634,Sp09
65,enrichment,Sp09D03,VSTM2A,5.95950645647468,7.97658041396433e-9,1.28307494158834e-6,ENSG00000170419,Sp09
12214,enrichment,Sp09D03,CBR1,-5.92034084377505,9.8500150838187e-9,1.56384979739849e-6,ENSG00000159228,Sp09
66,enrichment,Sp09D03,RAB40B,5.91311396391374,1.02398919251797e-8,1.60490613827336e-6,ENSG00000141542,Sp09
67,enrichment,Sp09D03,EGR2,5.90658140114896,1.06052633649581e-8,1.64113094476725e-6,ENSG00000122877,Sp09
68,enrichment,Sp09D03,LINC02552,5.90266061000631,1.08306425618666e-8,1.65505756648524e-6,ENSG00000256422,Sp09
69,enrichment,Sp09D03,GPM6A,5.89342174293394,1.13803922686056e-8,1.71759624053955e-6,ENSG00000150625,Sp09
70,enrichment,Sp09D03,LZTS3,5.8872413983052,1.17632724439496e-8,1.75373177594249e-6,ENSG00000088899,Sp09
12213,enrichment,Sp09D03,PPP1R14A,-5.87725366468274,1.2408786628799e-8,1.82767971731407e-6,ENSG00000167641,Sp09
71,enrichment,Sp09D03,NPPA,5.8629523223381,1.33937266645548e-8,1.9492655770736e-6,ENSG00000175206,Sp09
12212,enrichment,Sp09D03,MYL6,-5.85905346514216,1.36752340197349e-8,1.96682042225011e-6,ENSG00000092841,Sp09
72,enrichment,Sp09D03,CNR1,5.84281137267917,1.49114447636596e-8,2.11967921204347e-6,ENSG00000118432,Sp09
73,enrichment,Sp09D03,SYNGAP1,5.82303179960684,1.65648994767391e-8,2.32765397819696e-6,ENSG00000197283,Sp09
74,enrichment,Sp09D03,HPCA,5.80497681644935,1.82296441537574e-8,2.51219586091438e-6,ENSG00000121905,Sp09
12211,enrichment,Sp09D03,TF,-5.80436118787796,1.82891968606446e-8,2.51219586091438e-6,ENSG00000091513,Sp09
75,enrichment,Sp09D03,SNN,5.78363025564662,2.04093413299613e-8,2.75783930032093e-6,ENSG00000184602,Sp09
76,enrichment,Sp09D03,CRIP2,5.78252658332817,2.05287015402213e-8,2.75783930032093e-6,ENSG00000182809,Sp09
12210,enrichment,Sp09D03,CLDND1,-5.76419577634108,2.26137273510316e-8,3.00492192246045e-6,ENSG00000080822,Sp09
77,enrichment,Sp09D03,SYTL5,5.75999252667652,2.31201975340731e-8,3.03918725649509e-6,ENSG00000147041,Sp09
78,enrichment,Sp09D03,RGS12,5.75732795272953,2.34469813388775e-8,3.04935475391253e-6,ENSG00000159788,Sp09
12209,enrichment,Sp09D03,CNP,-5.7373391040104,2.60463834514348e-8,3.35175829151358e-6,ENSG00000173786,Sp09
79,enrichment,Sp09D03,CDK5R1,5.70941233637749,3.01541360456606e-8,3.8399407620646e-6,ENSG00000176749,Sp09
80,enrichment,Sp09D03,TMEM132E,5.70704090768917,3.05307226329397e-8,3.847815300904e-6,ENSG00000181291,Sp09
81,enrichment,Sp09D03,HTR3B,5.69574529626986,3.2388384666983e-8,4.00567045737357e-6,ENSG00000149305,Sp09
82,enrichment,Sp09D03,VIP,5.69544905764455,3.24385583051112e-8,4.00567045737357e-6,ENSG00000146469,Sp09
83,enrichment,Sp09D03,LINC02263,5.68377077573366,3.4478057129426e-8,4.20674205270823e-6,ENSG00000228358,Sp09
1,enrichment,Sp09D04,PCP4,12.2340865615058,1.28626028182093e-27,1.5724531945260898e-23,ENSG00000183036,Sp09
2,enrichment,Sp09D04,TMSB10,11.693810816483,8.88245444348498e-26,5.42940027858019e-22,ENSG00000034510,Sp09
3,enrichment,Sp09D04,AL353751.1,10.7042120767665,1.76475204668987e-22,6.4828813333785e-19,ENSG00000232110,Sp09
4,enrichment,Sp09D04,TRABD2A,10.6798400874064,2.1211881663406097e-22,6.4828813333785e-19,ENSG00000186854,Sp09
5,enrichment,Sp09D04,TTC9B,9.08184607120953,2.4607207361476202e-17,6.01646219988093e-14,ENSG00000174521,Sp09
6,enrichment,Sp09D04,MEPE,8.64887236218214,4.94820724728882e-16,1.0081972266350999e-12,ENSG00000152595,Sp09
7,enrichment,Sp09D04,HTR2C,8.53592548793097,1.06875917851002e-15,1.86651156532643e-12,ENSG00000147246,Sp09
12225,enrichment,Sp09D04,HPCAL1,-8.44621687125012,1.96242574758258e-15,2.9988318455246297e-12,ENSG00000115756,Sp09
12224,enrichment,Sp09D04,IGFBP5,-8.36482260287944,3.3955698157719605e-15,4.6123156664235796e-12,ENSG00000115461,Sp09
8,enrichment,Sp09D04,SMYD2,8.31151186700135,4.85485345422986e-15,5.9350583477960005e-12,ENSG00000143499,Sp09
9,enrichment,Sp09D04,CAMK2D,8.25213031068465,7.218762682497991e-15,8.02267034486708e-12,ENSG00000145349,Sp09
10,enrichment,Sp09D04,PFKP,8.10864493548178,1.87007442126931e-14,1.90513831666811e-11,ENSG00000067057,Sp09
11,enrichment,Sp09D04,VAT1L,8.0515956339092,2.7231039692793103e-14,2.5607650788030396e-11,ENSG00000171724,Sp09
12,enrichment,Sp09D04,TUBB2A,8.01853765762381,3.3832152093861204e-14,2.95427185248181e-11,ENSG00000137267,Sp09
13,enrichment,Sp09D04,NRSN1,7.8550778951886,9.81946928608876e-14,7.9788379697059e-11,ENSG00000152954,Sp09
14,enrichment,Sp09D04,LRMP,7.84557738925065,1.04426509214965e-13,7.9788379697059e-11,ENSG00000118308,Sp09
15,enrichment,Sp09D04,SYN2,7.78778462418001,1.51688520598307e-13,1.09081892018489e-10,ENSG00000157152,Sp09
16,enrichment,Sp09D04,GAL,7.71569692210907,2.41096646981145e-13,1.63744806074694e-10,ENSG00000069482,Sp09
17,enrichment,Sp09D04,NAP1L5,7.48614555865989,1.03606880823707e-12,6.66628483194642e-10,ENSG00000177432,Sp09
18,enrichment,Sp09D04,HPCA,7.42483870518688,1.5222931095902199e-12,9.30501663237023e-10,ENSG00000121905,Sp09
19,enrichment,Sp09D04,STMN1,7.31416639495569,3.0337979793005995e-12,1.7661038236642802e-9,ENSG00000117632,Sp09
20,enrichment,Sp09D04,GNA15,7.24397405838968,4.68230034801097e-12,2.6018691706561e-9,ENSG00000060558,Sp09
21,enrichment,Sp09D04,SYT1,7.10595328787768,1.09060019705836e-11,5.79677713436453e-9,ENSG00000067715,Sp09
22,enrichment,Sp09D04,HS3ST2,7.08720431790327,1.2223526685986899e-11,6.226358905674571e-9,ENSG00000122254,Sp09
23,enrichment,Sp09D04,SNCA,7.01770051133613,1.86238958670182e-11,9.107085078971912e-9,ENSG00000145335,Sp09
24,enrichment,Sp09D04,CYP26B1,6.99917782303503,2.0826115081372698e-11,9.79227911037621e-9,ENSG00000003137,Sp09
25,enrichment,Sp09D04,IFITM10,6.95851650663357,2.6598980415571e-11,1.20434272437169e-8,ENSG00000244242,Sp09
26,enrichment,Sp09D04,NREP,6.94485646005609,2.8871583175232596e-11,1.26055394399007e-8,ENSG00000134986,Sp09
27,enrichment,Sp09D04,TOX,6.90989532959773,3.55950122264108e-11,1.50051387747542e-8,ENSG00000198846,Sp09
28,enrichment,Sp09D04,TSHZ2,6.89884024108547,3.8025568668717795e-11,1.54954192325025e-8,ENSG00000182463,Sp09
29,enrichment,Sp09D04,LINC01140,6.6825926084055,1.36476939809633e-10,5.30242939117087e-8,ENSG00000267272,Sp09
30,enrichment,Sp09D04,FEZF2,6.67971052490985,1.387956977648e-10,5.30242939117087e-8,ENSG00000153266,Sp09
31,enrichment,Sp09D04,IPCEF1,6.6397376704857,1.75240861199374e-10,6.49187735806771e-8,ENSG00000074706,Sp09
32,enrichment,Sp09D04,NGRN,6.60312665014845,2.16779376044812e-10,7.79449374161124e-8,ENSG00000182768,Sp09
33,enrichment,Sp09D04,TUBA1B,6.55956880113248,2.78919090667678e-10,9.74224538117819e-8,ENSG00000123416,Sp09
34,enrichment,Sp09D04,SNAP25,6.51534227756322,3.59843671456105e-10,1.22196913431969e-7,ENSG00000132639,Sp09
35,enrichment,Sp09D04,PCP4L1,6.50429705285685,3.83410910783952e-10,1.26681037414427e-7,ENSG00000248485,Sp09
36,enrichment,Sp09D04,ATP6V1A,6.41888921268143,6.24622491939185e-10,1.9603140473176e-7,ENSG00000114573,Sp09
37,enrichment,Sp09D04,UBE2QL1,6.41867718892023,6.253762604939601e-10,1.9603140473176e-7,ENSG00000215218,Sp09
38,enrichment,Sp09D04,STMN2,6.4088435447825,6.61333945497066e-10,2.02120187092541e-7,ENSG00000104435,Sp09
39,enrichment,Sp09D04,ETV1,6.38792947482261,7.446849043630401e-10,2.22043242825321e-7,ENSG00000006468,Sp09
40,enrichment,Sp09D04,SYNGR1,6.3630943207785,8.57113144101525e-10,2.4948114730098e-7,ENSG00000100321,Sp09
41,enrichment,Sp09D04,FAM3C,6.33819066677646,9.8652179622886e-10,2.804704409046e-7,ENSG00000196937,Sp09
42,enrichment,Sp09D04,HCFC1R1,6.33059009334313,1.02970222860215e-9,2.86093403287756e-7,ENSG00000103145,Sp09
43,enrichment,Sp09D04,CLSTN2,6.29797895926828,1.23697872714691e-9,3.36045887541578e-7,ENSG00000158258,Sp09
44,enrichment,Sp09D04,NDRG4,6.26661253047944,1.47469511784443e-9,3.91916256861915e-7,ENSG00000103034,Sp09
45,enrichment,Sp09D04,CDK14,6.26149808774515,1.51748572847953e-9,3.94707724056645e-7,ENSG00000058091,Sp09
46,enrichment,Sp09D04,SNRPN,6.24864744899455,1.6304444662416e-9,4.15253824995907e-7,ENSG00000128739,Sp09
47,enrichment,Sp09D04,NAPB,6.24418446269106,1.6715706334557902e-9,4.1703981620402e-7,ENSG00000125814,Sp09
48,enrichment,Sp09D04,RCSD1,6.20129191237242,2.12238589488904e-9,5.1892335130037e-7,ENSG00000198771,Sp09
49,enrichment,Sp09D04,OTOA,6.19305030674473,2.2217352914038902e-9,5.24671767402528e-7,ENSG00000155719,Sp09
50,enrichment,Sp09D04,CD52,6.19224105399888,2.2317326711600404e-9,5.24671767402528e-7,ENSG00000169442,Sp09
51,enrichment,Sp09D04,CCDC68,6.18529809458825,2.3193354051585503e-9,5.34978779774779e-7,ENSG00000166510,Sp09
52,enrichment,Sp09D04,LDHA,6.17623341389006,2.4387935388852803e-9,5.5211575949764e-7,ENSG00000134333,Sp09
53,enrichment,Sp09D04,MOAP1,6.15323023635818,2.7696462835793902e-9,6.15616833031965e-7,ENSG00000165943,Sp09
54,enrichment,Sp09D04,ELAVL4,6.14404148435477,2.91375708027238e-9,6.36083576898748e-7,ENSG00000162374,Sp09
55,enrichment,Sp09D04,SNCG,6.12297423071164,3.27244299057492e-9,7.01852904557517e-7,ENSG00000173267,Sp09
56,enrichment,Sp09D04,KCNAB1,6.11680051455881,3.3855094127442303e-9,7.13583665013762e-7,ENSG00000169282,Sp09
57,enrichment,Sp09D04,GRIN3A,6.09417999057335,3.83340968838334e-9,7.94295482042141e-7,ENSG00000198785,Sp09
58,enrichment,Sp09D04,ABCC12,6.06414749727022,4.5186505494976e-9,9.20675049460136e-7,ENSG00000140798,Sp09
59,enrichment,Sp09D04,HRK,6.03623558357146,5.26216442262708e-9,1.05458950928879e-6,ENSG00000135116,Sp09
60,enrichment,Sp09D04,RORB,6.0181790958006,5.80557809649309e-9,1.14472890692948e-6,ENSG00000198963,Sp09
61,enrichment,Sp09D04,CAMK2G,6.01441527152763,5.9255783985560405e-9,1.1498443797198e-6,ENSG00000148660,Sp09
62,enrichment,Sp09D04,OAT,5.97837011344474,7.204798318829631e-9,1.37622905387019e-6,ENSG00000065154,Sp09
63,enrichment,Sp09D04,SYP,5.92662222258816,9.52481271518655e-9,1.77592681213177e-6,ENSG00000102003,Sp09
64,enrichment,Sp09D04,FRMPD2,5.9253959729225,9.58782573420833e-9,1.77592681213177e-6,ENSG00000170324,Sp09
65,enrichment,Sp09D04,NAP1L3,5.92257765098281,9.73419870355083e-9,1.77612804702849e-6,ENSG00000186310,Sp09
66,enrichment,Sp09D04,MKX,5.90013366307531,1.09804729622896e-8,1.97406297005867e-6,ENSG00000150051,Sp09
67,enrichment,Sp09D04,RPRM,5.78997780822672,1.97394345043031e-8,3.49731285239283e-6,ENSG00000177519,Sp09
68,enrichment,Sp09D04,TOLLIP,5.78344718650287,2.04327308636177e-8,3.56120827578027e-6,ENSG00000078902,Sp09
69,enrichment,Sp09D04,ENO2,5.77639202489924,2.12084275667059e-8,3.56120827578027e-6,ENSG00000111674,Sp09
70,enrichment,Sp09D04,PNMA8B,5.77521949799706,2.13400997718679e-8,3.56120827578027e-6,ENSG00000204851,Sp09
71,enrichment,Sp09D04,GRM8,5.77484010897497,2.13828749587361e-8,3.56120827578027e-6,ENSG00000179603,Sp09
72,enrichment,Sp09D04,PHACTR1,5.77330687008381,2.15565981519624e-8,3.56120827578027e-6,ENSG00000112137,Sp09
73,enrichment,Sp09D04,LMO1,5.77031858221085,2.18991536423259e-8,3.56956204369912e-6,ENSG00000166407,Sp09
74,enrichment,Sp09D04,BASP1,5.76302719291273,2.2757439164969e-8,3.66065386568087e-6,ENSG00000176788,Sp09
75,enrichment,Sp09D04,CDH7,5.73803480713659,2.59558555076949e-8,4.12091342313727e-6,ENSG00000081138,Sp09
76,enrichment,Sp09D04,PCSK1,5.71945051808073,2.86145289140502e-8,4.48477712787517e-6,ENSG00000175426,Sp09
77,enrichment,Sp09D04,RTN3,5.69351321251203,3.27738177689067e-8,5.07164458512511e-6,ENSG00000133318,Sp09
78,enrichment,Sp09D04,GPRASP1,5.67429649340573,3.62300858355331e-8,5.53640999174241e-6,ENSG00000198932,Sp09
79,enrichment,Sp09D04,IQSEC1,5.6695646164128,3.71342463839216e-8,5.54936164725608e-6,ENSG00000144711,Sp09
80,enrichment,Sp09D04,SLC24A2,5.66910768655759,3.72227120715745e-8,5.54936164725608e-6,ENSG00000155886,Sp09
81,enrichment,Sp09D04,SPHKAP,5.65640668293775,3.97656774610573e-8,5.815114895318e-6,ENSG00000153820,Sp09
82,enrichment,Sp09D04,DIRAS2,5.65548524613539,3.99566176856206e-8,5.815114895318e-6,ENSG00000165023,Sp09
12223,enrichment,Sp09D04,HSPB1,-5.62257447034868,4.73945873126953e-8,6.81645682232589e-6,ENSG00000106211,Sp09
83,enrichment,Sp09D04,G3BP2,5.61602986629891,4.90268898896186e-8,6.96922940582078e-6,ENSG00000138757,Sp09
84,enrichment,Sp09D04,SORL1,5.60971971984376,5.06525390849913e-8,7.10708537842868e-6,ENSG00000137642,Sp09
85,enrichment,Sp09D04,SLC30A3,5.60779265337822,5.11593875911431e-8,7.10708537842868e-6,ENSG00000115194,Sp09
86,enrichment,Sp09D04,CPLX1,5.60452294077231,5.20307040903849e-8,7.14403732792157e-6,ENSG00000168993,Sp09
12222,enrichment,Sp09D04,APOE,-5.60243687769161,5.25941398374594e-8,7.14403732792157e-6,ENSG00000130203,Sp09
87,enrichment,Sp09D04,PFN2,5.60018775071376,5.32082802060551e-8,7.14803544526399e-6,ENSG00000070087,Sp09
12221,enrichment,Sp09D04,CAMK2N1,-5.59364987028326,5.50334495636245e-8,7.31286870560118e-6,ENSG00000162545,Sp09
88,enrichment,Sp09D04,AL353709.1,5.58931353580532,5.62775205763456e-8,7.39777084995511e-6,ENSG00000287364,Sp09
12220,enrichment,Sp09D04,CLU,-5.58084780091701,5.87857628112399e-8,7.64527606773838e-6,ENSG00000120885,Sp09
89,enrichment,Sp09D04,SULT4A1,5.55445264706533,6.73256368627753e-8,8.66374642786766e-6,ENSG00000130540,Sp09
90,enrichment,Sp09D04,MTCH1,5.53854957026578,7.30421210985914e-8,9.30145760864875e-6,ENSG00000137409,Sp09
12219,enrichment,Sp09D04,CD74,-5.52047796244866,8.01127328110354e-8,1.00966820475764e-5,ENSG00000019582,Sp09
91,enrichment,Sp09D04,GABRA5,5.5179047777514,8.11722253429417e-8,1.01258209675251e-5,ENSG00000186297,Sp09
92,enrichment,Sp09D04,SLC17A7,5.50684146234091,8.58850157562029e-8,1.06054981577735e-5,ENSG00000104888,Sp09
12218,enrichment,Sp09D04,TTYH1,-5.50187193864197,8.80876805431358e-8,1.07687189463983e-5,ENSG00000167614,Sp09
1,enrichment,Sp09D05,CARTPT,7.80110662215826,1.39166554116212e-13,1.7013111240706902e-9,ENSG00000164326,Sp09
2,enrichment,Sp09D05,FREM3,7.22186402699063,5.364218285479299e-12,3.27887842699922e-8,ENSG00000183090,Sp09
3,enrichment,Sp09D05,GPR6,6.92222659192663,3.3058696446003595e-11,1.29802362719966e-7,ENSG00000146360,Sp09
4,enrichment,Sp09D05,ENC1,6.88028276916517,4.2471120726369394e-11,1.29802362719966e-7,ENSG00000171617,Sp09
5,enrichment,Sp09D05,ADCYAP1,6.47507248363906,4.53263959551266e-10,1.10823038110285e-6,ENSG00000141433,Sp09
6,enrichment,Sp09D05,LMO4,6.43374180636539,5.73909047744176e-10,1.16933968477876e-6,ENSG00000143013,Sp09
7,enrichment,Sp09D05,AJ009632.2,6.36866310454092,8.30439188579141e-10,1.45030272576857e-6,ENSG00000229425,Sp09
8,enrichment,Sp09D05,CYP46A1,6.26485591921621,1.48908909940901e-9,2.2755142800344e-6,ENSG00000036530,Sp09
9,enrichment,Sp09D05,YWHAH,6.23416076820507,1.7674833828604401e-9,2.4008315950521e-6,ENSG00000128245,Sp09
10,enrichment,Sp09D05,C14orf132,6.14503120767636,2.8975837840935602e-9,3.54229617605438e-6,ENSG00000227051,Sp09
11,enrichment,Sp09D05,LINC01007,6.0496110131333,4.89154858330977e-9,5.33692954063908e-6,ENSG00000233123,Sp09
12,enrichment,Sp09D05,CA10,6.03703751184203,5.238703843572111e-9,5.33692954063908e-6,ENSG00000154975,Sp09
13,enrichment,Sp09D05,MEF2C,6.01644677387684,5.85993889459781e-9,5.51059638357371e-6,ENSG00000081189,Sp09
14,enrichment,Sp09D05,GABRD,5.97543600148671,7.319386066154811e-9,6.17922158578737e-6,ENSG00000187730,Sp09
15,enrichment,Sp09D05,HOPX,5.96892017912987,7.581866976426221e-9,6.17922158578737e-6,ENSG00000171476,Sp09
16,enrichment,Sp09D05,RASGRF2,5.93841820751454,8.938134505974871e-9,6.82929339597143e-6,ENSG00000113319,Sp09
17,enrichment,Sp09D05,GPX3,5.92704362270077,9.502373056467812e-9,6.83332415384229e-6,ENSG00000211445,Sp09
18,enrichment,Sp09D05,MET,5.86496616798977,1.32518481885478e-8,9.00021356138868e-6,ENSG00000105976,Sp09
19,enrichment,Sp09D05,AC103681.2,5.83518876439028,1.55301154924166e-8,9.99240325762069e-6,ENSG00000254664,Sp09
20,enrichment,Sp09D05,PIN1,5.8215331002553,1.66988323114894e-8,1.00253238028263e-5,ENSG00000127445,Sp09
21,enrichment,Sp09D05,LINC02433,5.8031056347647,1.84129819340684e-8,1.00253238028263e-5,ENSG00000234111,Sp09
22,enrichment,Sp09D05,HAPLN4,5.80069762696235,1.86492992533784e-8,1.00253238028263e-5,ENSG00000187664,Sp09
23,enrichment,Sp09D05,C11orf87,5.79856011492648,1.88615498948879e-8,1.00253238028263e-5,ENSG00000185742,Sp09
24,enrichment,Sp09D05,NRXN1,5.75053914436264,2.43022938925741e-8,1.23789809515299e-5,ENSG00000179915,Sp09
25,enrichment,Sp09D05,TSC22D1,5.74128002055289,2.55148978523983e-8,1.24767850498228e-5,ENSG00000102804,Sp09
26,enrichment,Sp09D05,CTXN3,5.72920986159316,2.71846155049724e-8,1.27819970980111e-5,ENSG00000205279,Sp09
27,enrichment,Sp09D05,COL5A2,5.71052918173746,2.99810269064378e-8,1.31750971075681e-5,ENSG00000204262,Sp09
28,enrichment,Sp09D05,CALB1,5.70929031573197,3.01760915347163e-8,1.31750971075681e-5,ENSG00000104327,Sp09
12225,enrichment,Sp09D05,AIF1L,-5.68026735969728,3.51169887637069e-8,1.4803627159873e-5,ENSG00000126878,Sp09
29,enrichment,Sp09D05,NSG2,5.61302542271833,4.97906765108448e-8,2.02897006781693e-5,ENSG00000170091,Sp09
12224,enrichment,Sp09D05,CNTNAP4,-5.58153030956,5.85752091895759e-8,2.30994171723408e-5,ENSG00000152910,Sp09
30,enrichment,Sp09D05,CUX2,5.55595116856556,6.68051213811541e-8,2.47552464761673e-5,ENSG00000111249,Sp09
31,enrichment,Sp09D05,PCDH8,5.55589616387083,6.68239782178749e-8,2.47552464761673e-5,ENSG00000136099,Sp09
32,enrichment,Sp09D05,LINC00507,5.5240651210577,7.86525378922987e-8,2.82802139921574e-5,ENSG00000256193,Sp09
33,enrichment,Sp09D05,NSG1,5.49846268060845,8.96241598949687e-8,3.13044387061712e-5,ENSG00000168824,Sp09
34,enrichment,Sp09D05,LINC02552,5.47438706611483,1.01292555724714e-7,3.43972637148508e-5,ENSG00000256422,Sp09
35,enrichment,Sp09D05,LZTS3,5.46631967396917,1.05523577231218e-7,3.48655603149093e-5,ENSG00000088899,Sp09
36,enrichment,Sp09D05,PRAG1,5.4604673411507,1.08700035087067e-7,3.49699454984052e-5,ENSG00000275342,Sp09
37,enrichment,Sp09D05,SPON2,5.44611507185993,1.16889025265551e-7,3.66402136890094e-5,ENSG00000159674,Sp09
38,enrichment,Sp09D05,GAP43,5.4321051051848,1.25460216096965e-7,3.83437785446348e-5,ENSG00000172020,Sp09
39,enrichment,Sp09D05,CKB,5.37151316469764,1.70114892659539e-7,5.03005405443476e-5,ENSG00000166165,Sp09
40,enrichment,Sp09D05,NEUROD1,5.36836943804236,1.72811673035795e-7,5.03005405443476e-5,ENSG00000162992,Sp09
41,enrichment,Sp09D05,CHL1,5.35203233881549,1.87509185890733e-7,5.20977226707775e-5,ENSG00000134121,Sp09
12223,enrichment,Sp09D05,GSN,-5.35548372065664,1.84306306217785e-7,5.20977226707775e-5,ENSG00000148180,Sp09
42,enrichment,Sp09D05,NTNG1,5.34229814418895,1.96836754334835e-7,5.34739849276303e-5,ENSG00000162631,Sp09
43,enrichment,Sp09D05,NEGR1,5.32958402422876,2.09701234477713e-7,5.51173331816405e-5,ENSG00000172260,Sp09
44,enrichment,Sp09D05,ACSL3,5.32748422014651,2.11903039634937e-7,5.51173331816405e-5,ENSG00000123983,Sp09
45,enrichment,Sp09D05,RGS4,5.32066554171126,2.1920897780925e-7,5.58297865357934e-5,ENSG00000117152,Sp09
46,enrichment,Sp09D05,LPL,5.31531145237833,2.25116660467725e-7,5.61643096779172e-5,ENSG00000175445,Sp09
47,enrichment,Sp09D05,CAMK2A,5.28067836752158,2.672417310972e-7,6.53406032532655e-5,ENSG00000070808,Sp09
48,enrichment,Sp09D05,TESPA1,5.26519337655305,2.88466089274157e-7,6.91470184583642e-5,ENSG00000135426,Sp09
12221,enrichment,Sp09D05,LINC00844,-5.24738680062981,3.1489871966986e-7,7.26346575087555e-5,ENSG00000237949,Sp09
12222,enrichment,Sp09D05,SELENOP,-5.24915338881906,3.12174694132176e-7,7.26346575087555e-5,ENSG00000250722,Sp09
49,enrichment,Sp09D05,ASB2,5.22778942472074,3.46708332970432e-7,7.8490914269695e-5,ENSG00000100628,Sp09
50,enrichment,Sp09D05,CNTNAP2,5.21349168368648,3.71861696613324e-7,8.2654713474507e-5,ENSG00000174469,Sp09
51,enrichment,Sp09D05,SLC30A3,5.20288601078888,3.916548957008e-7,8.43012372364172e-5,ENSG00000115194,Sp09
52,enrichment,Sp09D05,CBLN4,5.20215251103221,3.93060983433601e-7,8.43012372364172e-5,ENSG00000054803,Sp09
12219,enrichment,Sp09D05,APOD,-5.19082412620058,4.15409173176593e-7,8.60741888488789e-5,ENSG00000189058,Sp09
12220,enrichment,Sp09D05,FGF1,-5.19344489075889,4.1013192428972e-7,8.60741888488789e-5,ENSG00000113578,Sp09
53,enrichment,Sp09D05,VSTM2A,5.17555629372446,4.47488009121137e-7,9.01204601101107e-5,ENSG00000170419,Sp09
54,enrichment,Sp09D05,NRGN,5.17266408667335,4.53829747590049e-7,9.01204601101107e-5,ENSG00000154146,Sp09
55,enrichment,Sp09D05,SNX3,5.17120924810294,4.57052640231236e-7,9.01204601101107e-5,ENSG00000112335,Sp09
56,enrichment,Sp09D05,OLFM1,5.15762048424674,4.88247683255797e-7,9.47433004413034e-5,ENSG00000130558,Sp09
57,enrichment,Sp09D05,NEFM,5.11973950963358,5.86506246884115e-7,1.12031857314974e-4,ENSG00000104722,Sp09
58,enrichment,Sp09D05,CHN1,5.09899291230047,6.4818254417336e-7,1.21097333016946e-4,ENSG00000128656,Sp09
59,enrichment,Sp09D05,GRB14,5.09720677699091,6.53777012606823e-7,1.21097333016946e-4,ENSG00000115290,Sp09
60,enrichment,Sp09D05,EMILIN3,5.07939131510633,7.12201126386024e-7,1.29950130896554e-4,ENSG00000183798,Sp09
61,enrichment,Sp09D05,HS6ST3,5.05965555638418,7.82829528396065e-7,1.39196687913985e-4,ENSG00000185352,Sp09
62,enrichment,Sp09D05,RCAN2,5.0589037365887,7.85650017674027e-7,1.39196687913985e-4,ENSG00000172348,Sp09
63,enrichment,Sp09D05,SNN,5.05459769174703,8.01994985085823e-7,1.40062695609631e-4,ENSG00000184602,Sp09
64,enrichment,Sp09D05,NOS2,5.04956879196048,8.21500894641585e-7,1.41448569535118e-4,ENSG00000007171,Sp09
65,enrichment,Sp09D05,KCNA2,5.03990311741509,8.60290018797145e-7,1.44069116161577e-4,ENSG00000177301,Sp09
12218,enrichment,Sp09D05,RNASE1,-5.04235394233026,8.5029007481298e-7,1.44069116161577e-4,ENSG00000129538,Sp09
66,enrichment,Sp09D05,LRRC2,5.02260745396085,9.341696956742e-7,1.54327358508339e-4,ENSG00000163827,Sp09
67,enrichment,Sp09D05,DBNDD1,5.01456500752268,9.70581352318012e-7,1.58204760427836e-4,ENSG00000003249,Sp09
68,enrichment,Sp09D05,FBLN7,5.00823678735202,1.00019415666657e-6,1.60886494279589e-4,ENSG00000144152,Sp09
69,enrichment,Sp09D05,TMX4,4.99773360982739,1.05128412774204e-6,1.66908421579824e-4,ENSG00000125827,Sp09
70,enrichment,Sp09D05,CTSB,4.99207678630479,1.07983754973301e-6,1.69243769813923e-4,ENSG00000164733,Sp09
71,enrichment,Sp09D05,GABRA1,4.96910006346392,1.20372509233443e-6,1.86272648782131e-4,ENSG00000022355,Sp09
72,enrichment,Sp09D05,ENSA,4.9388060542068,1.3882381702041e-6,2.12140145384314e-4,ENSG00000143420,Sp09
73,enrichment,Sp09D05,SLC12A5,4.93384370420081,1.42096055753152e-6,2.12858444436416e-4,ENSG00000124140,Sp09
74,enrichment,Sp09D05,FAM81A,4.93166098025752,1.43558877065939e-6,2.12858444436416e-4,ENSG00000157470,Sp09
75,enrichment,Sp09D05,NEFL,4.93024238472436,1.44517389678712e-6,2.12858444436416e-4,ENSG00000277586,Sp09
76,enrichment,Sp09D05,SERPINI1,4.9271465037798,1.4663074258189e-6,2.12950465991694e-4,ENSG00000163536,Sp09
77,enrichment,Sp09D05,GNG13,4.9228758916448,1.49595108509836e-6,2.12950465991694e-4,ENSG00000127588,Sp09
78,enrichment,Sp09D05,AC007953.2,4.92257570249353,1.49805644787613e-6,2.12950465991694e-4,ENSG00000270321,Sp09
12217,enrichment,Sp09D05,PMP22,-4.900748181135,1.65906560672356e-6,2.33127322324087e-4,ENSG00000109099,Sp09
79,enrichment,Sp09D05,TPBG,4.88905267802498,1.75209255735067e-6,2.36455826199231e-4,ENSG00000146242,Sp09
80,enrichment,Sp09D05,PTK2B,4.88674423473843,1.77104057613263e-6,2.36455826199231e-4,ENSG00000120899,Sp09
81,enrichment,Sp09D05,CADM3,4.88524199667047,1.78347735035517e-6,2.36455826199231e-4,ENSG00000162706,Sp09
82,enrichment,Sp09D05,ATP1A1,4.88340442747712,1.79880505820274e-6,2.36455826199231e-4,ENSG00000163399,Sp09
12215,enrichment,Sp09D05,CRYAB,-4.88543292021997,1.7818920578128e-6,2.36455826199231e-4,ENSG00000109846,Sp09
12216,enrichment,Sp09D05,QKI,-4.89496450272449,1.70445647661392e-6,2.36455826199231e-4,ENSG00000112531,Sp09
83,enrichment,Sp09D05,CBLN2,4.86168927753869,1.98985777738078e-6,2.58070485770261e-4,ENSG00000141668,Sp09
84,enrichment,Sp09D05,RBP4,4.85935706084748,2.01150604757954e-6,2.58070485770261e-4,ENSG00000138207,Sp09
12214,enrichment,Sp09D05,S100B,-4.85774889920546,2.02656577782781e-6,2.58070485770261e-4,ENSG00000160307,Sp09
85,enrichment,Sp09D05,KCNH5,4.84960029879983,2.10456333297364e-6,2.65240069542297e-4,ENSG00000140015,Sp09
86,enrichment,Sp09D05,VSNL1,4.84557074456692,2.14419745534074e-6,2.65439808664538e-4,ENSG00000163032,Sp09
12213,enrichment,Sp09D05,TJP2,-4.845029676456,2.14957391065761e-6,2.65439808664538e-4,ENSG00000119139,Sp09
12212,enrichment,Sp09D05,GPRC5B,-4.83800786094447,2.22053971587449e-6,2.71460980265656e-4,ENSG00000167191,Sp09
1,enrichment,Sp09D06,ABCA2,17.5265768675676,2.7842550574591603e-46,3.40375180774382e-42,ENSG00000107331,Sp09
2,enrichment,Sp09D06,DBNDD2,17.3203900075998,1.50214774947994e-45,9.18187811869615e-42,ENSG00000244274,Sp09
3,enrichment,Sp09D06,CNP,16.226173197399,1.17087525113097e-41,4.77131664835872e-38,ENSG00000173786,Sp09
4,enrichment,Sp09D06,CLDND1,15.9673945105263,9.76249717039244e-41,2.98366319770119e-37,ENSG00000080822,Sp09
5,enrichment,Sp09D06,PLP1,15.663403958002,1.17822350941635e-39,2.8807564805229698e-36,ENSG00000123560,Sp09
6,enrichment,Sp09D06,EDIL3,15.3158329360702,2.02800324723068e-38,4.1320566162325096e-35,ENSG00000164176,Sp09
7,enrichment,Sp09D06,SOX2-OT,14.6286693398909,5.5606195841484694e-36,9.71122491660214e-33,ENSG00000242808,Sp09
8,enrichment,Sp09D06,PLAAT3,14.5430318338452,1.1175645888683699e-35,1.70777838736448e-32,ENSG00000176485,Sp09
9,enrichment,Sp09D06,SLC44A1,14.460723528061,2.18503523492783e-35,2.9680061941103e-32,ENSG00000070214,Sp09
10,enrichment,Sp09D06,PMP22,14.3789304698,4.2524387067434195e-35,5.19860631899384e-32,ENSG00000109099,Sp09
11,enrichment,Sp09D06,PLLP,14.2996458337296,8.10522845369889e-35,9.00785616786081e-32,ENSG00000102934,Sp09
12,enrichment,Sp09D06,SPP1,14.2653719128061,1.07103326018793e-34,1.09111513381645e-31,ENSG00000118785,Sp09
13,enrichment,Sp09D06,TF,14.2469054544616,1.24452005826959e-34,1.17032751633429e-31,ENSG00000091513,Sp09
14,enrichment,Sp09D06,FEZ1,14.171650197132,2.2939915558904897e-34,2.0031461979115197e-31,ENSG00000149557,Sp09
15,enrichment,Sp09D06,AMER2,14.0044470639172,8.91269640493971e-34,7.263847570025869e-31,ENSG00000165566,Sp09
16,enrichment,Sp09D06,RNASE1,13.9313766428502,1.61170033050271e-33,1.2314397837747298e-30,ENSG00000129538,Sp09
17,enrichment,Sp09D06,CNTN2,13.8906518917113,2.24174914962911e-33,1.6120813737774e-30,ENSG00000184144,Sp09
18,enrichment,Sp09D06,PAQR6,13.8400444563519,3.37735612445198e-33,2.2937877011903e-30,ENSG00000160781,Sp09
19,enrichment,Sp09D06,ELOVL1,13.722379777222,8.75024523049044e-33,5.630091996986609e-30,ENSG00000066322,Sp09
20,enrichment,Sp09D06,MAG,13.5564530888258,3.3424179599182203e-32,2.04305297800001e-29,ENSG00000105695,Sp09
21,enrichment,Sp09D06,SELENOP,13.5234506460084,4.36197384541498e-32,2.53929191715229e-29,ENSG00000250722,Sp09
22,enrichment,Sp09D06,ENPP2,13.4270471045143,9.48726185841851e-32,5.27189891905301e-29,ENSG00000136960,Sp09
23,enrichment,Sp09D06,NENF,13.4182412719747,1.01845935468362e-31,5.413332874351e-29,ENSG00000117691,Sp09
24,enrichment,Sp09D06,LHPP,13.3644019641697,1.5710593745684798e-31,8.00258368920819e-29,ENSG00000107902,Sp09
25,enrichment,Sp09D06,QKI,13.2487195731527,3.9828294798819595e-31,1.94760361566228e-28,ENSG00000112531,Sp09
26,enrichment,Sp09D06,GPRC5B,13.1919978305142,6.28105462184282e-31,2.95330356738571e-28,ENSG00000167191,Sp09
27,enrichment,Sp09D06,SLAIN1,13.1376529123601,9.714589716575879e-31,4.39855034389408e-28,ENSG00000139737,Sp09
28,enrichment,Sp09D06,LAMP2,13.1275905521804,1.0531116674803799e-30,4.59796076248128e-28,ENSG00000005893,Sp09
29,enrichment,Sp09D06,CERS2,13.1162331188743,1.15353002883075e-30,4.86272572498481e-28,ENSG00000143418,Sp09
30,enrichment,Sp09D06,TMEM144,13.0767842829159,1.5825686468091297e-30,6.417284409291329e-28,ENSG00000164124,Sp09
31,enrichment,Sp09D06,PPP1R14A,13.0733069562981,1.6272868440738798e-30,6.417284409291329e-28,ENSG00000167641,Sp09
32,enrichment,Sp09D06,CARNS1,12.9617620321483,3.9746193767208e-30,1.4833745679489999e-27,ENSG00000172508,Sp09
33,enrichment,Sp09D06,CLDN11,12.9608349660387,4.0042012877150896e-30,1.4833745679489999e-27,ENSG00000013297,Sp09
34,enrichment,Sp09D06,EVI2A,12.9356974537628,4.89572764989313e-30,1.7190850645203e-27,ENSG00000126860,Sp09
35,enrichment,Sp09D06,SIRT2,12.935035253043,4.9217159311419794e-30,1.7190850645203e-27,ENSG00000068903,Sp09
36,enrichment,Sp09D06,BTBD16,12.9075736771224,6.129796096773659e-30,2.05832029607913e-27,ENSG00000138152,Sp09
37,enrichment,Sp09D06,AIF1L,12.9055509819024,6.2296810597078e-30,2.05832029607913e-27,ENSG00000126878,Sp09
38,enrichment,Sp09D06,SEPTIN4,12.8677992310641,8.42246316172547e-30,2.70959505663405e-27,ENSG00000108387,Sp09
39,enrichment,Sp09D06,MBP,12.7340810464236,2.44712701740577e-29,7.6708019968681e-27,ENSG00000197971,Sp09
40,enrichment,Sp09D06,TTYH2,12.7228665697798,2.67580529362523e-29,8.17792992864209e-27,ENSG00000141540,Sp09
41,enrichment,Sp09D06,NKX6-2,12.6248025481036,5.83952634844e-29,1.74117584413851e-26,ENSG00000148826,Sp09
42,enrichment,Sp09D06,MARCKSL1,12.5998983031733,7.117880393186299e-29,2.0718116144452998e-26,ENSG00000175130,Sp09
43,enrichment,Sp09D06,SHTN1,12.5913744830111,7.61669807850058e-29,2.16544497696906e-26,ENSG00000187164,Sp09
44,enrichment,Sp09D06,MYRF,12.5811927469634,8.25843985372733e-29,2.2945324366322e-26,ENSG00000124920,Sp09
45,enrichment,Sp09D06,ERMN,12.5648850226198,9.400525160381559e-29,2.55380933523699e-26,ENSG00000136541,Sp09
46,enrichment,Sp09D06,CBR1,12.4747500914104,1.92199250260919e-28,5.10790398791246e-26,ENSG00000159228,Sp09
47,enrichment,Sp09D06,CRYAB,12.4072277984509,3.2814232350214197e-28,8.53519128683763e-26,ENSG00000109846,Sp09
48,enrichment,Sp09D06,CD9,12.3368677656031,5.72522343547677e-28,1.45814284372299e-25,ENSG00000010278,Sp09
49,enrichment,Sp09D06,OPALIN,12.3250614789118,6.285203998772069e-28,1.5680942629589499e-25,ENSG00000197430,Sp09
50,enrichment,Sp09D06,ERBB3,12.2231697141783,1.40492360205688e-27,3.4350382070290696e-25,ENSG00000065361,Sp09
51,enrichment,Sp09D06,PHLDB1,12.2016023678167,1.66531486289846e-27,3.99185768606542e-25,ENSG00000019144,Sp09
52,enrichment,Sp09D06,OLIG1,12.180573763992,1.96544743007443e-27,4.620691313973069e-25,ENSG00000184221,Sp09
53,enrichment,Sp09D06,PLEKHB1,12.166552909831,2.1949543373979997e-27,5.0628899574888e-25,ENSG00000021300,Sp09
54,enrichment,Sp09D06,MOBP,12.1352269178099,2.80888652034554e-27,6.35900698356004e-25,ENSG00000168314,Sp09
55,enrichment,Sp09D06,GPR37,12.0813710090873,4.29040199538786e-27,9.5363935261121e-25,ENSG00000170775,Sp09
56,enrichment,Sp09D06,CNDP1,12.0405068759317,5.91467953307315e-27,1.2911956659253401e-24,ENSG00000150656,Sp09
57,enrichment,Sp09D06,MAL,12.0348382315972,6.18390472462389e-27,1.32628482909697e-24,ENSG00000172005,Sp09
58,enrichment,Sp09D06,SEMA3B,12.0168621159188,7.12113185859422e-27,1.50096270640197e-24,ENSG00000012171,Sp09
59,enrichment,Sp09D06,PTP4A2,11.9903527757953,8.7675882204535e-27,1.816673999916e-24,ENSG00000184007,Sp09
60,enrichment,Sp09D06,CMTM5,11.9854006637933,9.11482320814376e-27,1.8571452286592902e-24,ENSG00000166091,Sp09
61,enrichment,Sp09D06,UGT8,11.9776129096951,9.68882708641659e-27,1.9179198315864202e-24,ENSG00000174607,Sp09
62,enrichment,Sp09D06,SUN2,11.9771130940159,9.72687358350579e-27,1.9179198315864202e-24,ENSG00000100242,Sp09
12225,enrichment,Sp09D06,TSC22D1,-11.9721191431148,1.01152935708061e-26,1.96284863338261e-24,ENSG00000102804,Sp09
63,enrichment,Sp09D06,FA2H,11.9663039828761,1.05871116753427e-26,2.02230375361038e-24,ENSG00000103089,Sp09
64,enrichment,Sp09D06,MOG,11.9562402500898,1.14560567628836e-26,2.15461990655773e-24,ENSG00000204655,Sp09
65,enrichment,Sp09D06,ANLN,11.9514797677743,1.18915175131676e-26,2.2026333575526302e-24,ENSG00000011426,Sp09
66,enrichment,Sp09D06,TP53TG5,11.9174416121814,1.5524955391997699e-26,2.83272506965928e-24,ENSG00000124251,Sp09
67,enrichment,Sp09D06,GLDN,11.9110944180994,1.63159364448665e-26,2.93326945644843e-24,ENSG00000186417,Sp09
68,enrichment,Sp09D06,FGFR2,11.9076954371056,1.6755901336498098e-26,2.9687086063578102e-24,ENSG00000066468,Sp09
69,enrichment,Sp09D06,GSN,11.8860983794777,1.98413167118864e-26,3.46514424004016e-24,ENSG00000148180,Sp09
70,enrichment,Sp09D06,WIPF1,11.8108843900948,3.5718686167804497e-26,6.15015406199169e-24,ENSG00000115935,Sp09
71,enrichment,Sp09D06,EFHD1,11.7965829585894,3.9938257303070296e-26,6.78118327125048e-24,ENSG00000115468,Sp09
72,enrichment,Sp09D06,HSPA2,11.7863528925059,4.32580195396202e-26,7.24423683386105e-24,ENSG00000126803,Sp09
73,enrichment,Sp09D06,LRP2,11.7555452745752,5.50100900693324e-26,9.087815555372811e-24,ENSG00000081479,Sp09
74,enrichment,Sp09D06,JAM3,11.7337517741138,6.51971067336653e-26,1.0627128397587399e-23,ENSG00000166086,Sp09
75,enrichment,Sp09D06,PLEKHH1,11.6311611709191,1.4487780137104598e-25,2.33043568652769e-23,ENSG00000054690,Sp09
76,enrichment,Sp09D06,LAMP1,11.6018686440623,1.8190367725098499e-25,2.88801617453674e-23,ENSG00000185896,Sp09
77,enrichment,Sp09D06,SCD,11.5570958873077,2.5749149509625896e-25,4.03568400968175e-23,ENSG00000099194,Sp09
78,enrichment,Sp09D06,FTH1,11.553202883967,2.6538525775406496e-25,4.10675288106766e-23,ENSG00000167996,Sp09
79,enrichment,Sp09D06,LPAR1,11.5182689276689,3.47929738459909e-25,5.316801315840479e-23,ENSG00000198121,Sp09
80,enrichment,Sp09D06,FGF1,11.508526073323,3.7520893764847298e-25,5.66287563302789e-23,ENSG00000113578,Sp09
81,enrichment,Sp09D06,HPN-AS1,11.4904249278782,4.3167219465013e-25,6.43560070682664e-23,ENSG00000227392,Sp09
82,enrichment,Sp09D06,SOX8,11.4496960664299,5.9159821194809095e-25,8.713600169958329e-23,ENSG00000005513,Sp09
83,enrichment,Sp09D06,ADAMTS4,11.4397836722716,6.3872562475687e-25,9.295739003158009e-23,ENSG00000158859,Sp09
84,enrichment,Sp09D06,LIPA,11.4353840092358,6.608244879566209e-25,9.504211017964339e-23,ENSG00000107798,Sp09
85,enrichment,Sp09D06,LINC00844,11.3921335333675,9.22995141988135e-25,1.31204832683779e-22,ENSG00000237949,Sp09
86,enrichment,Sp09D06,BCAS1,11.3320778528963,1.4668811898186301e-24,2.06122098224514e-22,ENSG00000064787,Sp09
87,enrichment,Sp09D06,FOLH1,11.322561957097,1.57849063774889e-24,2.1928463689182e-22,ENSG00000086205,Sp09
88,enrichment,Sp09D06,CERCAM,11.310775743341,1.72852134572232e-24,2.37428915184892e-22,ENSG00000167123,Sp09
89,enrichment,Sp09D06,GJB1,11.2802350501968,2.1867001962382997e-24,2.9702677665570197e-22,ENSG00000169562,Sp09
90,enrichment,Sp09D06,ITGA2,11.2635653551238,2.48591243757349e-24,3.33959115926768e-22,ENSG00000164171,Sp09
91,enrichment,Sp09D06,WNK1,11.2281390072827,3.26406386830868e-24,4.3373022597906e-22,ENSG00000060237,Sp09
92,enrichment,Sp09D06,CNTNAP4,11.2197411749446,3.48158155735329e-24,4.57659511168215e-22,ENSG00000152910,Sp09
93,enrichment,Sp09D06,HAPLN2,11.2120681382584,3.6929212418492104e-24,4.80276193421347e-22,ENSG00000132702,Sp09
94,enrichment,Sp09D06,NDRG1,11.2088420172932,3.7855500994869304e-24,4.87140525960291e-22,ENSG00000104419,Sp09
95,enrichment,Sp09D06,HDAC11,11.205304039138,3.88979535304192e-24,4.953411269889319e-22,ENSG00000163517,Sp09
96,enrichment,Sp09D06,CDKN1C,11.198089518822,4.11131109921018e-24,5.181523524520049e-22,ENSG00000129757,Sp09
97,enrichment,Sp09D06,KLK6,11.176674363078,4.84560547656125e-24,6.04464560724095e-22,ENSG00000167755,Sp09
98,enrichment,Sp09D06,CSRP1,11.1532569535151,5.79874713879328e-24,7.160574118358369e-22,ENSG00000159176,Sp09
99,enrichment,Sp09D06,RNF130,11.141054085155,6.36722713325297e-24,7.78393517040176e-22,ENSG00000113269,Sp09
1,enrichment,Sp09D07,NPTX1,10.4964274221342,8.422495182380459e-22,1.02965003604601e-17,ENSG00000171246,Sp09
2,enrichment,Sp09D07,SMIM32,10.3188402643097,3.17283796148148e-21,1.93939720395556e-17,ENSG00000271824,Sp09
3,enrichment,Sp09D07,DIRAS2,8.8756934346214,1.03683757663114e-16,3.27589773616537e-13,ENSG00000165023,Sp09
4,enrichment,Sp09D07,MAP2K1,8.8709023744188,1.07186837993141e-16,3.27589773616537e-13,ENSG00000169032,Sp09
5,enrichment,Sp09D07,SLN,8.28549869114663,5.776706116757041e-15,1.4124046455471e-11,ENSG00000170290,Sp09
6,enrichment,Sp09D07,THEMIS,8.12812762269883,1.6440673751648e-14,3.3497872768982796e-11,ENSG00000172673,Sp09
7,enrichment,Sp09D07,AK5,8.01082153864946,3.5583677409802e-14,6.21443509049756e-11,ENSG00000154027,Sp09
8,enrichment,Sp09D07,DACH1,7.80625554714544,1.34636943221632e-13,2.05742078860556e-10,ENSG00000276644,Sp09
9,enrichment,Sp09D07,DKK3,7.54992511439568,6.92781216128552e-13,9.41027818574616e-10,ENSG00000050165,Sp09
10,enrichment,Sp09D07,ISLR,7.38958504586184,1.89743448338583e-12,2.3196136559391704e-9,ENSG00000129009,Sp09
11,enrichment,Sp09D07,TMEM233,7.30107037797321,3.2900495430099497e-12,3.1222422848921504e-9,ENSG00000224982,Sp09
12,enrichment,Sp09D07,PPP1R1A,7.29959880471036,3.32017584487509e-12,3.1222422848921504e-9,ENSG00000135447,Sp09
12225,enrichment,Sp09D07,TIMP2,-7.29962342627535,3.3196695575438297e-12,3.1222422848921504e-9,ENSG00000035862,Sp09
13,enrichment,Sp09D07,OLFML2B,7.1997464602804,6.14590817747001e-12,5.36669481925507e-9,ENSG00000162745,Sp09
14,enrichment,Sp09D07,OPRK1,7.18758580357988,6.62207683689569e-12,5.396992622069991e-9,ENSG00000082556,Sp09
15,enrichment,Sp09D07,SYNPR,7.05591891481896,1.47783493477788e-11,1.0627371810388e-8,ENSG00000163630,Sp09
12224,enrichment,Sp09D07,C14orf132,-7.05680890603121,1.46988506370365e-11,1.0627371810388e-8,ENSG00000227051,Sp09
16,enrichment,Sp09D07,SLC17A7,7.03074510756498,1.7211017951208597e-11,1.16891496918625e-8,ENSG00000104888,Sp09
17,enrichment,Sp09D07,HS3ST2,6.89554639793786,3.8778220002956396e-11,2.49507231334812e-8,ENSG00000122254,Sp09
18,enrichment,Sp09D07,NR4A2,6.88352807802585,4.1661020087495794e-11,2.54652985284818e-8,ENSG00000153234,Sp09
19,enrichment,Sp09D07,CTXN1,6.85293321753532,4.9985684333329795e-11,2.90988090940456e-8,ENSG00000178531,Sp09
20,enrichment,Sp09D07,MREG,6.82346059881687,5.954407054661e-11,3.30875573832867e-8,ENSG00000118242,Sp09
21,enrichment,Sp09D07,GALNT14,6.80028429070654,6.830366626650359e-11,3.63048834829568e-8,ENSG00000158089,Sp09
22,enrichment,Sp09D07,KRT17,6.7210094213633,1.08968668555505e-10,5.55059155454602e-8,ENSG00000128422,Sp09
23,enrichment,Sp09D07,B3GALT2,6.68804890861297,1.32182951815273e-10,6.36981328365555e-8,ENSG00000162630,Sp09
24,enrichment,Sp09D07,SNCA,6.68384575368478,1.35472511554229e-10,6.36981328365555e-8,ENSG00000145335,Sp09
25,enrichment,Sp09D07,STIM1,6.66025765303152,1.55481789296204e-10,7.0398699042448e-8,ENSG00000167323,Sp09
26,enrichment,Sp09D07,GNG2,6.42598595274786,5.99869291938578e-10,2.6190721764104e-7,ENSG00000186469,Sp09
27,enrichment,Sp09D07,PRKCB,6.38171633445304,7.71334828798767e-10,3.25157526967756e-7,ENSG00000166501,Sp09
28,enrichment,Sp09D07,ATP2B1,6.24211484976564,1.69090566834194e-9,6.89044059849339e-7,ENSG00000070961,Sp09
29,enrichment,Sp09D07,SV2B,6.19215327720363,2.23271745401045e-9,8.55754170706229e-7,ENSG00000185518,Sp09
30,enrichment,Sp09D07,MMD,6.1915653901049,2.2400109171860403e-9,8.55754170706229e-7,ENSG00000108960,Sp09
31,enrichment,Sp09D07,UBE2QL1,6.17320480139196,2.47992080401162e-9,8.97304340001733e-7,ENSG00000215218,Sp09
32,enrichment,Sp09D07,CPLX2,6.17206835496117,2.4955703525610604e-9,8.97304340001733e-7,ENSG00000145920,Sp09
33,enrichment,Sp09D07,SLC35F1,6.13692377553052,3.0302750700944e-9,1.05480671346726e-6,ENSG00000196376,Sp09
34,enrichment,Sp09D07,GNAO1,6.13243487487178,3.106179278922e-9,1.05480671346726e-6,ENSG00000087258,Sp09
35,enrichment,Sp09D07,DOC2A,6.11920453623989,3.3408875918254903e-9,1.10384731919099e-6,ENSG00000149927,Sp09
36,enrichment,Sp09D07,SLIT1,6.06506525152297,4.49584556449061e-9,1.43942311830996e-6,ENSG00000187122,Sp09
37,enrichment,Sp09D07,SSTR2,6.06119257926454,4.592024671909071e-9,1.43942311830996e-6,ENSG00000180616,Sp09
38,enrichment,Sp09D07,CCK,6.0389189572392,5.1855596469521806e-9,1.58483666709976e-6,ENSG00000187094,Sp09
39,enrichment,Sp09D07,SYT1,6.02715480632186,5.52869250748002e-9,1.64849429034008e-6,ENSG00000067715,Sp09
40,enrichment,Sp09D07,CLSTN2,6.02002521061059,5.747353493179e-9,1.6728903917646e-6,ENSG00000158258,Sp09
41,enrichment,Sp09D07,SYT4,5.96066324253991,7.92816917934207e-9,2.25399693528969e-6,ENSG00000132872,Sp09
42,enrichment,Sp09D07,PI4KA,5.89176286889859,1.14836941461595e-8,3.19064002129092e-6,ENSG00000241973,Sp09
43,enrichment,Sp09D07,ISLR2,5.87503728486505,1.25585465214333e-8,3.41173847165605e-6,ENSG00000167178,Sp09
44,enrichment,Sp09D07,SEMA3A,5.84514388341018,1.4729600414136e-8,3.91455141440897e-6,ENSG00000075213,Sp09
45,enrichment,Sp09D07,THY1,5.82561547365736,1.63415442876849e-8,4.25053997695634e-6,ENSG00000154096,Sp09
46,enrichment,Sp09D07,LY6H,5.80644920637573,1.80905887975833e-8,4.6074468343845e-6,ENSG00000176956,Sp09
47,enrichment,Sp09D07,ATP2B4,5.74195168686828,2.54261930458288e-8,6.34357571398484e-6,ENSG00000058668,Sp09
48,enrichment,Sp09D07,CADPS,5.73184978062312,2.68118179282307e-8,6.55548948345242e-6,ENSG00000163618,Sp09
49,enrichment,Sp09D07,NTNG2,5.69459655675624,3.25877516650201e-8,7.81147576676218e-6,ENSG00000196358,Sp09
12223,enrichment,Sp09D07,AP1S2,-5.69053078943175,3.32871893083511e-8,7.82569017874217e-6,ENSG00000182287,Sp09
50,enrichment,Sp09D07,PPP3CB,5.68573476477283,3.41310915375375e-8,7.87269045370557e-6,ENSG00000107758,Sp09
51,enrichment,Sp09D07,PTPRU,5.66869766750932,3.73010253864173e-8,8.44453769164724e-6,ENSG00000060656,Sp09
52,enrichment,Sp09D07,TBR1,5.65283680084029,4.05090815321196e-8,9.0040640314575e-6,ENSG00000136535,Sp09
53,enrichment,Sp09D07,CREG2,5.61282207348972,4.98452313044324e-8,1.08813920124408e-5,ENSG00000175874,Sp09
54,enrichment,Sp09D07,CIDEA,5.59035547717851,5.59743381441274e-8,1.18510124995137e-5,ENSG00000176194,Sp09
12222,enrichment,Sp09D07,RAMP1,-5.58948626172663,5.62256625743799e-8,1.18510124995137e-5,ENSG00000132329,Sp09
55,enrichment,Sp09D07,CX3CL1,5.54743698712786,6.97894700775448e-8,1.44606147745421e-5,ENSG00000006210,Sp09
56,enrichment,Sp09D07,STK32C,5.44895563551606,1.15226566963381e-7,2.34774130187888e-5,ENSG00000165752,Sp09
57,enrichment,Sp09D07,RXFP1,5.4357764263037,1.23161582624653e-7,2.45029815121785e-5,ENSG00000171509,Sp09
58,enrichment,Sp09D07,NNAT,5.43400365606637,1.24268699693666e-7,2.45029815121785e-5,ENSG00000053438,Sp09
59,enrichment,Sp09D07,PEX5L,5.37855801832374,1.64225530094203e-7,3.18675731016131e-5,ENSG00000114757,Sp09
60,enrichment,Sp09D07,RASGRP1,5.35321640845785,1.8641121105521e-7,3.56074539867178e-5,ENSG00000172575,Sp09
61,enrichment,Sp09D07,SEMA3E,5.34139221954471,1.97734676926843e-7,3.71893296220102e-5,ENSG00000170381,Sp09
62,enrichment,Sp09D07,FILIP1,5.28279526365349,2.64470083557852e-7,4.89870722953749e-5,ENSG00000118407,Sp09
63,enrichment,Sp09D07,TUBB2A,5.25361066187074,3.05413554266911e-7,5.57265776255669e-5,ENSG00000137267,Sp09
64,enrichment,Sp09D07,KLC1,5.24890851724586,3.12561668732365e-7,5.60210317906403e-5,ENSG00000126214,Sp09
65,enrichment,Sp09D07,SYN2,5.24656004947347,3.16192326671099e-7,5.60210317906403e-5,ENSG00000157152,Sp09
66,enrichment,Sp09D07,RAP1GAP2,5.22403835516894,3.53154793269785e-7,6.16759621103302e-5,ENSG00000132359,Sp09
67,enrichment,Sp09D07,DYNLL1,5.21780272872914,3.641089183595e-7,6.26934017879561e-5,ENSG00000088986,Sp09
68,enrichment,Sp09D07,NGEF,5.2055409377398,3.86619121574364e-7,6.52060279442488e-5,ENSG00000066248,Sp09
69,enrichment,Sp09D07,CPNE5,5.20409059987066,3.89369328419645e-7,6.52060279442488e-5,ENSG00000124772,Sp09
70,enrichment,Sp09D07,GRIK3,5.17109478503132,4.57322065213342e-7,7.55508411788257e-5,ENSG00000163873,Sp09
71,enrichment,Sp09D07,LDHA,5.1455037400412,5.17814104048998e-7,8.33356736192911e-5,ENSG00000134333,Sp09
72,enrichment,Sp09D07,FKBP1A,5.1453983351553,5.18078625363282e-7,8.33356736192911e-5,ENSG00000088832,Sp09
73,enrichment,Sp09D07,SPOCK1,5.11251430924317,6.07329594348567e-7,9.64234323494965e-5,ENSG00000152377,Sp09
74,enrichment,Sp09D07,ANXA1,5.08698683507463,6.86719798664973e-7,1.0763012229076e-4,ENSG00000135046,Sp09
75,enrichment,Sp09D07,UGP2,5.07825985532911,7.16099625535452e-7,1.10814150913556e-4,ENSG00000169764,Sp09
76,enrichment,Sp09D07,PDZRN4,5.06392944469054,7.67004417190712e-7,1.17207862501956e-4,ENSG00000165966,Sp09
77,enrichment,Sp09D07,NAPB,5.05690848064122,7.93206989286922e-7,1.19715499309045e-4,ENSG00000125814,Sp09
78,enrichment,Sp09D07,CCND2,5.02916493166183,9.05489923358704e-7,1.34995296500734e-4,ENSG00000118971,Sp09
79,enrichment,Sp09D07,ADGRB2,5.01931684929061,9.48932736704086e-7,1.39767502484427e-4,ENSG00000121753,Sp09
80,enrichment,Sp09D07,PRRT2,5.01547740303499,9.66410663891404e-7,1.40647266262767e-4,ENSG00000167371,Sp09
81,enrichment,Sp09D07,HS3ST4,5.00985312505434,9.92577285335051e-7,1.41204790327718e-4,ENSG00000182601,Sp09
82,enrichment,Sp09D07,TMSB10,5.00922864099197,9.95524613894077e-7,1.41204790327718e-4,ENSG00000034510,Sp09
83,enrichment,Sp09D07,CYP26A1,5.00610971787913,1.01037202126917e-6,1.41204790327718e-4,ENSG00000095596,Sp09
84,enrichment,Sp09D07,CELF4,5.00484707804194,1.01644348047764e-6,1.41204790327718e-4,ENSG00000101489,Sp09
85,enrichment,Sp09D07,CSGALNACT1,4.98956862002945,1.09276793886877e-6,1.48559137311243e-4,ENSG00000147408,Sp09
86,enrichment,Sp09D07,WASF1,4.98709868531031,1.10561636507861e-6,1.48559137311243e-4,ENSG00000112290,Sp09
87,enrichment,Sp09D07,SH3GL2,4.98705613643917,1.10583897712254e-6,1.48559137311243e-4,ENSG00000107295,Sp09
88,enrichment,Sp09D07,HLF,4.97358207348378,1.1785595369987e-6,1.56607503693577e-4,ENSG00000108924,Sp09
89,enrichment,Sp09D07,GNB4,4.95883356978913,1.26346117755937e-6,1.66084009630788e-4,ENSG00000114450,Sp09
90,enrichment,Sp09D07,FOXP2,4.95323557295302,1.29721134422933e-6,1.6870647535323e-4,ENSG00000128573,Sp09
12221,enrichment,Sp09D07,MAF,-4.94872180422005,1.32505821106846e-6,1.70514069792758e-4,ENSG00000178573,Sp09
91,enrichment,Sp09D07,SLC24A2,4.91944542479931,1.52022327573629e-6,1.93590932769543e-4,ENSG00000155886,Sp09
92,enrichment,Sp09D07,YWHAB,4.91643047666266,1.54183253509352e-6,1.94318584964107e-4,ENSG00000166913,Sp09
93,enrichment,Sp09D07,PPP3CA,4.9037050716488,1.63635726641188e-6,2.04127220223318e-4,ENSG00000138814,Sp09
94,enrichment,Sp09D07,BASP1,4.87160489674692,1.90035461024018e-6,2.34665001112992e-4,ENSG00000176788,Sp09
95,enrichment,Sp09D07,NUDT4,4.86911966828114,1.9224276962407e-6,2.35016785865425e-4,ENSG00000173598,Sp09
1,enrichment,Sp09D08,NEFM,12.6418303006099,5.09466095169019e-29,6.22822301344125e-25,ENSG00000104722,Sp09
2,enrichment,Sp09D08,NEFH,11.5720336920176,2.29129059371162e-25,1.40055137540623e-21,ENSG00000100285,Sp09
3,enrichment,Sp09D08,NEFL,10.9000513435105,4.0046461092402095e-23,1.6318932895153798e-19,ENSG00000277586,Sp09
4,enrichment,Sp09D08,SCN1B,10.4546961794046,1.1523660657375e-21,3.52191878841024e-18,ENSG00000105711,Sp09
5,enrichment,Sp09D08,LGALS1,9.4106667733587,2.3991730695768e-18,5.86597815511527e-15,ENSG00000100097,Sp09
6,enrichment,Sp09D08,GPX3,9.34833973590318,3.7418236267969895e-18,7.62396563959886e-15,ENSG00000211445,Sp09
7,enrichment,Sp09D08,RCAN2,9.19452786823632,1.1136358505353e-17,1.94488546754201e-14,ENSG00000172348,Sp09
8,enrichment,Sp09D08,SMPX,9.1496682858956,1.5281107438752602e-17,2.33514423048438e-14,ENSG00000091482,Sp09
9,enrichment,Sp09D08,SYT2,9.08686229662901,2.3766940966536702e-17,3.22834281462124e-14,ENSG00000143858,Sp09
10,enrichment,Sp09D08,VAMP1,8.82631966455312,1.46043483806548e-16,1.71063341230808e-13,ENSG00000139190,Sp09
11,enrichment,Sp09D08,NSG1,8.81872081972604,1.5392202482935699e-16,1.71063341230808e-13,ENSG00000168824,Sp09
12,enrichment,Sp09D08,ATP1B1,8.57010712211465,8.47398116930328e-16,8.63286831622771e-13,ENSG00000143153,Sp09
12225,enrichment,Sp09D08,PEA15,-8.00870764415896,3.60951788264994e-14,3.39433508579965e-11,ENSG00000162734,Sp09
13,enrichment,Sp09D08,ATP1A1,7.92685868006953,6.16161136465671e-14,5.3804070666377394e-11,ENSG00000163399,Sp09
14,enrichment,Sp09D08,MAP1B,7.8889774879537,7.88326005748372e-14,6.424856946849229e-11,ENSG00000131711,Sp09
12224,enrichment,Sp09D08,THRA,-7.67368842717423,3.15539865659372e-13,2.41092178605364e-10,ENSG00000126351,Sp09
15,enrichment,Sp09D08,TMX4,7.65138256046455,3.6382073664078697e-13,2.61629912084331e-10,ENSG00000125827,Sp09
16,enrichment,Sp09D08,ALDOC,7.59856927196952,5.09156530172097e-13,3.45802143408549e-10,ENSG00000109107,Sp09
17,enrichment,Sp09D08,ANXA6,7.48797202816357,1.02447705946885e-12,6.46962761665214e-10,ENSG00000197043,Sp09
18,enrichment,Sp09D08,HSPA8,7.48279068777128,1.05842578595536e-12,6.46962761665214e-10,ENSG00000109971,Sp09
19,enrichment,Sp09D08,LIMK1,7.46078966772664,1.21537725436613e-12,7.07523187363138e-10,ENSG00000106683,Sp09
20,enrichment,Sp09D08,PRDX2,7.44862285156322,1.31181505346239e-12,7.28951774026262e-10,ENSG00000167815,Sp09
21,enrichment,Sp09D08,EPDR1,7.40522032314364,1.7214490003642799e-12,9.14987566497972e-10,ENSG00000086289,Sp09
22,enrichment,Sp09D08,TUBB3,7.33571652264644,2.6545454484341e-12,1.35215908779612e-9,ENSG00000258947,Sp09
23,enrichment,Sp09D08,HSPA12A,7.32895605024578,2.7683835143744797e-12,1.3537395385291202e-9,ENSG00000165868,Sp09
24,enrichment,Sp09D08,MDH1,7.30781419413771,3.15636349225813e-12,1.4840978343406e-9,ENSG00000014641,Sp09
25,enrichment,Sp09D08,CAPNS1,7.28958420158897,3.5336132842728996e-12,1.5999415703791202e-9,ENSG00000126247,Sp09
12223,enrichment,Sp09D08,GFAP,-7.25595722066127,4.3497020683424295e-12,1.89911099233879e-9,ENSG00000131095,Sp09
26,enrichment,Sp09D08,PGK1,7.21871776860626,5.47122416406466e-12,2.3064039795065704e-9,ENSG00000102144,Sp09
27,enrichment,Sp09D08,GAP43,7.18547251415725,6.71038470483641e-12,2.68338544919838e-9,ENSG00000172020,Sp09
28,enrichment,Sp09D08,GAPDH,7.1832009822784,6.80449479960325e-12,2.68338544919838e-9,ENSG00000111640,Sp09
29,enrichment,Sp09D08,KCNA2,7.16701406614225,7.51383612464336e-12,2.86051475506909e-9,ENSG00000177301,Sp09
30,enrichment,Sp09D08,STMN2,7.16255688142667,7.72163492165889e-12,2.86051475506909e-9,ENSG00000104435,Sp09
31,enrichment,Sp09D08,LMO4,7.13199396746522,9.307225715812429e-12,3.34649512870021e-9,ENSG00000143013,Sp09
32,enrichment,Sp09D08,PKM,7.11860760425101,1.0098945179885399e-11,3.5274172806885403e-9,ENSG00000067225,Sp09
33,enrichment,Sp09D08,UCHL1,7.10870814209419,1.0726760305300798e-11,3.6426290203417303e-9,ENSG00000154277,Sp09
34,enrichment,Sp09D08,SNCG,7.10169417955186,1.11946952679252e-11,3.6987878283888104e-9,ENSG00000173267,Sp09
35,enrichment,Sp09D08,COL5A2,7.01630598028293,1.87850215739778e-11,6.036840323220621e-9,ENSG00000204262,Sp09
36,enrichment,Sp09D08,TPBG,7.01218146860767,1.9258631705979897e-11,6.036840323220621e-9,ENSG00000146242,Sp09
37,enrichment,Sp09D08,ATP5F1B,7.00229721645274,2.0441995535066297e-11,6.2475848854046305e-9,ENSG00000110955,Sp09
38,enrichment,Sp09D08,TUBA1B,6.99176298430421,2.1782008619713298e-11,6.35220780149694e-9,ENSG00000123416,Sp09
39,enrichment,Sp09D08,INA,6.991446814531,2.18235360051429e-11,6.35220780149694e-9,ENSG00000148798,Sp09
40,enrichment,Sp09D08,KLC2,6.91821570244245,3.38733997910175e-11,9.630286335934621e-9,ENSG00000174996,Sp09
41,enrichment,Sp09D08,ATP13A2,6.86842599290731,4.5595120082732295e-11,1.26681896138955e-8,ENSG00000159363,Sp09
42,enrichment,Sp09D08,PVALB,6.825806649077,5.87356365641097e-11,1.59565145999165e-8,ENSG00000100362,Sp09
43,enrichment,Sp09D08,GABRD,6.75675517484684,8.833416591728519e-11,2.29655210224519e-8,ENSG00000187730,Sp09
44,enrichment,Sp09D08,SV2C,6.75386822923103,8.98487708217489e-11,2.29655210224519e-8,ENSG00000122012,Sp09
12222,enrichment,Sp09D08,FAM107A,-6.75325951447921,9.017137088570089e-11,2.29655210224519e-8,ENSG00000168309,Sp09
45,enrichment,Sp09D08,MGST3,6.73047604660541,1.03100387859457e-10,2.57224947261605e-8,ENSG00000143198,Sp09
46,enrichment,Sp09D08,OXR1,6.69738610099321,1.25181745728579e-10,3.06069368306377e-8,ENSG00000164830,Sp09
47,enrichment,Sp09D08,GHITM,6.66692743750453,1.49579778693097e-10,3.58551528337866e-8,ENSG00000165678,Sp09
48,enrichment,Sp09D08,CLTC,6.66253450257783,1.53464020593052e-10,3.60788009951934e-8,ENSG00000141367,Sp09
49,enrichment,Sp09D08,GAL,6.65232492486549,1.62878268962607e-10,3.75695629824127e-8,ENSG00000069482,Sp09
50,enrichment,Sp09D08,EPB41L3,6.64203965714229,1.72935576170629e-10,3.91506929386284e-8,ENSG00000082397,Sp09
51,enrichment,Sp09D08,IGFBP2,6.61699774147032,2.00043886379791e-10,4.44643001998716e-8,ENSG00000115457,Sp09
52,enrichment,Sp09D08,SOD1,6.6020055047947,2.18227421307336e-10,4.7639825455039e-8,ENSG00000142168,Sp09
53,enrichment,Sp09D08,PRDX5,6.59172856682093,2.31620023986575e-10,4.96763998813312e-8,ENSG00000126432,Sp09
54,enrichment,Sp09D08,COX5A,6.58140799754051,2.45881116398368e-10,5.18258042753456e-8,ENSG00000178741,Sp09
55,enrichment,Sp09D08,SELENOH,6.56459315185261,2.70984010734626e-10,5.61488056140814e-8,ENSG00000211450,Sp09
56,enrichment,Sp09D08,ISCU,6.55414325299979,2.87835337516356e-10,5.86464500189576e-8,ENSG00000136003,Sp09
57,enrichment,Sp09D08,NSF,6.54633212262546,3.0109944517002003e-10,5.99613573692555e-8,ENSG00000073969,Sp09
58,enrichment,Sp09D08,VIPR2,6.54461288714112,3.04098499541418e-10,5.99613573692555e-8,ENSG00000106018,Sp09
59,enrichment,Sp09D08,PHLDA2,6.51413682160104,3.62398907147926e-10,6.97110179380473e-8,ENSG00000181649,Sp09
60,enrichment,Sp09D08,GABRA1,6.51122752401535,3.68507006744862e-10,6.97110179380473e-8,ENSG00000022355,Sp09
61,enrichment,Sp09D08,SCN1A,6.51021725476559,3.70651629118452e-10,6.97110179380473e-8,ENSG00000144285,Sp09
62,enrichment,Sp09D08,PIN1,6.50150000458506,3.8967306584475403e-10,7.21780792416987e-8,ENSG00000127445,Sp09
63,enrichment,Sp09D08,GNG3,6.48648980131719,4.24696024109366e-10,7.7491177533388e-8,ENSG00000162188,Sp09
64,enrichment,Sp09D08,TPI1,6.46083100477909,4.91853231905809e-10,8.84250847065957e-8,ENSG00000111669,Sp09
65,enrichment,Sp09D08,NTNG1,6.44989463284289,5.23549373939541e-10,9.27592912523316e-8,ENSG00000162631,Sp09
12221,enrichment,Sp09D08,HPCAL1,-6.4462465386318,5.34561732454079e-10,9.33573882750159e-8,ENSG00000115756,Sp09
66,enrichment,Sp09D08,DYNLT3,6.42006580755485,6.20543439074251e-10,1.06847092150461e-7,ENSG00000165169,Sp09
67,enrichment,Sp09D08,PNKD,6.3978695132847,7.03957087020849e-10,1.19526047067082e-7,ENSG00000127838,Sp09
68,enrichment,Sp09D08,MAP1LC3B,6.35790420033466,8.82751197714288e-10,1.47830594411742e-7,ENSG00000140941,Sp09
69,enrichment,Sp09D08,MET,6.3507354698936,9.19230105110708e-10,1.51859297769978e-7,ENSG00000105976,Sp09
70,enrichment,Sp09D08,HAPLN4,6.33706763412953,9.92922325551067e-10,1.61846339064824e-7,ENSG00000187664,Sp09
71,enrichment,Sp09D08,LYNX1,6.31570931775379,1.119825563146e-9,1.80086185945013e-7,ENSG00000180155,Sp09
72,enrichment,Sp09D08,RHEB,6.31342807935089,1.1342851793673601e-9,1.80086185945013e-7,ENSG00000106615,Sp09
73,enrichment,Sp09D08,GOT1,6.29426767665236,1.26318183215821e-9,1.97979460232488e-7,ENSG00000120053,Sp09
74,enrichment,Sp09D08,SH3GL2,6.27516195846492,1.40597466234318e-9,2.17570129710701e-7,ENSG00000107295,Sp09
75,enrichment,Sp09D08,SORL1,6.27244776030083,1.4275030084524802e-9,2.18140303479145e-7,ENSG00000137642,Sp09
76,enrichment,Sp09D08,HMOX2,6.2610144304855,1.52179146748856e-9,2.2967778629688501e-07,ENSG00000103415,Sp09
77,enrichment,Sp09D08,NME2,6.25757090329223,1.5513668627302102e-9,2.31286096303376e-7,ENSG00000243678,Sp09
78,enrichment,Sp09D08,DSTN,6.24964030962677,1.6216393388336302e-9,2.3884989056917e-7,ENSG00000125868,Sp09
79,enrichment,Sp09D08,UQCRH,6.24268289880576,1.6858503639297302e-9,2.45351436893345e-7,ENSG00000173660,Sp09
80,enrichment,Sp09D08,ATP6V1B2,6.23546986362384,1.7550501600467402e-9,2.52417508312605e-7,ENSG00000147416,Sp09
81,enrichment,Sp09D08,GPR6,6.18008136557368,2.38765970746757e-9,3.39408603765012e-7,ENSG00000146360,Sp09
82,enrichment,Sp09D08,TNNT2,6.17466320607534,2.46039270602447e-9,3.45727595760335e-7,ENSG00000118194,Sp09
83,enrichment,Sp09D08,YWHAH,6.17056890518644,2.51678949576528e-9,3.49633540746938e-7,ENSG00000128245,Sp09
84,enrichment,Sp09D08,CNTNAP2,6.16235051691996,2.63384098411611e-9,3.61783213829432e-7,ENSG00000174469,Sp09
85,enrichment,Sp09D08,MFGE8,6.14654565418049,2.8741189938818302e-9,3.90401163335616e-7,ENSG00000140545,Sp09
86,enrichment,Sp09D08,NAPA,6.13532628934694,3.0575801600785503e-9,4.10757334691871e-7,ENSG00000105402,Sp09
87,enrichment,Sp09D08,ATP5F1D,6.1199581234363,3.3276074199727704e-9,4.35221630744636e-7,ENSG00000099624,Sp09
88,enrichment,Sp09D08,ATP5F1A,6.11824558995452,3.3591060570687604e-9,4.35221630744636e-7,ENSG00000152234,Sp09
89,enrichment,Sp09D08,SULT4A1,6.11812877211326,3.36126529123933e-9,4.35221630744636e-7,ENSG00000130540,Sp09
90,enrichment,Sp09D08,CPLX1,6.11700585938514,3.3820903820646605e-9,4.35221630744636e-7,ENSG00000168993,Sp09
91,enrichment,Sp09D08,PFKM,6.1099264111534,3.51632176355636e-9,4.4778159957788e-7,ENSG00000152556,Sp09
92,enrichment,Sp09D08,NDUFV2,6.10724346299152,3.5685434704631104e-9,4.49746844602181e-7,ENSG00000178127,Sp09
93,enrichment,Sp09D08,ENO2,6.10382764585237,3.63612963781839e-9,4.53588620636019e-7,ENSG00000111674,Sp09
94,enrichment,Sp09D08,NRGN,6.0914302711427,3.8921175861682105e-9,4.75811374909064e-7,ENSG00000154146,Sp09
12220,enrichment,Sp09D08,APOE,-6.09304565396485,3.8577886361617e-9,4.75811374909064e-7,ENSG00000130203,Sp09
1,enrichment,Sp09D09,MBP,7.79352337767541,1.46070382900955e-13,1.0458447138489401e-9,ENSG00000197971,Sp09
2,enrichment,Sp09D09,NXPH4,7.76897598734593,1.71099339688989e-13,1.0458447138489401e-9,ENSG00000182379,Sp09
3,enrichment,Sp09D09,KRT17,7.42069658481362,1.5612986365301399e-12,6.36229194386032e-9,ENSG00000128422,Sp09
4,enrichment,Sp09D09,PLP1,7.29162754252125,3.4863832187133997e-12,1.06552587121928e-8,ENSG00000123560,Sp09
5,enrichment,Sp09D09,BCAS1,7.13893390981397,8.914459270212729e-12,1.80708707271545e-8,ENSG00000064787,Sp09
6,enrichment,Sp09D09,MOBP,7.1349475681481,9.13408744620742e-12,1.80708707271545e-8,ENSG00000168314,Sp09
7,enrichment,Sp09D09,MTURN,7.11449839435901,1.0347328841724498e-11,1.80708707271545e-8,ENSG00000180354,Sp09
8,enrichment,Sp09D09,PAQR6,7.00676283262079,1.98847259072691e-11,3.03863467770456e-8,ENSG00000160781,Sp09
9,enrichment,Sp09D09,NPY,6.77851322820505,7.765003464522059e-11,1.014772327353e-7,ENSG00000122585,Sp09
10,enrichment,Sp09D09,CLDND1,6.76720292779258,8.300796133766849e-11,1.014772327353e-7,ENSG00000080822,Sp09
11,enrichment,Sp09D09,ERMN,6.68326030741567,1.35886192580083e-10,1.5101897311741e-7,ENSG00000136541,Sp09
12,enrichment,Sp09D09,CNP,6.62816295722113,1.87368557923864e-10,1.81371281090974e-7,ENSG00000173786,Sp09
13,enrichment,Sp09D09,AQP1,6.62318531681924,1.92869255965862e-10,1.81371281090974e-7,ENSG00000240583,Sp09
14,enrichment,Sp09D09,CCN2,6.50814958264421,3.74875358667258e-10,3.27346518550517e-7,ENSG00000118523,Sp09
15,enrichment,Sp09D09,OPALIN,6.48502593844563,4.28042754647599e-10,3.48854845037793e-7,ENSG00000197430,Sp09
16,enrichment,Sp09D09,TF,6.44842341617413,5.276857188357751e-10,4.0318486954796e-7,ENSG00000091513,Sp09
17,enrichment,Sp09D09,LPAR1,6.4278615933872,5.93304319659964e-10,4.26655606343709e-7,ENSG00000198121,Sp09
18,enrichment,Sp09D09,SEMA3E,6.4018292299164,6.87957567616234e-10,4.67237848006025e-7,ENSG00000170381,Sp09
19,enrichment,Sp09D09,SHTN1,6.34111527935803,9.70034193616328e-10,6.24140421945243e-7,ENSG00000187164,Sp09
20,enrichment,Sp09D09,MAG,6.32211653290643,1.0796435491690901e-9,6.57193037045629e-7,ENSG00000105695,Sp09
21,enrichment,Sp09D09,SOX2-OT,6.31418426952797,1.12892055443421e-9,6.57193037045629e-7,ENSG00000242808,Sp09
22,enrichment,Sp09D09,TP53INP2,6.22525019977376,1.8570196329129201e-9,1.03191204601639e-6,ENSG00000078804,Sp09
23,enrichment,Sp09D09,PTP4A2,6.18542992307796,2.31687659507033e-9,1.23147027716238e-6,ENSG00000184007,Sp09
24,enrichment,Sp09D09,DBNDD2,6.16913941558215,2.5356365839300904e-9,1.29158988493939e-6,ENSG00000244274,Sp09
25,enrichment,Sp09D09,TMEM144,6.14925236447516,2.8302405898757e-9,1.34863492353346e-6,ENSG00000164124,Sp09
26,enrichment,Sp09D09,MAL,6.14130438990863,2.95713443965571e-9,1.34863492353346e-6,ENSG00000172005,Sp09
27,enrichment,Sp09D09,MOG,6.13440403377455,3.0718076506641702e-9,1.34863492353346e-6,ENSG00000204655,Sp09
28,enrichment,Sp09D09,NKX6-2,6.12900164721125,3.16461524634685e-9,1.34863492353346e-6,ENSG00000148826,Sp09
29,enrichment,Sp09D09,HIPK2,6.12702714123008,3.1992157695272204e-9,1.34863492353346e-6,ENSG00000064393,Sp09
30,enrichment,Sp09D09,ENPP2,6.11985658156533,3.3280129527497805e-9,1.35616527824553e-6,ENSG00000136960,Sp09
31,enrichment,Sp09D09,CLDN11,6.0680660368155,4.421504128091641e-9,1.74364154728775e-6,ENSG00000013297,Sp09
32,enrichment,Sp09D09,DIRAS2,6.06208165593833,4.568558714541021e-9,1.7453321964145e-6,ENSG00000165023,Sp09
33,enrichment,Sp09D09,SPP1,6.04906593350527,4.90511349347941e-9,1.76402646535439e-6,ENSG00000118785,Sp09
34,enrichment,Sp09D09,PPP1R14A,6.04720200904766,4.955254182873021e-9,1.76402646535439e-6,ENSG00000167641,Sp09
35,enrichment,Sp09D09,HSPA2,6.04371589017094,5.0503825183970205e-9,1.76402646535439e-6,ENSG00000126803,Sp09
36,enrichment,Sp09D09,FA2H,6.0317339738145,5.3911652515495e-9,1.83074986667202e-6,ENSG00000103089,Sp09
37,enrichment,Sp09D09,MYRF,5.9829623696377,7.025859926122471e-9,2.32138209721209e-6,ENSG00000124920,Sp09
38,enrichment,Sp09D09,TLE4,5.96322240579287,7.81739625355898e-9,2.51493866315154e-6,ENSG00000106829,Sp09
39,enrichment,Sp09D09,PMP22,5.91860126587838,9.94163592119739e-9,3.11632049068303e-6,ENSG00000109099,Sp09
40,enrichment,Sp09D09,PHLDB1,5.90457167034306,1.07192707731546e-8,3.27607713004537e-6,ENSG00000019144,Sp09
41,enrichment,Sp09D09,AC008505.1,5.8719153503512604,1.27667716866345e-8,3.74029248340759e-6,ENSG00000283462,Sp09
42,enrichment,Sp09D09,FAM107B,5.87069765810942,1.28500846055721e-8,3.74029248340759e-6,ENSG00000065809,Sp09
43,enrichment,Sp09D09,KLK6,5.84703013054094,1.45790025665846e-8,4.14484433433712e-6,ENSG00000167755,Sp09
44,enrichment,Sp09D09,RNASE1,5.82781546088262,1.61479630152767e-8,4.42035783946187e-6,ENSG00000129538,Sp09
45,enrichment,Sp09D09,TTYH2,5.82638374968235,1.62712558507799e-8,4.42035783946187e-6,ENSG00000141540,Sp09
46,enrichment,Sp09D09,GALNT6,5.81773967302394,1.70354153387003e-8,4.52734679381764e-6,ENSG00000139629,Sp09
47,enrichment,Sp09D09,ANLN,5.80385885197637,1.83364200281305e-8,4.73429860381076e-6,ENSG00000011426,Sp09
48,enrichment,Sp09D09,SLCO1A2,5.80127933903756,1.85886570947171e-8,4.73429860381076e-6,ENSG00000084453,Sp09
49,enrichment,Sp09D09,AC092958.1,5.77312001910923,2.15723020079145e-8,5.30576915334732e-6,ENSG00000239922,Sp09
50,enrichment,Sp09D09,WIPF1,5.76979676550082,2.19538655361739e-8,5.30576915334732e-6,ENSG00000115935,Sp09
51,enrichment,Sp09D09,PLAAT3,5.7682431584289,2.2134497081449e-8,5.30576915334732e-6,ENSG00000176485,Sp09
52,enrichment,Sp09D09,HS3ST4,5.75684042985532,2.35053760875544e-8,5.51732020469494e-6,ENSG00000182601,Sp09
53,enrichment,Sp09D09,FILIP1,5.75352195238777,2.39196704170824e-8,5.51732020469494e-6,ENSG00000118407,Sp09
54,enrichment,Sp09D09,CA14,5.74873477369714,2.45299062897233e-8,5.55329822947903e-6,ENSG00000118298,Sp09
55,enrichment,Sp09D09,DAPK2,5.74046499116323,2.56200626978651e-8,5.55373645485604e-6,ENSG00000035664,Sp09
56,enrichment,Sp09D09,RASSF2,5.73951995390811,2.57476116860011e-8,5.55373645485604e-6,ENSG00000101265,Sp09
57,enrichment,Sp09D09,OLIG1,5.73843563866182,2.58947221208012e-8,5.55373645485604e-6,ENSG00000184221,Sp09
58,enrichment,Sp09D09,SCD,5.7349648862755,2.63711394345287e-8,5.55839964805368e-6,ENSG00000099194,Sp09
59,enrichment,Sp09D09,AC016597.1,5.7174475677499,2.89092606592868e-8,5.99009680609798e-6,ENSG00000261329,Sp09
60,enrichment,Sp09D09,CARNS1,5.70778284364464,3.04100515910983e-8,6.19604801168627e-6,ENSG00000172508,Sp09
61,enrichment,Sp09D09,GJB1,5.69329852323655,3.28025496301e-8,6.50057354339539e-6,ENSG00000169562,Sp09
62,enrichment,Sp09D09,PAIP2B,5.68427994085775,3.43839560281448e-8,6.50057354339539e-6,ENSG00000124374,Sp09
63,enrichment,Sp09D09,SEPTIN4,5.68358463451211,3.45089193590467e-8,6.50057354339539e-6,ENSG00000108387,Sp09
64,enrichment,Sp09D09,FGF1,5.68096189466486,3.49842882692716e-8,6.50057354339539e-6,ENSG00000113578,Sp09
65,enrichment,Sp09D09,PLEKHB1,5.68060801134316,3.50489162902439e-8,6.50057354339539e-6,ENSG00000021300,Sp09
66,enrichment,Sp09D09,PLLP,5.68035539856181,3.50951209704782e-8,6.50057354339539e-6,ENSG00000102934,Sp09
67,enrichment,Sp09D09,FOLH1,5.66473690569778,3.80702190315327e-8,6.85108165777742e-6,ENSG00000086205,Sp09
68,enrichment,Sp09D09,LHPP,5.66454497918668,3.81082660718907e-8,6.85108165777742e-6,ENSG00000107902,Sp09
69,enrichment,Sp09D09,EVI2A,5.65863592201829,3.92979799296076e-8,6.96257687883265e-6,ENSG00000126860,Sp09
70,enrichment,Sp09D09,AL359091.1,5.60952018706964,5.06930062968421e-8,8.79838843471955e-6,ENSG00000207955,Sp09
71,enrichment,Sp09D09,ICOSLG,5.6079762275129,5.109902485604e-8,8.79838843471955e-6,ENSG00000160223,Sp09
72,enrichment,Sp09D09,CCNE2,5.58940280800373,5.62387284689222e-8,9.54886743795241e-6,ENSG00000175305,Sp09
73,enrichment,Sp09D09,CNTN2,5.58242497702003,5.8297043115178e-8,9.76275824771303e-6,ENSG00000184144,Sp09
74,enrichment,Sp09D09,C1orf198,5.57805511753662,5.96232463781629e-8,9.84992144558164e-6,ENSG00000119280,Sp09
75,enrichment,Sp09D09,DNAH17,5.55975283225143,6.5504378506093e-8,1.06772136964932e-5,ENSG00000187775,Sp09
76,enrichment,Sp09D09,TMEM235,5.55431982726086,6.73564135789249e-8,1.083463363161e-5,ENSG00000204278,Sp09
77,enrichment,Sp09D09,CTNNA3,5.53787181549307,7.32797025728393e-8,1.1620513469478e-5,ENSG00000183230,Sp09
78,enrichment,Sp09D09,KIF1C,5.53558300697223,7.41431534248904e-8,1.1620513469478e-5,ENSG00000129250,Sp09
79,enrichment,Sp09D09,CDC42EP1,5.53014678016762,7.6233873019785e-8,1.16498590095645e-5,ENSG00000128283,Sp09
80,enrichment,Sp09D09,NINJ2,5.52877738140522,7.67695176828642e-8,1.16498590095645e-5,ENSG00000171840,Sp09
81,enrichment,Sp09D09,LIPE,5.52771080500074,7.71892498793229e-8,1.16498590095645e-5,ENSG00000079435,Sp09
82,enrichment,Sp09D09,CNDP1,5.52140969525923,7.9714923868809e-8,1.18799933375428e-5,ENSG00000150656,Sp09
83,enrichment,Sp09D09,TYMS,5.51910753902697,8.06576234777957e-8,1.18799933375428e-5,ENSG00000176890,Sp09
12225,enrichment,Sp09D09,AP1S2,-5.50948243488474,8.47179052466532e-8,1.23294808528611e-5,ENSG00000182287,Sp09
84,enrichment,Sp09D09,GJC2,5.49910014012497,8.93207009968544e-8,1.28464184669005e-5,ENSG00000198835,Sp09
85,enrichment,Sp09D09,LINC00844,5.49224378239491,9.24928713328415e-8,1.31479692098138e-5,ENSG00000237949,Sp09
86,enrichment,Sp09D09,GPR37,5.48643258633854,9.52671323786218e-8,1.31534793372606e-5,ENSG00000170775,Sp09
87,enrichment,Sp09D09,PRR18,5.48606701447481,9.5444338580858e-8,1.31534793372606e-5,ENSG00000176381,Sp09
88,enrichment,Sp09D09,PLEKHH1,5.48541851207435,9.57594814737169e-8,1.31534793372606e-5,ENSG00000054690,Sp09
89,enrichment,Sp09D09,PACC1,5.43682459114393,1.22489588209513e-7,1.66381690651255e-5,ENSG00000065600,Sp09
90,enrichment,Sp09D09,COL4A5,5.42452832734388,1.30329197619095e-7,1.75085103394884e-5,ENSG00000188153,Sp09
91,enrichment,Sp09D09,NPTX1,5.41614136091183,1.35954171144822e-7,1.80656493722331e-5,ENSG00000171246,Sp09
92,enrichment,Sp09D09,RNF130,5.40563659471548,1.43333381007613e-7,1.88414041163233e-5,ENSG00000113269,Sp09
93,enrichment,Sp09D09,NDRG1,5.39861897253821,1.48478524170324e-7,1.93101059359809e-5,ENSG00000104419,Sp09
94,enrichment,Sp09D09,ELOVL1,5.38389927808763,1.59860789963826e-7,2.05715595506082e-5,ENSG00000066322,Sp09
95,enrichment,Sp09D09,TUBA1A,5.36109822437951,1.7918551991335e-7,2.28181560514657e-5,ENSG00000167552,Sp09
96,enrichment,Sp09D09,TMEM63A,5.33731241932571,2.01760911590355e-7,2.54281148885782e-5,ENSG00000196187,Sp09
12224,enrichment,Sp09D09,LAMB1,-5.32948559774726,2.09776638463878e-7,2.6168565359397e-5,ENSG00000091136,Sp09
97,enrichment,Sp09D09,SUN2,5.31807651065734,2.22017971121478e-7,2.74158555248492e-5,ENSG00000100242,Sp09
98,enrichment,Sp09D09,B3GALT2,5.31280423125617,2.27906694625545e-7,2.78615934179729e-5,ENSG00000162630,Sp09
