screen_id	analysis	status	message	run_signature
ptn_vasc_neuropil	slide_rin	complete		d7fb6893ce5cf7afaa6a2d627eb7359ca2bfb80766e0ec811c96cb589953be8b
ptn_vasc_neuropil	matched_logcounts	complete		d7fb6893ce5cf7afaa6a2d627eb7359ca2bfb80766e0ec811c96cb589953be8b
ptn_vasc_neuropil	fixed_weights	complete		d7fb6893ce5cf7afaa6a2d627eb7359ca2bfb80766e0ec811c96cb589953be8b
ptn_vasc_neun	slide_rin	complete		d7fb6893ce5cf7afaa6a2d627eb7359ca2bfb80766e0ec811c96cb589953be8b
ptn_vasc_neun	matched_logcounts	complete		d7fb6893ce5cf7afaa6a2d627eb7359ca2bfb80766e0ec811c96cb589953be8b
ptn_vasc_neun	fixed_weights	complete		d7fb6893ce5cf7afaa6a2d627eb7359ca2bfb80766e0ec811c96cb589953be8b
ptn_vasc_neun	without_spd07	complete		d7fb6893ce5cf7afaa6a2d627eb7359ca2bfb80766e0ec811c96cb589953be8b
fgf1_neuropil_vasc	slide_rin	complete		d7fb6893ce5cf7afaa6a2d627eb7359ca2bfb80766e0ec811c96cb589953be8b
fgf1_neuropil_vasc	matched_logcounts	complete		d7fb6893ce5cf7afaa6a2d627eb7359ca2bfb80766e0ec811c96cb589953be8b
fgf1_neuropil_vasc	fixed_weights	complete		d7fb6893ce5cf7afaa6a2d627eb7359ca2bfb80766e0ec811c96cb589953be8b
fgf2_neuropil_vasc	slide_rin	complete		d7fb6893ce5cf7afaa6a2d627eb7359ca2bfb80766e0ec811c96cb589953be8b
fgf2_neuropil_vasc	matched_logcounts	complete		d7fb6893ce5cf7afaa6a2d627eb7359ca2bfb80766e0ec811c96cb589953be8b
fgf2_neuropil_vasc	fixed_weights	complete		d7fb6893ce5cf7afaa6a2d627eb7359ca2bfb80766e0ec811c96cb589953be8b
fgf1_neun_vasc	slide_rin	complete		d7fb6893ce5cf7afaa6a2d627eb7359ca2bfb80766e0ec811c96cb589953be8b
fgf1_neun_vasc	matched_logcounts	complete		d7fb6893ce5cf7afaa6a2d627eb7359ca2bfb80766e0ec811c96cb589953be8b
fgf1_neun_vasc	fixed_weights	complete		d7fb6893ce5cf7afaa6a2d627eb7359ca2bfb80766e0ec811c96cb589953be8b
fgf1_neun_vasc	without_spd07	complete		d7fb6893ce5cf7afaa6a2d627eb7359ca2bfb80766e0ec811c96cb589953be8b
